id_cnpj,cd_cnae_prin,uf,sacado_indice_liquidez_1m,cedente_indice_liquidez_1m,score_materialidade_evolucao,media_atraso_dias,indicador_liquidez_quantitativo_3m,share_vl_inad_pag_bol_6_a_15d,score_quantidade_v2,score_materialidade_v2,qtd_boletos,valor_total,valor_recebido,atraso_medio,taxa_atraso,taxa_inadimplencia,perda_total,prazo_medio_pagamento,score_risco,classificacao_risco
c137becbf8aeb57d1cb29eafa0506837ae986c18e10ba4ea5c0b83a88f2f3926,4645101.0,PE,0.4481909969747601,0.6774862978218025,776.0,129.7869318181818,0.92,0.03242,979.0,989.0,0.0,0.0,0.0,0.0,0.0,0.0,0.0,0.0,1.0,Baixo Risco
b1bb807c40ce30f95cc5259ad2eec9b9b9296e5b65a7fa242619b31bdc49c43a,1052000.0,CE,0.76887140150662,0.8530041727895563,220.0,90.20366598778004,0.77,0.13992,938.0,989.0,0.0,0.0,0.0,0.0,0.0,0.0,0.0,0.0,1.0,Baixo Risco
4733136b86db508a2c0dcdfd849bbdd1452f30d4cb3ca0fff8793b077d6fd573,4781400.0,MS,0.7989474865374844,0.8530041727895563,572.0,165.5,0.96,0.0,947.0,988.0,0.0,0.0,0.0,0.0,0.0,0.0,0.0,0.0,1.0,Baixo Risco
982036e318d814e915ae8c0d187cb125a6e8c5fa4b20f5a93f7f2a9daa8ce927,4693100.0,PB,0.3303657706599892,0.7516913702244389,431.0,138.0,0.87,0.34612,28.0,881.0,1.0,202.58,0.0,62.0,1.0,0.0,202.58,88.0,1.0,Baixo Risco
d63a468b6d43dee9a4c5aa7f8e9dab9a4b5584b5505a00350713377a02a794f1,2539001.0,SP,0.5266692378531128,0.8530041727895563,173.0,84.61904761904762,0.39,0.15071,74.0,949.0,1.0,520.56,520.56,0.0,0.0,0.0,0.0,30.0,1.0,Baixo Risco
821f1d7a40216f34171d007c54543f43bb5103d0eb09796f284c68aa0d6a31de,1314600.0,SC,0.8630369099042638,0.9723485370688636,894.0,164.8181818181818,0.82,0.13674,979.0,988.0,0.0,0.0,0.0,0.0,0.0,0.0,0.0,0.0,1.0,Baixo Risco
a5034ebfc4262f9d24edb33f16dd24272a11334d51d2cea142cfba900627211c,4781400.0,BA,0.9711599775009012,0.8530041727895563,877.0,164.16666666666666,0.98,0.16569,970.0,988.0,0.0,0.0,0.0,0.0,0.0,0.0,0.0,0.0,1.0,Baixo Risco
8368e7aa6c35068d714a8059853b56aefe7eaacbedce3f613eb7768b34b087db,2222600.0,Sem Info,0.8923090378906828,0.2901638943293966,777.0,131.03846153846155,0.87,0.23912,979.0,988.0,1.0,775.0,813.69,4.0,1.0,0.0,-38.690000000000055,18.0,1.0,Baixo Risco
998d9d40c035e2068d6ef95f1837f679eb28748d66dc182b1112cf4cb2c190fc,4646001.0,PB,0.983372210300423,0.8530041727895563,915.0,166.0,0.96,0.0,969.0,989.0,0.0,0.0,0.0,0.0,0.0,0.0,0.0,0.0,1.0,Baixo Risco
30fc6c6e578465afbdd8adc42d936364e35a287a3b173f91f49509aa949c513f,1066000.0,SP,0.1927052482619485,1.0,331.0,138.07407407407408,0.5,0.06222,277.0,862.0,1.0,474.06,474.06,0.0,0.0,0.0,0.0,20.0,1.0,Baixo Risco
4d0dafaca69a980bd3c4aec69f062c49e85851f911d14b2753978708e6f09b4e,4771701.0,PR,0.9324204105410604,0.7523809523809524,951.0,235.96666666666667,0.98,0.0395,983.0,989.0,0.0,0.0,0.0,0.0,0.0,0.0,0.0,0.0,1.0,Baixo Risco
e06c13943cc36094d2b5ac273125a1d59818716a9382b8388844fdf64ce46f95,1099699.0,GO,0.8967506015635441,0.924533200535846,947.0,166.27586206896552,0.95,0.13687,983.0,989.0,0.0,0.0,0.0,0.0,0.0,0.0,0.0,0.0,1.0,Baixo Risco
50628476227a0a824a15034de553ab56706a7cd284b5655de7a4532357fab7dd,4712100.0,SP,0.9032955006460096,0.5533764984884421,886.0,154.13194444444446,0.96,0.06289,979.0,989.0,0.0,0.0,0.0,0.0,0.0,0.0,0.0,0.0,1.0,Baixo Risco
2e8d17ae93017dead49a92c84433f2377882df47cd695e6b9f34d355151553ea,6437900.0,Sem Info,0.8893543851824851,0.6174962535281407,861.0,226.05,0.91,0.0,969.0,984.0,3.0,685609.03,685609.03,0.0,0.0,0.0,0.0,149.66666666666666,1.0,Baixo Risco
e4b59bae80cf013d940f521580e077574a5d9aa8ff61d02f0a355a4f67cc776f,1011201.0,PA,0.8670010477201944,0.7127591026968003,936.0,196.62295081967213,0.93,0.04556,979.0,987.0,2.0,220554.8,220554.8,0.0,0.0,0.0,0.0,31.0,1.0,Baixo Risco
cedef8508b41742d1d9e637417dfdd164d0e01003ef248aabdcf01fdadfa5f6e,4781400.0,SC,0.9771618790967872,0.7713725110621351,959.0,58.0,0.98,0.15315,973.0,988.0,0.0,0.0,0.0,0.0,0.0,0.0,0.0,0.0,1.0,Baixo Risco
21dff853e547f2780248a1d3dcdd625e4f8f47f49474ad4abb11517688241479,4771701.0,PR,0.9482491104828326,0.8530041727895563,942.0,176.95238095238096,0.92,0.0668,981.0,987.0,0.0,0.0,0.0,0.0,0.0,0.0,0.0,0.0,1.0,Baixo Risco
b0bf5b333f0638a2fa60313a27cb544a408d783cdd28ada82ff2d95557e1c773,4771701.0,PR,0.9917979227363032,0.8530041727895563,951.0,256.2621359223301,0.99,0.01729,983.0,988.0,0.0,0.0,0.0,0.0,0.0,0.0,0.0,0.0,1.0,Baixo Risco
043b826aad24628fde2e145a11ae9bee12155e75b8d3b58ddbc0c3343a2a150d,4511101.0,SP,0.7474290644131373,0.9981322368899148,948.0,195.0952380952381,0.91,0.00315,981.0,985.0,0.0,0.0,0.0,0.0,0.0,0.0,0.0,0.0,1.0,Baixo Risco
93bba616aec5c3b15191607c231c2893341bb7b9b6252f33b56ee694ba8909c1,4761003.0,RS,0.9979200259486078,1.0,959.0,128.16666666666666,0.94,0.12413,965.0,989.0,0.0,0.0,0.0,0.0,0.0,0.0,0.0,0.0,1.0,Baixo Risco
58ad479c00361c94b1120d8544cfed5218ca98f2fb5acc52b8a78cdcc2bf1e0b,4782201.0,SP,0.1447444608458182,0.8530041727895563,133.0,53.58252427184466,0.75,0.30243,73.0,877.0,0.0,0.0,0.0,0.0,0.0,0.0,0.0,0.0,1.0,Baixo Risco
4d1e0e6bed46a63ac17c97ef153512dddf1b601475604524eab9a2cc5b581a91,1095300.0,RJ,0.9357594434160064,0.8690092480372663,857.0,177.57142857142858,0.91,0.07693,964.0,989.0,0.0,0.0,0.0,0.0,0.0,0.0,0.0,0.0,1.0,Baixo Risco
7c490978d75d9f3cd1ef4c3837d918a2e6d08d831feefa5a5d06748c735f4e8d,4713002.0,Sem Info,0.9380040597248912,0.8530041727895563,843.0,48.0,0.93,0.0,844.0,974.0,0.0,0.0,0.0,0.0,0.0,0.0,0.0,0.0,1.0,Baixo Risco
63e670ef5ec4071adcd6df2979de0214e12f2fcb6f085977f682918ace704f39,1313800.0,PR,0.785093166180128,0.6591664929008307,770.0,169.3272727272727,0.88,0.01536,948.0,982.0,2.0,6543.48,4808.88,13.0,1.0,0.0,1734.6,45.5,1.0,Baixo Risco
e3c8b56d8a83a41614fcd8b653051b4af28ad27b21fc626ff228c99815d94e72,4930202.0,RJ,0.5503332343358835,0.2650900952960722,169.0,88.60629921259843,0.59,0.2138,51.0,913.0,1.0,78000.0,78000.0,0.0,0.0,0.0,0.0,17.0,1.0,Baixo Risco
c479853786b1c4a3324d1a682b7311662c4e0a7e55886bf662ca1fcdeb574614,2610800.0,SP,0.8930731240515386,0.7751469172449356,788.0,180.06666666666666,0.72,0.0,973.0,989.0,1.0,1149.68,1149.68,0.0,0.0,0.0,0.0,98.0,1.0,Baixo Risco
333801b4183b8a249cf62ff3d8d2d6ff159c0f97151cb4df0b538930355cfc4f,4771701.0,PR,0.9608815099081928,0.8530041727895563,929.0,197.8421052631579,0.97,0.10038,979.0,989.0,0.0,0.0,0.0,0.0,0.0,0.0,0.0,0.0,1.0,Baixo Risco
b64a76c903c4669411ba7fc2e66a29f47b76cb0741254d070e82448664c3e848,2222600.0,SC,0.4890797115466307,0.9781942683255724,787.0,193.33333333333331,0.91,0.68132,957.0,945.0,1.0,8404.98,8404.98,2.0,1.0,0.0,0.0,62.0,1.0,Baixo Risco
10c1e2787c1bbaa72cc3e778911fd42074c679a1cd846fa98295816747309362,4744099.0,MT,0.7412722535355576,0.8530041727895563,952.0,228.08333333333331,0.97,0.55231,982.0,989.0,0.0,0.0,0.0,0.0,0.0,0.0,0.0,0.0,1.0,Baixo Risco
addbd3486c121294553296d0842316df9b35d8376083badd33e13c9bcdc4ab16,4632001.0,SP,0.2227570367834873,0.7638487299458712,728.0,74.775,0.9,0.2623,230.0,930.0,1.0,621.0,621.0,0.0,0.0,0.0,0.0,7.0,1.0,Baixo Risco
2bd209b581c1c82f456ea10d292dac692edad2e6d632b643191c310d38ed09c1,2949299.0,SC,0.7399036707176011,0.9515152109947314,353.0,179.18960244648318,0.75,0.04838,925.0,988.0,1.0,1346.1,1346.1,0.0,0.0,0.0,0.0,37.0,1.0,Baixo Risco
486fde6fa2d6f06d016daeff89e2f22dc2bfd5aa889c536a334cf0fb4fc02b33,2342701.0,SP,0.9940814247356136,0.9417591785298144,952.0,221.7,0.97,0.05924,980.0,988.0,0.0,0.0,0.0,0.0,0.0,0.0,0.0,0.0,1.0,Baixo Risco
e9ef22a806d9f413a6079220141770df48ab95686eff358e3536a97cdfddccaf,4771701.0,PR,0.9812097732190816,0.8530041727895563,953.0,271.84615384615387,0.99,0.0,984.0,988.0,0.0,0.0,0.0,0.0,0.0,0.0,0.0,0.0,1.0,Baixo Risco
557f79c72b683776da4fc0e89237287df0cc680d92fb63cb717265a9c749a62d,4771701.0,PR,0.6545833085362318,0.8530041727895563,517.0,94.96,0.9,0.10514,217.0,972.0,0.0,0.0,0.0,0.0,0.0,0.0,0.0,0.0,1.0,Baixo Risco
8e012ecaf6af63693df0f5ec577307b0b7925f7d5f0f151da3fcb9ee8edef915,4644301.0,BA,0.7961311264514805,0.8530041727895563,847.0,136.7156862745098,0.96,0.16094,983.0,987.0,0.0,0.0,0.0,0.0,0.0,0.0,0.0,0.0,1.0,Baixo Risco
29717095c354fdcdf4a0ad1df8cc7bc37085904fa1660f1ea94eef775d75861e,1412603.0,SP,0.8697007880376022,0.8530041727895563,881.0,192.19230769230768,0.93,0.16507,971.0,988.0,0.0,0.0,0.0,0.0,0.0,0.0,0.0,0.0,1.0,Baixo Risco
e75b3585eacfbf6bb7b42504a6e91a875c2f7eec1a1ba35a7778167e738670c7,4781400.0,BA,0.939367447122053,0.8530041727895563,931.0,287.0,0.97,0.0,973.0,988.0,0.0,0.0,0.0,0.0,0.0,0.0,0.0,0.0,1.0,Baixo Risco
4f9570c991d16d0fe0dceab00ec86008f0d096249ef0790658464c0e69bc4931,4781400.0,SP,0.9841293439083793,0.8530041727895563,963.0,264.77777777777777,0.96,0.0,984.0,988.0,0.0,0.0,0.0,0.0,0.0,0.0,0.0,0.0,1.0,Baixo Risco
190fa3e7593a8f23241d95bdf430787ec0537c74fd8768d151977e433eba13cd,5510801.0,CE,0.5200421091477554,0.05,939.0,142.30769230769232,0.93,0.01557,974.0,989.0,0.0,0.0,0.0,0.0,0.0,0.0,0.0,0.0,1.0,Baixo Risco
68e2b7ecc0b7a98bf05c12fee5e916923c20f6c777036f289eccfe3cd1c79e12,2532201.0,SP,0.7535524608854639,0.8530041727895563,771.0,134.07692307692307,0.88,0.05861,964.0,982.0,0.0,0.0,0.0,0.0,0.0,0.0,0.0,0.0,1.0,Baixo Risco
33af30d761e617e28b4e23326de4c0075d0a6a25ca4e1be8eaf2a676c1d0e891,4644301.0,SC,0.9705878012943722,0.8530041727895563,960.0,217.8275862068965,0.97,0.07443,978.0,989.0,0.0,0.0,0.0,0.0,0.0,0.0,0.0,0.0,1.0,Baixo Risco
f6af555951fa77d30a487197f28fe725b6a10744dc8213cf3e35829e4e5a9a0d,3101200.0,RS,0.9662592260656202,0.9105266213641704,952.0,217.91698113207548,0.95,0.00086,978.0,988.0,0.0,0.0,0.0,0.0,0.0,0.0,0.0,0.0,1.0,Baixo Risco
2a2c613f90f59f3217b6946f41859700e21456a5a262a077fbac353925835673,4711302.0,SP,0.9447680762431456,0.8530041727895563,960.0,219.37190082644628,0.96,0.02644,982.0,989.0,0.0,0.0,0.0,0.0,0.0,0.0,0.0,0.0,1.0,Baixo Risco
6a828128ca0ea66d6328b35915f9738d035a69a4dd30b6d24b2348c0e85aa39a,4639701.0,SP,0.9887172655918902,0.8306274942350935,957.0,242.58,0.98,0.03169,981.0,988.0,5.0,6869.93,6858.01,0.0,0.0,0.0,11.919999999999959,24.4,1.0,Baixo Risco
104182a6e6d86059ff7bba89dfaa335dc703f0e1c9024547147050bc10524a1a,133402.0,MG,0.7582821144820616,0.9583465072545893,943.0,185.6515151515152,0.92,0.13356,980.0,989.0,0.0,0.0,0.0,0.0,0.0,0.0,0.0,0.0,1.0,Baixo Risco
f8a279c66b7da36f95ec86e317cb70e2fab726ffb5aef130490929e1dbce9ca3,2452100.0,MG,0.9856590670042716,0.8530041727895563,927.0,155.61111111111111,0.92,0.00147,978.0,989.0,0.0,0.0,0.0,0.0,0.0,0.0,0.0,0.0,1.0,Baixo Risco
eec76c58ec07dd38491fbbf01d36aa6db1053d4cf5ef3091e00afe96734285b2,5611201.0,GO,0.9058423487565384,1.0,715.0,0.0,0.93,0.0,793.0,883.0,0.0,0.0,0.0,0.0,0.0,0.0,0.0,0.0,1.0,Baixo Risco
7a5fc3cf694714f445cbcc1ddb05e80d8a725fb47617ae88b25b07a151912810,1013901.0,RS,1.0,0.8530041727895563,932.0,0.0,0.92,0.0,961.0,986.0,0.0,0.0,0.0,0.0,0.0,0.0,0.0,0.0,1.0,Baixo Risco
79ce7d9ae5e88d9a08b06d2bd67321957a87753fe9c65ee6654a20cb89e8bb06,4322302.0,MG,0.9630350658848268,0.7538296305760799,927.0,183.2,0.93,0.13568,973.0,987.0,0.0,0.0,0.0,0.0,0.0,0.0,0.0,0.0,1.0,Baixo Risco
3e723111b549daf6c7e36fa0fca8efc9489aa87f0a617c4a5689adc0d311805c,4781400.0,RS,1.0,0.6930681595698173,948.0,232.8181818181818,0.92,0.0,975.0,987.0,0.0,0.0,0.0,0.0,0.0,0.0,0.0,0.0,1.0,Baixo Risco
704c7507832f5e06adc59a3344447d5fa631c6a409a7bf4bbd82b59752bebc84,2733300.0,SP,0.9781397826134204,0.4710682186321077,954.0,242.9642857142857,0.96,0.0,978.0,988.0,32.0,197652.83,197652.83,0.46875,0.375,0.0,0.0,44.40625,1.0,Baixo Risco
c2257be1ce082ccd5a0427fc513c152679ecb44d81e15841c97f596bd8c6f5f1,4530703.0,RS,0.9675096899714722,1.0,957.0,180.25,0.95,0.0,932.0,987.0,0.0,0.0,0.0,0.0,0.0,0.0,0.0,0.0,1.0,Baixo Risco
acd503359d282251d48305117cbf44a62f5495903e5fbbdcea9e79ba632b7a36,4684201.0,RS,0.98579506132052,1.0,944.0,127.6,0.93,0.0,972.0,989.0,0.0,0.0,0.0,0.0,0.0,0.0,0.0,0.0,1.0,Baixo Risco
607ab5538defa95f6b208c36f98659fe79a5553abb99e96b0f63ec17b624823f,4771701.0,PR,0.5081230771124701,0.8530041727895563,366.0,177.6590909090909,0.8,0.10108,179.0,869.0,0.0,0.0,0.0,0.0,0.0,0.0,0.0,0.0,1.0,Baixo Risco
17263a13c8abd16d9935d03b2c7173fc87c319b91dda4e1da15b4b3f074b664b,4781400.0,SP,0.4341335447108962,0.7126256390439751,141.0,68.61111111111111,0.58,0.51538,100.0,970.0,0.0,0.0,0.0,0.0,0.0,0.0,0.0,0.0,1.0,Baixo Risco
5e948f2d80d0997d8c710c9ae8c971cae0be09b9be09bc68439bc83957068a56,4771701.0,PR,0.8050247108907482,0.8530041727895563,869.0,227.1578947368421,0.97,0.0,974.0,987.0,0.0,0.0,0.0,0.0,0.0,0.0,0.0,0.0,1.0,Baixo Risco
b4478794908248e365a0465f941ab2c0f0785ee26e501f77b66f3c0bc4fd8fb3,4757100.0,SP,0.8736821691548801,0.992308062434064,830.0,85.0,0.78,0.0,891.0,987.0,0.0,0.0,0.0,0.0,0.0,0.0,0.0,0.0,1.0,Baixo Risco
d41642384f9d4361d392f244fb1ee4c00c0921435133a631b9fad5ebdc1f080e,4639701.0,PE,0.454527467293088,0.9243815435573134,841.0,171.44444444444446,0.84,0.97789,959.0,989.0,0.0,0.0,0.0,0.0,0.0,0.0,0.0,0.0,1.0,Baixo Risco
162568312fead3ba1cb2baf78a8645dd97b30df1b15df46831677cadb93c4bf5,4646001.0,SP,0.4442359650733038,0.8527427143901456,373.0,120.48,0.75,0.18753,523.0,978.0,1.0,1506.45,1506.45,0.0,0.0,0.0,0.0,61.0,1.0,Baixo Risco
a0b31f39dfd0e252638e489da35392783c90e511fd43d26ca0975d57f33c6520,4781400.0,PA,0.9664600992059298,0.8530041727895563,806.0,0.0,0.91,0.0,974.0,988.0,0.0,0.0,0.0,0.0,0.0,0.0,0.0,0.0,1.0,Baixo Risco
edf4e7d72a0d738ae25acc9fc39954863501132773e71a86bb6e314d097fda78,2229399.0,SP,0.9466864507688968,0.8556625308806701,918.0,199.66666666666663,0.96,0.03378,971.0,989.0,0.0,0.0,0.0,0.0,0.0,0.0,0.0,0.0,1.0,Baixo Risco
ab8c91aa12796f9aed71a5f47c2b8fd4f73b60df0475a9b5eb740e1adf3ffbe1,4722901.0,MG,0.906945741630655,0.8530041727895563,889.0,73.625,0.87,0.19685,858.0,988.0,0.0,0.0,0.0,0.0,0.0,0.0,0.0,0.0,1.0,Baixo Risco
4dcd39ebd82cdb3a50ef915a1466e5ffe1ba9ae2b26069368e7395b0e1f25f3e,2733300.0,SP,0.9860019484432656,0.8533894598110987,948.0,191.0,0.95,0.06988,982.0,988.0,0.0,0.0,0.0,0.0,0.0,0.0,0.0,0.0,1.0,Baixo Risco
d8fd8cf9a03d16b92a642595fa09d93ee9df529784916fb34e0ab69f4f7ad62c,4761003.0,MG,0.9781391673948204,0.8530041727895563,919.0,10.0,0.97,1.0,963.0,988.0,0.0,0.0,0.0,0.0,0.0,0.0,0.0,0.0,1.0,Baixo Risco
9aca2a46dc61685e219acb7cdf8a325ccf2a2212f83ee76f102621b17d63eb60,4771701.0,PR,0.9573023229587636,0.9041592554320518,937.0,234.3125,0.98,0.14298,963.0,989.0,0.0,0.0,0.0,0.0,0.0,0.0,0.0,0.0,1.0,Baixo Risco
19e4d26a4a0aca729c7890b1976d0a76aafa1a045ffcddf8423245cf9d885255,4757100.0,Sem Info,0.995780534060726,0.7541195314592036,914.0,0.0,0.96,0.0,962.0,988.0,0.0,0.0,0.0,0.0,0.0,0.0,0.0,0.0,1.0,Baixo Risco
f7ec3c9356435ae0cc42c2f6e974319ca7da11bdf5c8d37d914df5633a24e6b5,4781400.0,MT,0.9155965518761852,0.3609414162519835,923.0,233.25,0.92,0.0,963.0,988.0,0.0,0.0,0.0,0.0,0.0,0.0,0.0,0.0,1.0,Baixo Risco
d8662ee62c42890267a3edb255907f8431148a5758e75bffc69d62eb0c6eb680,4691500.0,RJ,0.946183999782185,0.693718802875085,948.0,201.45652173913044,0.96,0.10183,970.0,988.0,0.0,0.0,0.0,0.0,0.0,0.0,0.0,0.0,1.0,Baixo Risco
44c8e599b7eceb65f33c97510523de694717d0d7cfb80b249a7f5815bfe67be0,4711302.0,Sem Info,0.9851206315974702,1.0,963.0,250.5185185185185,0.97,0.0,979.0,988.0,0.0,0.0,0.0,0.0,0.0,0.0,0.0,0.0,1.0,Baixo Risco
1b8f7ff245e6c2c4ed35d6bd8624a5b63ac967e2cfcc0239d211bfed84adb6f9,4771701.0,PR,0.9551972308661134,0.8530041727895563,938.0,191.88888888888889,0.98,0.05622,978.0,988.0,0.0,0.0,0.0,0.0,0.0,0.0,0.0,0.0,1.0,Baixo Risco
ad02598dd2b1dd3d53b9641ffb76611bd06805807cff63d2eed6c3c3c310aa7e,2943300.0,SP,0.9532540507361416,0.05,914.0,184.2,0.95,0.0,973.0,989.0,1.0,30478.4,30478.4,0.0,0.0,0.0,0.0,28.0,1.0,Baixo Risco
0653ea898079dee7487a0137b658691354cd69b7c01b85c7c8eacbda649427d1,4530703.0,Sem Info,0.837348022164191,0.8131467055034813,792.0,339.95,0.81,0.0,971.0,988.0,0.0,0.0,0.0,0.0,0.0,0.0,0.0,0.0,1.0,Baixo Risco
099ccd0da9178860878373d66ad7ed266d1f2a159691d2150b676555ec948b0e,1413401.0,SP,0.8676377444123714,0.8530041727895563,764.0,100.25,0.77,0.58305,938.0,984.0,0.0,0.0,0.0,0.0,0.0,0.0,0.0,0.0,1.0,Baixo Risco
4acfe650331d7c1dd3542d09360a5e8d1627a874328619ea86157fdce972bba2,4646001.0,PR,0.7961619877645889,0.8530041727895563,797.0,0.0,0.93,0.0,546.0,980.0,0.0,0.0,0.0,0.0,0.0,0.0,0.0,0.0,1.0,Baixo Risco
129413d052d7e57e312fc295e204033baad7129d4b14922e88e16cfb28bb8eae,2222600.0,Sem Info,0.6439301846435123,0.6037624058750185,668.0,157.76315789473685,0.95,0.41448,919.0,984.0,2.0,5690.04,5865.49,2.5,1.0,0.0,-175.44999999999982,40.0,1.0,Baixo Risco
b2833ceb4c9061dc52acacbafbec5e3e8412f60a5365556e28ed35f15f5a8e7b,4635402.0,PR,0.8827329149619524,0.9023139661723172,962.0,184.74074074074076,0.94,0.00193,982.0,988.0,0.0,0.0,0.0,0.0,0.0,0.0,0.0,0.0,1.0,Baixo Risco
52b0a296884670f3bf368827dbb6473839b30305e655c968f3ae526cf6c02ccc,2599399.0,SP,0.8715089677552441,1.0,845.0,192.5,0.94,0.0,932.0,988.0,1.0,4480.0,4480.0,0.0,0.0,0.0,0.0,28.0,1.0,Baixo Risco
303c93ba5a51355fd0cca36f9a3ce1a5b076068a2013f05cc7e4105d64723297,1412601.0,SC,0.569350738233313,0.8121625873258916,842.0,121.14285714285714,0.6,0.06703,633.0,983.0,1.0,1438.74,1486.71,4.0,1.0,0.0,-47.97000000000003,34.0,1.0,Baixo Risco
17a7c10053f8944fb9754401c38ab9906bf350f1ba0d2d6573ae831e0e09ce21,1011201.0,MG,0.3391458721036972,0.8530041727895563,483.0,66.15845070422536,0.72,0.15828,162.0,985.0,1.0,469.51,469.51,0.0,0.0,0.0,0.0,5.0,1.0,Baixo Risco
bd4db55776e27171d919ff76c2e362581c466150e4ac89a48825055ed750b64b,8610102.0,MG,0.9300400728543224,0.5505320438350333,891.0,176.74125874125875,0.97,0.02935,977.0,988.0,0.0,0.0,0.0,0.0,0.0,0.0,0.0,0.0,1.0,Baixo Risco
c1d4ad6086a48af8a4e0d3b05228a9e953e01b8f8cb7427b25795144b89a51bb,4711302.0,RS,0.9616303853097152,0.8530041727895563,918.0,158.21666666666667,0.95,0.06686,978.0,989.0,0.0,0.0,0.0,0.0,0.0,0.0,0.0,0.0,1.0,Baixo Risco
a51568ef33190c31006780bac4edca3c35d7a2dd36c87e0c818bdf4fff1c23d9,1412601.0,SP,0.9869193352774648,0.8530041727895563,910.0,108.0,0.88,0.0,881.0,986.0,0.0,0.0,0.0,0.0,0.0,0.0,0.0,0.0,1.0,Baixo Risco
6697d02644380aba655a3c033f53fd31e64e66037a8294eb1e1e2476b89e4d40,4771701.0,PR,0.9785673176109284,0.7915402231940449,818.0,189.72727272727272,0.97,0.0376,919.0,985.0,0.0,0.0,0.0,0.0,0.0,0.0,0.0,0.0,1.0,Baixo Risco
821eaeccb86c2a3140a2bace17a73a5082b35e8effe3d28ac705991b12bafe8d,4781400.0,SC,0.887561011031011,0.8530041727895563,757.0,210.7,0.8,0.11295,926.0,986.0,0.0,0.0,0.0,0.0,0.0,0.0,0.0,0.0,1.0,Baixo Risco
d77f52dfd94cb5efc58ae91c98c36919ffc13d01d14ff90394b353ed6184fcfd,2063100.0,GO,0.3392963375604699,1.0,934.0,148.66666666666666,0.84,0.0,971.0,988.0,0.0,0.0,0.0,0.0,0.0,0.0,0.0,0.0,1.0,Baixo Risco
0b3c06de246b231b1b557715fe60e104a8ec90ca83cd7b18b23bf8ba6626072f,1412601.0,SC,0.987533324467353,0.8882391583248214,964.0,293.3666666666667,0.98,0.0,983.0,988.0,2.0,4814.33,4814.33,0.0,0.0,0.0,0.0,97.0,1.0,Baixo Risco
6b4c7f16e77141e7d164ff17837f5bcc1d256f1e5ddfcb9b63379b112212bf6d,4781400.0,CE,0.7552069748577892,0.8530041727895563,658.0,72.85714285714286,0.55,0.0,174.0,958.0,0.0,0.0,0.0,0.0,0.0,0.0,0.0,0.0,1.0,Baixo Risco
269788e10664be2d2e3ffc51036360261bc7671532f841277861cde980a5b45e,4673700.0,AL,0.8113204727742419,0.7071869579999546,905.0,150.61764705882354,0.93,0.24308,983.0,988.0,0.0,0.0,0.0,0.0,0.0,0.0,0.0,0.0,1.0,Baixo Risco
31c813fae7706ea0b377934ed151e38aae91f739ae3879c0e5218990829a0feb,4635402.0,SC,0.5878159957660888,0.9386172985936764,787.0,135.0,0.79,0.22261,977.0,985.0,0.0,0.0,0.0,0.0,0.0,0.0,0.0,0.0,1.0,Baixo Risco
87b57197803259f7c4af273190a6d871d500c21743bb78411d3aba9d0ee956fc,2599399.0,SP,0.9705395844653194,0.6012842386938775,955.0,210.25,0.86,0.0,966.0,982.0,2.0,6266.52,6266.52,1.0,0.5,0.0,0.0,39.0,1.0,Baixo Risco
ceba27fd27db90f830f1e37382d70ea0ccc7ac56d3c32608da7f5305b738d293,4771701.0,PR,0.8363753257843279,0.8530041727895563,807.0,184.91304347826087,0.92,0.16005,698.0,980.0,0.0,0.0,0.0,0.0,0.0,0.0,0.0,0.0,1.0,Baixo Risco
ecf89dc7f9b9d9c1a655a72503bca58a88df0480eb080bc5ad843f6f1cf63983,4771701.0,PR,0.1036689409624775,0.8530041727895563,908.0,227.9642857142857,0.79,0.00816,982.0,986.0,0.0,0.0,0.0,0.0,0.0,0.0,0.0,0.0,1.0,Baixo Risco
90858a184b42260aba66b08504f9d2c9f10622a35c6ae1b93797fc9cd668e896,4711302.0,GO,0.958653597374414,0.8530041727895563,935.0,234.643137254902,0.97,0.01716,977.0,986.0,0.0,0.0,0.0,0.0,0.0,0.0,0.0,0.0,1.0,Baixo Risco
3dc3406785c63939eeed7a0f2e32368f463d1ba3c0c05e6a1c2b55c9bb544f14,6920601.0,SP,0.6083697648837839,0.8695053514917659,688.0,190.0,1.0,0.0,853.0,970.0,0.0,0.0,0.0,0.0,0.0,0.0,0.0,0.0,1.0,Baixo Risco
1115db5f151161a822cb83c02d824134ebd1b879166f9c33e7ae01268ecf8fea,111302.0,SP,0.8058712727927875,0.8530041727895563,846.0,127.33333333333331,0.88,0.84904,864.0,986.0,0.0,0.0,0.0,0.0,0.0,0.0,0.0,0.0,1.0,Baixo Risco
627264a06cd25b9b4f34a6c3aaf80f5e1379d1feea5bd2e03116e9d35448e0f4,4789005.0,MG,0.9504594503049232,1.0,757.0,0.0,0.76,0.0,764.0,980.0,0.0,0.0,0.0,0.0,0.0,0.0,0.0,0.0,1.0,Baixo Risco
ba045a2dd8c5b43b8012c9abeab59273a95c81f31feff9124724c26644ada571,4683400.0,Sem Info,0.6889013861433136,0.7829517798550502,489.0,131.68253968253967,0.84,0.00662,948.0,985.0,1.0,29640.0,0.0,32.0,1.0,0.0,29640.0,372.0,1.0,Baixo Risco
c7d8ba2e56de6ddeaa62422be143714f53597527ff38995bd79d8c8371580dc6,4781400.0,SC,0.8238686244096245,0.8530041727895563,895.0,208.125,0.92,0.29973,980.0,987.0,0.0,0.0,0.0,0.0,0.0,0.0,0.0,0.0,1.0,Baixo Risco
383a5b130c4ffc93483127fdc578bcd0dea3a416ffdcc88b3c1dc4bc1b7093fe,2731700.0,SP,1.0,0.9115244095150976,920.0,249.7333333333333,0.95,0.0,975.0,987.0,0.0,0.0,0.0,0.0,0.0,0.0,0.0,0.0,1.0,Baixo Risco
bdd54fd0f5f2e69b72e57d186428384ab6ff577554d26eff2a8cdab980e6dd52,2543800.0,SP,0.4561488150978655,0.05,369.0,135.3913043478261,0.63,0.34819,173.0,976.0,1.0,9968.53,9968.53,0.0,0.0,0.0,0.0,28.0,1.0,Baixo Risco
c2cd71c23abe18f219b7d69e7ae760a112727db130733e03846483a4fb7a8ed5,4635402.0,RJ,0.411633449213923,0.8530041727895563,885.0,147.60109289617486,0.89,0.19028,948.0,986.0,0.0,0.0,0.0,0.0,0.0,0.0,0.0,0.0,1.0,Baixo Risco
a271bdc5a512c72670b8b726dfb634417631d9a3e667a698322a460496a7e379,4711301.0,RJ,0.9254434873134384,0.7813010201585932,909.0,205.94736842105263,0.97,0.01962,976.0,988.0,0.0,0.0,0.0,0.0,0.0,0.0,0.0,0.0,1.0,Baixo Risco
7b0c6b3b1f1d4aa0e2c24d41ae6966fc4c9bce1859fdd40012aeda36bffece95,4771701.0,PR,0.9836159883874308,0.8530041727895563,950.0,245.66666666666663,0.98,0.0,979.0,989.0,0.0,0.0,0.0,0.0,0.0,0.0,0.0,0.0,1.0,Baixo Risco
76d3d0319332f7125793014781d757b5851e9d4d2f8a27ab28a697dd85eac160,2071100.0,PE,0.9261868090772608,0.8357881494230962,955.0,247.26666666666668,0.97,0.00482,981.0,988.0,1.0,1407.87,1593.66,28.0,1.0,0.0,-185.7900000000002,88.0,1.0,Baixo Risco
85d0549f431bc138218aa93934b195868a8e7674ddcafbd37151323c182b95ab,4679699.0,Sem Info,0.0565859190766769,0.8530041727895563,86.0,30.0,0.57,0.0,754.0,894.0,2.0,6824.28,6151.66,21.0,1.0,0.0,672.6200000000001,130.5,1.0,Baixo Risco
2d22f558b5a8b95f45a194b9697e1da19e6b33feae2ddf6fc5601be15d72653d,3103900.0,SC,0.5908376560474731,0.3266370410975574,672.0,14.5,0.78,0.77332,857.0,988.0,0.0,0.0,0.0,0.0,0.0,0.0,0.0,0.0,1.0,Baixo Risco
f340cefac15ea5fe6b169d5416b1d31c099366b7555a8ebdc229be345b0ea3da,2829199.0,SP,0.4234746931378058,0.8978584913487249,355.0,149.4608695652174,0.77,0.13205,833.0,979.0,1.0,7548.0,7548.0,0.0,0.0,0.0,0.0,53.0,1.0,Baixo Risco
dacdae60db84c43ed760f932a5a32f339a43444fd574ebd28aa62fb5478ee8d4,4781400.0,RN,0.4515413815550346,0.8530041727895563,178.0,7.666666666666667,0.77,1.0,390.0,952.0,0.0,0.0,0.0,0.0,0.0,0.0,0.0,0.0,1.0,Baixo Risco
96097c6e94a90866c4db3dddc8dd19064631a661b5294cad6511822ebc231552,4644301.0,RJ,0.0664289461228324,0.4524853371231699,154.0,151.02325581395348,0.54,0.4617,67.0,966.0,2.0,1044.67,603.0,10.5,1.0,0.0,441.67,70.5,1.0,Baixo Risco
535faea3f7457c12de552873caf4c33ce801298007f7e699123c2f2d1bacb025,1011201.0,SP,0.5719248431409318,0.656053884875163,871.0,219.16666666666663,0.89,0.00709,961.0,988.0,1.0,11604.58,11604.58,0.0,0.0,0.0,0.0,14.0,1.0,Baixo Risco
38bc5553dcf877acb0773bff413ec1ad755d076d58cb71c469c48bf62f7285bd,4729699.0,DF,0.970295400539733,0.9373962952376916,918.0,242.58333333333331,0.94,0.1374,971.0,988.0,0.0,0.0,0.0,0.0,0.0,0.0,0.0,0.0,1.0,Baixo Risco
5280e27505df9a49ba81fca62e9322151a91d00d47f1a154fc0f5c2e614a6b2c,4649499.0,SC,0.5473698144476226,0.9359964224666976,872.0,129.7391304347826,0.87,0.0,979.0,985.0,0.0,0.0,0.0,0.0,0.0,0.0,0.0,0.0,1.0,Baixo Risco
000b6b5897c37b89cc5aba2150791a68fd39ec48ca21f50f1ebe64857e08ab3c,3104700.0,SP,0.942437281630766,0.8068388506602662,937.0,203.16666666666663,0.95,0.03687,983.0,988.0,0.0,0.0,0.0,0.0,0.0,0.0,0.0,0.0,1.0,Baixo Risco
b829fec22c3d8f48c13f7daebf0c77840534643a26ac6dbb0787e30cdea2ad1c,4772500.0,PR,0.138876861368125,0.8530041727895563,148.0,154.10526315789474,0.78,0.07559,29.0,449.0,0.0,0.0,0.0,0.0,0.0,0.0,0.0,0.0,1.0,Baixo Risco
5cb312ae950defe51c43b448230af8b0975aec288bb7bc3ca530d602f014568b,4120400.0,RJ,0.4773517929229398,0.5302839021288103,61.0,39.86277873070326,0.35,0.01934,166.0,983.0,1.0,322810.47,0.0,62.0,1.0,0.0,322810.47,685.0,1.0,Baixo Risco
44fd039fa627953a991b5f034d8eecd897fc908835f46e79c9378805fe130775,4930201.0,SP,0.925966864632144,0.9701333861640546,943.0,230.33333333333331,0.96,0.0,973.0,986.0,0.0,0.0,0.0,0.0,0.0,0.0,0.0,0.0,1.0,Baixo Risco
a793823b822234cf40a17cd4433708a047e9ca2c08a5487fb498bd7acd93ed8c,4755501.0,SC,0.8642044066672142,0.8530041727895563,860.0,207.75,0.75,0.0,932.0,988.0,0.0,0.0,0.0,0.0,0.0,0.0,0.0,0.0,1.0,Baixo Risco
b3203880d420dc2dd033a0fedf0e92b0af19c25e252e0a25d094b2d4987fe70a,7711000.0,Sem Info,0.6648534328837856,0.8025432107183036,705.0,115.3529411764706,0.7,0.14148,644.0,971.0,1.0,1980.0,0.0,63.0,1.0,0.0,1980.0,84.0,1.0,Baixo Risco
ac8f0f2f377ddfe1ebd3bc83cb860d6236c253a3cec0bc3e19534f9174b812bb,4672900.0,MT,0.9866334328339302,0.8073710673574701,950.0,223.22222222222223,0.96,0.0,979.0,988.0,0.0,0.0,0.0,0.0,0.0,0.0,0.0,0.0,1.0,Baixo Risco
e2fa22b6fb5a067ba45d7e6cd64fe4f6576e3e9201db3d892661c1e20c8c0460,1412602.0,SC,0.8166934464384389,0.7696607407089927,952.0,253.2142857142857,0.91,0.0,981.0,988.0,1.0,735.23,735.23,0.0,0.0,0.0,0.0,21.0,1.0,Baixo Risco
05b8460a04107e073e6709b746eb03db0685615148cd9dcb765b6aa44401335a,4322301.0,PR,0.9628720142164277,1.0,771.0,70.6,0.9,0.0,936.0,987.0,0.0,0.0,0.0,0.0,0.0,0.0,0.0,0.0,1.0,Baixo Risco
3998eedd9e5195e7be9614c5532f327fc3545f092eeffd74aea93d9004b5073a,4782201.0,AC,0.05,0.8530041727895563,502.0,31.38095238095238,0.33,0.34097,143.0,537.0,0.0,0.0,0.0,0.0,0.0,0.0,0.0,0.0,1.0,Baixo Risco
dc50ac317904be47916b3e85ab41d32d156b54cf9a50947894442f4f1d2c35e4,4755501.0,MS,0.9769789860675748,0.8530041727895563,961.0,215.54545454545453,0.99,0.14352,979.0,988.0,0.0,0.0,0.0,0.0,0.0,0.0,0.0,0.0,1.0,Baixo Risco
d28bb60804308befdd488c42f4504b8509ede4839a5e1a8c4327815b0623939d,4771701.0,PR,0.9168197455695216,0.5,938.0,113.0,0.98,0.04463,975.0,989.0,0.0,0.0,0.0,0.0,0.0,0.0,0.0,0.0,1.0,Baixo Risco
2209390d2b23527b4bd0c8f106ac275d5fcba572d22c1d157f5ff81b84d6cecd,4757100.0,MG,0.9635949844837446,1.0,947.0,215.6,0.95,0.07311,980.0,989.0,0.0,0.0,0.0,0.0,0.0,0.0,0.0,0.0,1.0,Baixo Risco
9ce46791a81cf9a7ef774a2fa9eca82505c0da0cc0cb1ce2f7214c200f8fc9d5,4781400.0,SP,0.8669227236732694,0.8530041727895563,889.0,115.25,0.91,0.0,954.0,988.0,0.0,0.0,0.0,0.0,0.0,0.0,0.0,0.0,1.0,Baixo Risco
af2d0a78f1eee81d48a65f652ba5f17b69c48ce516eafdcf9952b406c8b55b25,4781400.0,MA,0.7581497675837048,0.8530041727895563,854.0,139.0,0.96,0.25854,956.0,989.0,0.0,0.0,0.0,0.0,0.0,0.0,0.0,0.0,1.0,Baixo Risco
a616456178a90c6e327e26aa62e152736757ae00c5f3df83b49751f9f35fe5df,4645102.0,Sem Info,0.0593041947593649,0.4147788705890357,123.0,45.41477272727273,0.21,0.416,29.0,589.0,3.0,12036.34,12067.92,2.0,0.3333333333333333,0.0,-31.58000000000004,102.33333333333333,1.0,Baixo Risco
b549bec8e9780b51a103cff2289bfef62d93f3780fa8d3c0f372d98166e66fda,2031200.0,PE,0.9168990793777644,0.8875966374055525,959.0,208.0,0.97,0.01493,979.0,988.0,1.0,1979.31,1979.31,1.0,1.0,0.0,0.0,36.0,1.0,Baixo Risco
ea6ac14ae6a8534591a5629f6e57b528caa25db3f498ae9c0aa76152f907da32,6810203.0,MS,0.9271861594617192,0.8530041727895563,705.0,76.8,0.93,0.39336,972.0,989.0,0.0,0.0,0.0,0.0,0.0,0.0,0.0,0.0,1.0,Baixo Risco
24741983688316465fb0c8622ce0ac4af56de6f57d27edcbbca941452f82b0cf,4644301.0,SP,0.1948696089967667,0.6050909103721251,136.0,82.3267716535433,0.45,0.18095,42.0,942.0,4.0,1368.32,1045.44,2.75,0.5,0.0,322.88,37.0,1.0,Baixo Risco
3709b8fc22940f82699893e1d5ccd85fffab3cb8645e2d5b8d491a28d577e124,4541206.0,CE,0.4464684040965659,0.8530041727895563,402.0,125.2,0.92,0.55055,41.0,910.0,0.0,0.0,0.0,0.0,0.0,0.0,0.0,0.0,1.0,Baixo Risco
c8929e290858206639af4c6e82885a8f7886715a11547f06335b8da59e62aac2,4781400.0,TO,0.5154533082601316,0.8530041727895563,529.0,134.42857142857142,0.9,0.23167,558.0,963.0,0.0,0.0,0.0,0.0,0.0,0.0,0.0,0.0,1.0,Baixo Risco
8775e2e46c14c7a3a17fa983fd69087a92ec0ee81109e7d32dad2b055f31ae18,4742300.0,SC,0.9380957501786972,0.8530041727895563,929.0,247.8,0.97,0.0,972.0,988.0,0.0,0.0,0.0,0.0,0.0,0.0,0.0,0.0,1.0,Baixo Risco
bad9f2385bf9479104c2247e1f17e1427e87d638cef8eddf549c79b2ead46db0,8640203.0,DF,0.7243580890081662,0.8530041727895563,320.0,72.7457627118644,0.7,0.14985,486.0,988.0,0.0,0.0,0.0,0.0,0.0,0.0,0.0,0.0,1.0,Baixo Risco
e137c27d8eebaebc15cf24addf5be3f9ff38b023edca9da5abf8c44cc043cd2f,1041400.0,SP,0.9112595582560644,0.937152095867412,924.0,220.0123456790124,0.95,0.03988,968.0,988.0,5.0,248000.66999999998,248000.66999999998,0.0,0.0,0.0,0.0,26.8,1.0,Baixo Risco
d8bac708d406db705c2feb5d26a8116587ec1749fb50863ede3a47b1fca94599,4530703.0,GO,0.9776715680028096,0.5266769169424393,913.0,262.3333333333333,0.94,0.0,977.0,987.0,0.0,0.0,0.0,0.0,0.0,0.0,0.0,0.0,1.0,Baixo Risco
5aa13b2ba1a6c61d440cfe52f393b0e820d7d448811d9db8b65baf9b06fa3e5a,4689399.0,SP,0.8417002140417227,0.7162837430018877,531.0,92.94736842105264,0.72,0.19812,230.0,984.0,1.0,1055.0,1055.0,0.0,0.0,0.0,0.0,28.0,1.0,Baixo Risco
632294a9fe82656443f1eb1ffcedb3955d7fde4c2ee400c95fcc2f1a3ae12e19,4781400.0,RS,1.0,0.8530041727895563,906.0,0.0,0.89,0.0,948.0,988.0,0.0,0.0,0.0,0.0,0.0,0.0,0.0,0.0,1.0,Baixo Risco
dd64c9ba46dba5a84ed89cf5794a0108075546dcaff7d502183438d9f6b3b489,4729699.0,BA,0.9053001793252335,0.8530041727895563,896.0,186.67708333333331,0.96,0.05991,977.0,988.0,0.0,0.0,0.0,0.0,0.0,0.0,0.0,0.0,1.0,Baixo Risco
89345df448c07025ca9e2ba5adbba1b54b0e95474de86c2de545312343131a39,4530703.0,SP,0.9626363185576532,0.8530041727895563,634.0,244.0,0.65,0.0,357.0,964.0,0.0,0.0,0.0,0.0,0.0,0.0,0.0,0.0,1.0,Baixo Risco
cbe1d3d7615251ae9a833cfcdeb2bc896d8eb49047c28db96706648fafe19f11,4781400.0,RS,0.6499561055598161,0.8530041727895563,673.0,122.53333333333332,0.87,0.26598,936.0,988.0,0.0,0.0,0.0,0.0,0.0,0.0,0.0,0.0,1.0,Baixo Risco
7aa05d3d9f35c628ad7972ea5ab5c231e95789782b607041c353bdb7bd2e6f39,4744099.0,SC,0.993908516115336,0.8530041727895563,948.0,256.5882352941176,0.98,0.0,974.0,988.0,0.0,0.0,0.0,0.0,0.0,0.0,0.0,0.0,1.0,Baixo Risco
6f957351dad42f5dd26a33cd2e69edac8236c63ed64a392d3bb5d8380a9014d7,4781400.0,MS,0.95619448791992,0.8530041727895563,950.0,188.0,0.94,0.0,985.0,988.0,0.0,0.0,0.0,0.0,0.0,0.0,0.0,0.0,1.0,Baixo Risco
d47374dff57f020161a227b0cf99d40926542eb833447b41b7a81d5bfb72cc6b,1099699.0,SC,0.744906202909405,0.9786589269384172,872.0,223.6,0.89,0.0,970.0,987.0,0.0,0.0,0.0,0.0,0.0,0.0,0.0,0.0,1.0,Baixo Risco
bfc2c2b996987fb82beb24ff85e926d6267438fb419a1b07a99c504a2c12516c,4712100.0,BA,0.8855983352186729,0.8530041727895563,918.0,194.58333333333331,0.95,0.00689,965.0,989.0,0.0,0.0,0.0,0.0,0.0,0.0,0.0,0.0,1.0,Baixo Risco
cf8fa9f6f4ef263ac410078a80827e8826d0c176fa0e3b19e045cd817fedc7da,4713002.0,RJ,1.0,0.8530041727895563,938.0,0.0,1.0,0.0,865.0,978.0,0.0,0.0,0.0,0.0,0.0,0.0,0.0,0.0,1.0,Baixo Risco
bc640fe262164de78ab1ee92def8aa7c3a7a0686b3225561de6f36016d6c2c17,4751201.0,SP,0.9384957612952048,1.0,870.0,169.93333333333334,0.9,0.11694,974.0,988.0,0.0,0.0,0.0,0.0,0.0,0.0,0.0,0.0,1.0,Baixo Risco
9225e2b1f7bd3d86b11330aa27b8b8cc15be5b99dbe799b629ac818c02f2a851,4771701.0,PR,0.9527172206044816,0.8530041727895563,939.0,228.4705882352941,0.97,0.0,980.0,987.0,0.0,0.0,0.0,0.0,0.0,0.0,0.0,0.0,1.0,Baixo Risco
6f1341bb059dc722662c9c0c5f429155d8724de17dc4b3b31c56062b59d8caea,4781400.0,MG,0.8909152257216247,0.8530041727895563,919.0,242.5,0.9,0.0,977.0,988.0,0.0,0.0,0.0,0.0,0.0,0.0,0.0,0.0,1.0,Baixo Risco
51c51f96612c9fca4bd8e846813f2bba2c1bf59973cc940c9596e17f36b847c9,4530703.0,Sem Info,0.5432724948748562,0.8530041727895563,136.0,180.61111111111111,0.67,0.60733,92.0,822.0,1.0,450.0,450.0,1.0,1.0,0.0,0.0,31.0,1.0,Baixo Risco
87bc655b9769e24019c8fc44467283949922090f22239deb9e5fcadc4f6a6960,4781400.0,MG,0.9849171251068596,0.8530041727895563,926.0,97.0,0.98,0.0,970.0,988.0,0.0,0.0,0.0,0.0,0.0,0.0,0.0,0.0,1.0,Baixo Risco
9a0bb8eb16430b04ada644974318f5de5a17e6306b9d87bdfcd1fa8fcd493d5c,1521100.0,SP,0.2933132448624855,0.8530041727895563,576.0,164.875,0.7,0.0,938.0,986.0,0.0,0.0,0.0,0.0,0.0,0.0,0.0,0.0,1.0,Baixo Risco
e91b385fe3e71061b4e06cfa9f46dd9688ebd4ccd60023c182923fc48bd72b88,4543900.0,PI,0.05,0.8530041727895563,111.0,0.0,0.5,0.0,752.0,897.0,0.0,0.0,0.0,0.0,0.0,0.0,0.0,0.0,1.0,Baixo Risco
29a07141d9bb13974d5aadf36a884e50916b577287c53ebf10cddeb512a10255,2593400.0,SP,0.3788540088434486,0.7634008977145429,233.0,80.9499304589708,0.51,0.0988,66.0,965.0,1.0,30650.09,31308.05,2.0,1.0,0.0,-657.9599999999991,92.0,1.0,Baixo Risco
4a6dd3f9ce4aa47ac4f69e0749683ba6a5387887844f22ebec18586de5723e80,4665600.0,Sem Info,0.975804989535998,0.8806902074450227,950.0,209.33333333333331,0.96,0.04149,983.0,987.0,1.0,1838.92,1838.92,0.0,0.0,0.0,0.0,23.0,1.0,Baixo Risco
d7f8cce75f5cdd649c20a74cf799cd44505aa88f919ef5df64a82970faa13fcf,4771701.0,PR,0.7993947674370854,0.8530041727895563,964.0,202.41666666666663,0.98,0.0,982.0,989.0,0.0,0.0,0.0,0.0,0.0,0.0,0.0,0.0,1.0,Baixo Risco
2784d306a315a61ede82b399deeb2f65650deb8ce2bc6d4c1cb13a0bc912e61c,2091600.0,Sem Info,0.5422545774812773,0.9457409847890336,616.0,131.56764705882352,0.75,0.07977,110.0,984.0,1.0,3282.54,3282.54,2.0,1.0,0.0,0.0,23.0,1.0,Baixo Risco
f30f5300749d4b87af96a29670ee448e72b06e2f9b46abc53f7c71a3244ea6f9,1414200.0,SP,0.9360070210469628,0.9255200673902862,940.0,239.7659574468085,0.97,0.00545,981.0,988.0,1.0,5122.65,5122.65,1.0,1.0,0.0,0.0,103.0,1.0,Baixo Risco
cb0b37ba2969ad65376df4a016482ab8c0b9e6639ed60ea5544d8fdada376591,4754701.0,SP,1.0,0.8530041727895563,954.0,241.0,0.99,0.0,977.0,986.0,0.0,0.0,0.0,0.0,0.0,0.0,0.0,0.0,1.0,Baixo Risco
3b8f620bf1529b1cbafbd17e8f23ee00ae62d6105eb2506390aa88137c1855b5,4649408.0,SC,0.9524343937053268,0.9403600919234212,956.0,169.2,0.9,0.0,971.0,988.0,0.0,0.0,0.0,0.0,0.0,0.0,0.0,0.0,1.0,Baixo Risco
9eb2191727f372d99650eda6c21193b9ecd84904ccdc3e0dce16ef1a43ecebf9,4649499.0,SC,0.9137355168856608,0.3207310525714205,951.0,190.33333333333331,0.9,0.0,980.0,988.0,1.0,571.77,571.77,0.0,0.0,0.0,0.0,35.0,1.0,Baixo Risco
6ecbf4417dccb273a31e99d8468264fa6de52868f7d38ea80743829c26bcfa77,4651601.0,SP,0.7960167092216665,0.7484588497975387,948.0,241.0,0.93,0.0,984.0,988.0,0.0,0.0,0.0,0.0,0.0,0.0,0.0,0.0,1.0,Baixo Risco
dc54b8a313d2aff70b1d2644faf4885d0eb2ec87325edddde03d4f40a9b95935,4661300.0,SP,0.9720727478078952,0.696946837885617,959.0,157.27551020408163,0.96,0.0,982.0,989.0,0.0,0.0,0.0,0.0,0.0,0.0,0.0,0.0,1.0,Baixo Risco
821b745ff11587d1f8479dfa91f0919738c3faadc841b09d2dbac193449e7d5d,2866600.0,SP,0.983493486549228,0.7547875629341386,958.0,249.27564102564105,0.97,0.00119,979.0,988.0,0.0,0.0,0.0,0.0,0.0,0.0,0.0,0.0,1.0,Baixo Risco
71d73b5625398ce3c1629488076a3f0884479345fb072980f7a7848e964f0dc9,2121101.0,SP,0.1783389550584825,0.7065323716428492,464.0,170.3181818181818,0.53,0.0,174.0,855.0,4.0,44452.979999999996,44483.31,0.75,0.25,0.0,-30.33000000000004,70.25,1.0,Baixo Risco
2cb543c0b415603a3f899c1318f5b3886a60f82599c6a0255bf74e7f3f91be38,1061901.0,SP,0.9216092239171254,0.979892508213886,934.0,223.78082191780825,0.94,0.04945,978.0,989.0,0.0,0.0,0.0,0.0,0.0,0.0,0.0,0.0,1.0,Baixo Risco
85a5ac141b27d413a98238247729c479355fbb600f81dce04b9bbbb5d944a666,4782201.0,PE,1.0,0.8530041727895563,707.0,0.0,0.94,0.0,867.0,983.0,0.0,0.0,0.0,0.0,0.0,0.0,0.0,0.0,1.0,Baixo Risco
4e7884a3d26638d90bf4be2098565e8b7acf297a61db2ecf838eb3873abf8743,5611201.0,PR,0.8972794615295419,0.8530041727895563,882.0,167.66666666666666,0.86,0.23426,885.0,988.0,0.0,0.0,0.0,0.0,0.0,0.0,0.0,0.0,1.0,Baixo Risco
831b373ad398a21dd40ed56086f71e5058b44d83df7079978d75daa173912852,2862300.0,SP,0.9450710219191866,0.05,958.0,249.72222222222223,0.97,0.0,979.0,989.0,0.0,0.0,0.0,0.0,0.0,0.0,0.0,0.0,1.0,Baixo Risco
458de422a746efc245cc813b161f7e0ca1cc1c79e773477b46db976dc188392e,2071100.0,SP,0.8934913480289162,0.9463973988187552,895.0,159.77795786061589,0.97,0.00565,979.0,988.0,0.0,0.0,0.0,0.0,0.0,0.0,0.0,0.0,1.0,Baixo Risco
2fd86ee9d35407c5f7dbc4b4916ebecdb92e13e2d726eda4ee10dc28aad705e3,3101200.0,SP,0.940906312407804,0.8478329370167371,873.0,209.04424778761063,0.92,0.06766,269.0,975.0,1.0,384.0,384.0,0.0,0.0,0.0,0.0,67.0,1.0,Baixo Risco
ba2eb6796ba5e22483df593b302d2aecbb6702afa41193133f87d1c75bfd87d3,4649408.0,SP,0.981481178822146,0.997819576531818,597.0,246.83333333333331,0.84,0.0,894.0,985.0,1.0,1500.0,1500.0,0.0,0.0,0.0,0.0,27.0,1.0,Baixo Risco
a588fe4743d19ecb45ad8f067714d668735ffaa5f2edbe0ef8207821b49f8781,4771701.0,PR,0.7081313932127091,0.8530041727895563,813.0,185.25,0.86,0.36033,940.0,988.0,0.0,0.0,0.0,0.0,0.0,0.0,0.0,0.0,1.0,Baixo Risco
440126cf1cca28dbda036ed987632895a52f61dbab758a4dbe4cc6640d68a113,1413401.0,RJ,0.9808143306167452,0.8533398717873133,945.0,67.0,0.95,0.0,960.0,988.0,0.0,0.0,0.0,0.0,0.0,0.0,0.0,0.0,1.0,Baixo Risco
8ada6a3910e451929ccf64ef60345e39ae97b374d6787aaf5abe768bc08bef79,4781400.0,BA,0.9225052313561556,0.8530041727895563,770.0,300.4,0.94,0.0,912.0,985.0,0.0,0.0,0.0,0.0,0.0,0.0,0.0,0.0,1.0,Baixo Risco
99ec60e5187fda232064e72da338f8dc728dc8d89670e8f17d172ad397132b5a,2071100.0,SP,0.944300014095347,0.81519698986781,950.0,227.26845637583887,0.97,0.00642,982.0,989.0,0.0,0.0,0.0,0.0,0.0,0.0,0.0,0.0,1.0,Baixo Risco
30d0a3889a86b5b34d31bd6ed4610b66868fe6a3f8f20c328eb94a68673abd80,1052000.0,GO,0.422460101669973,0.9775550942153768,403.0,149.55978260869566,0.8,0.08118,740.0,985.0,1.0,9063.07,9063.07,0.0,0.0,0.0,0.0,44.0,1.0,Baixo Risco
32d7a425d37f03b2ad17dfa4a13d6fb7a9c925f3b1a4aaad78f6dc8577780f03,4641901.0,Sem Info,0.7051429832921376,0.8530041727895563,636.0,17.0,0.38,0.0,673.0,932.0,1.0,2445.93,2445.93,0.0,0.0,0.0,0.0,67.0,1.0,Baixo Risco
1f819d28ebf945c90956b84c015b6a004343c870d50228e6489b1ab3d6b8540d,2229399.0,SP,0.2491205044875929,0.8530041727895563,143.0,118.31428571428572,0.37,0.12739,105.0,975.0,5.0,4281.77,4281.77,0.0,0.0,0.0,0.0,47.8,1.0,Baixo Risco
d6befd4587aea9e8b8f65f0141b887c1f724737705fd4bec8d1c8110e06944cb,4321500.0,SP,0.8935751097516399,0.8530041727895563,916.0,171.4,0.9,0.05647,976.0,988.0,0.0,0.0,0.0,0.0,0.0,0.0,0.0,0.0,1.0,Baixo Risco
70d5322e4188224f0f143187852061a66cf7d5cf64dc22fa6159836e58536bfd,4781400.0,ES,0.6379964766978972,0.8530041727895563,562.0,120.55555555555556,0.94,0.2045,962.0,988.0,0.0,0.0,0.0,0.0,0.0,0.0,0.0,0.0,1.0,Baixo Risco
000b70c46b4a8ed5b66fc7179d4a2e256d5f244422e6944f0fb9cd8f19daa9e2,2532201.0,SP,0.8636967809166002,0.9349811906594944,834.0,113.66666666666669,0.87,0.45528,976.0,989.0,1.0,11110.93,11110.93,0.0,0.0,0.0,0.0,28.0,1.0,Baixo Risco
435415bd61047c48e99ded4794c6a9b62a44b0de760283dba5bb96c14c4c5bd5,3321000.0,SP,0.7650491385871567,1.0,681.0,0.0,0.79,0.0,865.0,985.0,0.0,0.0,0.0,0.0,0.0,0.0,0.0,0.0,1.0,Baixo Risco
e6757f9c10a6764f4b996299a6cf93379f67a614271a9cd56e762fe10e8883c0,1094500.0,SP,0.9959792714073524,0.8530041727895563,954.0,212.64705882352945,0.97,0.03251,983.0,988.0,0.0,0.0,0.0,0.0,0.0,0.0,0.0,0.0,1.0,Baixo Risco
29f064bee9d56d9fbc4d3c5390d93b26745063af42b0410e1d2b5098a4bf7567,4771701.0,PR,0.9570510247127424,0.8530041727895563,931.0,197.57142857142856,0.98,0.13086,976.0,989.0,0.0,0.0,0.0,0.0,0.0,0.0,0.0,0.0,1.0,Baixo Risco
eab5bdd2ce8a4332b006b90d82eb983174b05a002a3d1dd6da92e056b922d30a,4712100.0,MS,0.93207362882042,0.8530041727895563,832.0,0.0,0.95,0.0,940.0,989.0,0.0,0.0,0.0,0.0,0.0,0.0,0.0,0.0,1.0,Baixo Risco
1f28834469f5347ba7ec5880f95098d495e3b0bbedd5510511da0e35e089975f,6201501.0,RJ,0.4502997883707869,0.7417836063097693,185.0,111.5669014084507,0.38,0.03621,147.0,982.0,4.0,58274.64,58274.64,0.0,0.0,0.0,0.0,81.75,1.0,Baixo Risco
e65d708513790444315e67dc99f5c9920047aea8cc0dc65d6134d272288d3372,1931400.0,SP,0.0722449656254804,1.0,186.0,162.72368421052633,0.51,0.19486,150.0,384.0,4.0,214680.0,214680.0,0.0,0.0,0.0,0.0,35.75,1.0,Baixo Risco
c03d4badef6a1445870818f26437d4cd3bd0de30a2dedaf794a53b06d12329b5,1011201.0,SC,0.1060152761000192,0.8530041727895563,161.0,92.8,0.47,0.72923,86.0,546.0,1.0,539.8,539.8,1.0,1.0,0.0,0.0,14.0,1.0,Baixo Risco
d7861aaccb2b46f2df6a76d52ff1fdfacca7d9f8d3982ec3b56fb97290031c0b,4782201.0,SP,0.9611730444764476,0.8530041727895563,924.0,134.75,0.96,0.02462,981.0,988.0,0.0,0.0,0.0,0.0,0.0,0.0,0.0,0.0,1.0,Baixo Risco
b7a8c67fa5bff54b43f22557a5224d6c0ade087a1675e347c461ed8ad37c5221,2532201.0,SP,0.9358723881006814,0.8208664904060807,866.0,219.8686868686869,0.9,0.00039,978.0,988.0,0.0,0.0,0.0,0.0,0.0,0.0,0.0,0.0,1.0,Baixo Risco
65a5b0d93d034a55b99153b38beb8cbc32fc8d51520f1eabb18dcf2593637b01,4530701.0,MG,0.9807768513515625,0.9203533342342994,959.0,239.3972602739726,0.97,0.0072,982.0,989.0,0.0,0.0,0.0,0.0,0.0,0.0,0.0,0.0,1.0,Baixo Risco
e5c092e2e042d70eec2381c5bf60c0ec510fc4c1dfad6c86e42947a38743191a,4530701.0,GO,0.9894838902887902,0.8641200679209119,961.0,246.9718309859155,0.98,0.0,983.0,988.0,0.0,0.0,0.0,0.0,0.0,0.0,0.0,0.0,1.0,Baixo Risco
24037765228ca1bce6743570728395541ca481ac79d854fe95bace4710c3cacb,2660400.0,SP,0.8540404572989123,0.7068721501425005,587.0,162.73469387755102,0.85,0.01597,961.0,989.0,0.0,0.0,0.0,0.0,0.0,0.0,0.0,0.0,1.0,Baixo Risco
41ce3f6c5faa9a15d41a8ae040bb388b2291922580ad4dd6470987d836665554,1052000.0,PE,0.2783940516167416,0.7681707320101133,184.0,105.2948717948718,0.67,0.15986,192.0,969.0,3.0,23427.04,23765.18,1.0,0.3333333333333333,0.0,-338.1399999999994,30.333333333333332,1.0,Baixo Risco
64560eedfe5845fbee30bec020e215ec4766b303ec9e73f6bdb371c3f110d309,5611201.0,GO,0.941476028379608,0.8530041727895563,966.0,232.92857142857144,0.96,0.17951,982.0,989.0,0.0,0.0,0.0,0.0,0.0,0.0,0.0,0.0,1.0,Baixo Risco
201bcb77b3c4384f1022b03d65966a69a574be7320005c108c74a0bdb1456daa,2441501.0,SP,0.9988772569544548,1.0,928.0,247.28571428571428,0.94,0.0,980.0,988.0,0.0,0.0,0.0,0.0,0.0,0.0,0.0,0.0,1.0,Baixo Risco
243635a7d27a7e3669b6cff3d1755da45095429043ed931be1cdea92e128b6f3,1031700.0,SP,0.8146505397391203,0.9701800444151074,957.0,197.3793103448276,0.97,0.0,981.0,989.0,0.0,0.0,0.0,0.0,0.0,0.0,0.0,0.0,1.0,Baixo Risco
9828c751604377f861e30bb79bbf1e6c89aaf62eb0f71cccf8a33fb9c161dca3,8219999.0,Sem Info,0.9207106482986476,0.5994271593241698,684.0,151.5,0.75,0.27566,866.0,985.0,1.0,3527.71,3527.71,0.0,0.0,0.0,0.0,35.0,1.0,Baixo Risco
2b00252ca8007c1bdfa86e9c9f01e15a9879517a5221de948526e357444a1f3c,2222600.0,SP,0.8215355521612949,1.0,929.0,159.1,0.92,0.31111,977.0,987.0,11.0,155616.73,155616.73,0.09090909090909091,0.09090909090909091,0.0,0.0,41.63636363636363,1.0,Baixo Risco
6fe1bc1aa10f972b38cf97b305c22a80019e54a89796e0bc21c1f1246526bb4a,1091102.0,SP,0.7606785387449366,0.995762323094577,659.0,122.47058823529412,0.89,0.0,960.0,988.0,0.0,0.0,0.0,0.0,0.0,0.0,0.0,0.0,1.0,Baixo Risco
4da6aa26c3bbc9ee34ec6a9d991634742f5e557140284a7268d788e9c2ca15fa,4645101.0,SP,0.6729640055857395,0.6555943547077554,915.0,195.3846153846154,0.95,0.01073,975.0,989.0,0.0,0.0,0.0,0.0,0.0,0.0,0.0,0.0,1.0,Baixo Risco
3f1a4b77c09df6ad2b71bc4331ae291a89017586cde0b19768fc7d53b8d7ea0d,1412601.0,SP,0.9325978714777208,0.8530041727895563,958.0,225.0967741935484,0.97,0.02285,983.0,988.0,0.0,0.0,0.0,0.0,0.0,0.0,0.0,0.0,1.0,Baixo Risco
52b1c71aac17f92553600dac72995888b9c367a17a4ff86e64e525a45dcda079,4729699.0,SC,0.3884328198809067,1.0,917.0,206.94736842105263,0.91,0.0,981.0,989.0,0.0,0.0,0.0,0.0,0.0,0.0,0.0,0.0,1.0,Baixo Risco
fb787755984077cf34f9ad861975e8f482e7b4e2c9991c315194c560f006a496,6920601.0,Sem Info,0.8534868875952849,0.5097949886104783,806.0,21.0,1.0,0.0,852.0,979.0,0.0,0.0,0.0,0.0,0.0,0.0,0.0,0.0,1.0,Baixo Risco
ee3fdbb1b80a0d09264b1992e517ae940fd61b14a1fe365a0622307947be9f0e,4711302.0,SP,0.8890083474986186,0.8240570002954236,897.0,150.92307692307693,0.95,0.19869,981.0,989.0,0.0,0.0,0.0,0.0,0.0,0.0,0.0,0.0,1.0,Baixo Risco
51c327b019c775f91b7cab29ad73cebcf42d3cc03376a3dd5de2cb2ec9dad099,4644301.0,SP,0.94721654786984,0.9537490923863574,959.0,216.41414141414143,0.99,0.00692,983.0,988.0,0.0,0.0,0.0,0.0,0.0,0.0,0.0,0.0,1.0,Baixo Risco
87b2205cffde6a5a2ad0bd0b2981a91945458d2c0a588e1db3a369f02f3027b3,8211300.0,MT,0.8624872795266031,0.9680630456111066,687.0,149.6904761904762,0.9,0.05792,858.0,987.0,1.0,100535.66,100535.66,0.0,0.0,0.0,0.0,31.0,1.0,Baixo Risco
f69c0e4721cbc477b9547a577a0a9617ea34873d48186ff2f91b4618cb159a7a,4781400.0,Sem Info,0.9934513011800058,0.5766246284842156,922.0,268.0,0.96,0.0,971.0,988.0,0.0,0.0,0.0,0.0,0.0,0.0,0.0,0.0,1.0,Baixo Risco
02bc5d1eb23d7fd25f72d65a334b145ba19909270ba44fb6d12e13e971137a45,4771701.0,PR,0.9678139217760932,0.8530041727895563,951.0,214.5625,0.99,0.01939,980.0,989.0,0.0,0.0,0.0,0.0,0.0,0.0,0.0,0.0,1.0,Baixo Risco
03dd42fa86c38bf08534b47e1580be91b35dad7fbccd330ccf8403c294c77c9a,4771701.0,PR,0.9907687796086504,0.8530041727895563,959.0,223.05555555555557,0.96,0.0,979.0,989.0,0.0,0.0,0.0,0.0,0.0,0.0,0.0,0.0,1.0,Baixo Risco
652b9a370590467ef0ee5fbeaf3f7fb9893a35918762f1894058c7899d907af0,4771701.0,RO,0.724900011675317,0.8530041727895563,945.0,213.33333333333331,0.95,0.0,954.0,988.0,0.0,0.0,0.0,0.0,0.0,0.0,0.0,0.0,1.0,Baixo Risco
176dbe53ca58ad35144f146909f129069b80bd8ea8a063848ade49e565d4fd95,8211300.0,SP,0.1066146884753455,0.8014003445758029,162.0,105.80555555555556,0.54,0.04934,124.0,959.0,2.0,16497.6,16497.6,0.0,0.0,0.0,0.0,25.0,1.0,Baixo Risco
b8917f7b8dc7be0761e9d862a3b0ad04d23a2acc061557f95ee86cdc9a1a85ef,6550200.0,Sem Info,0.5774578953428489,0.7045804251910879,844.0,103.17391304347828,0.92,0.43871,982.0,986.0,0.0,0.0,0.0,0.0,0.0,0.0,0.0,0.0,1.0,Baixo Risco
2a8269d9c9b1ab6b0e97053746b02ffadfb8b4cb28f2d010844e9ee8530523c9,2731700.0,SP,0.9840629322121582,0.8871741318708655,946.0,233.08333333333331,0.97,0.0,981.0,988.0,0.0,0.0,0.0,0.0,0.0,0.0,0.0,0.0,1.0,Baixo Risco
c0ecd67e74d16845e1e6e5d636aaad330a4dfe654615d7e8473c6b3cdc35778a,1091101.0,SP,0.5942269646286107,0.974069790748109,492.0,208.04,0.83,0.13705,903.0,988.0,1.0,1325.41,1325.41,0.0,0.0,0.0,0.0,31.0,1.0,Baixo Risco
2990f941e6c4ba5bf929cb96c6c5d2bad46510e912c3e6968172b2ef63a311bf,4752100.0,RJ,0.9492805953655008,0.8831810769939018,918.0,0.0,0.99,0.0,983.0,988.0,5.0,4419.12,4419.12,0.2,0.2,0.0,0.0,33.6,1.0,Baixo Risco
107b59fa13b2412bd165147cabc66711a750a2724b17b60f1e0245bfc1153abd,4712100.0,SP,0.9058423487565384,0.8530041727895563,895.0,178.1578947368421,0.93,0.02171,968.0,988.0,1.0,6125.0,6125.0,0.0,0.0,0.0,0.0,253.0,1.0,Baixo Risco
b2d91eeeef0cd226bddd68664cff37d338187053dd60692a5d26d1244794b442,4744001.0,PR,0.9507327741532522,0.9309662612628284,960.0,244.31746031746036,0.98,0.0,982.0,989.0,0.0,0.0,0.0,0.0,0.0,0.0,0.0,0.0,1.0,Baixo Risco
e8208fcae3081f251ed0cd60b131b131ec3f96ed64c4adba01d0ceffab197067,2539002.0,SP,0.9633775436773614,0.995794783771372,937.0,196.75,0.93,0.16916,977.0,989.0,0.0,0.0,0.0,0.0,0.0,0.0,0.0,0.0,1.0,Baixo Risco
005a43367ffe37851020938f3d5fb4d48054e5f65420a5c1fcc16a4ad95ad2eb,2610800.0,SP,0.7341901464974755,0.970085727245402,940.0,241.47619047619048,0.94,0.0,978.0,989.0,1.0,32703.72,32703.72,0.0,0.0,0.0,0.0,68.0,1.0,Baixo Risco
f542087f72de9f49e9fe3a9f10f87ed9129dfbc61730c2fb04650ffd373a5a60,4744099.0,SC,0.9775727551054864,0.8726826596203622,945.0,272.8928571428572,0.99,0.0,978.0,988.0,0.0,0.0,0.0,0.0,0.0,0.0,0.0,0.0,1.0,Baixo Risco
395c55d0aa5dffa45ea56f374b1f7f9a268edaeddbfb28d25045691d6437f45b,4511101.0,RJ,0.8627869468675309,0.8530041727895563,696.0,167.83333333333334,0.95,0.0,958.0,986.0,0.0,0.0,0.0,0.0,0.0,0.0,0.0,0.0,1.0,Baixo Risco
b430e969f583e05e443420e35bb9635cbcb7142be1261bcf91cd3386514636f2,4646002.0,SP,0.7883567233801831,0.9483608748696378,957.0,174.52941176470588,0.96,0.00717,979.0,988.0,3.0,939.27,624.97,0.0,0.0,0.3333333333333333,314.3,25.666666666666668,1.0,Baixo Risco
8235d261a28f2b8a46d56ee999c7e63355d96cdac7065ee535f4b006d9816c45,4782201.0,PE,0.984764007503912,0.8530041727895563,964.0,245.24444444444444,0.98,0.0,980.0,988.0,0.0,0.0,0.0,0.0,0.0,0.0,0.0,0.0,1.0,Baixo Risco
3688827bd399314b1705c83e2ddbb804ab20bc632fed86db6890f5581be3a9e2,1012101.0,SP,0.8389534038391581,0.8530041727895563,901.0,213.87777777777777,0.96,0.11955,962.0,988.0,1.0,11990.71,11990.71,0.0,0.0,0.0,0.0,11.0,1.0,Baixo Risco
c7f955501f447fc5ad6b978b9592e639605e16dcdc26d327197a86906a5e7884,4110700.0,SP,0.5225116461781812,0.2332292656848213,169.0,102.57926829268293,0.55,0.08403,952.0,988.0,4.0,131397.52,131397.52,0.25,0.25,0.0,0.0,736.75,1.0,Baixo Risco
73aaf50f96e1bd9947f0ff0a1a7d4d8f3bf9eddd5e17d67a63836f6a57cdaee3,4781400.0,SP,0.5862783099383817,0.8530041727895563,784.0,102.92307692307692,0.9,0.43835,878.0,987.0,0.0,0.0,0.0,0.0,0.0,0.0,0.0,0.0,1.0,Baixo Risco
9c8d1a10d00c69d5e98bc01a0fa0c4ee601d8f558b8c2d118efb8fc8302393ab,2532201.0,SP,0.8744824299928711,0.8530041727895563,936.0,207.75,0.9,0.0,968.0,989.0,1.0,4610.02,4610.02,0.0,0.0,0.0,0.0,13.0,1.0,Baixo Risco
5e9c793f89af52bfa59abd23a57b575e07bbfb1881f6d1a81ba0c72b13433bc8,4781400.0,MG,0.8572344440189069,0.8530041727895563,705.0,260.0,0.78,0.0,903.0,984.0,0.0,0.0,0.0,0.0,0.0,0.0,0.0,0.0,1.0,Baixo Risco
afe31eee19758bd37098fd101f1b24c2a8329f490dc9c32658360eccb171138d,4781400.0,AL,0.9315696449421652,0.8530041727895563,707.0,210.0,0.87,0.0,798.0,977.0,0.0,0.0,0.0,0.0,0.0,0.0,0.0,0.0,1.0,Baixo Risco
f73c7b5dbd6a6ce6f0de1f258c1fd694b11c2abf1b7885c80023ff698b0f7f4b,4755501.0,GO,0.9872571948280068,0.8530041727895563,922.0,262.77777777777777,0.98,0.0,970.0,988.0,0.0,0.0,0.0,0.0,0.0,0.0,0.0,0.0,1.0,Baixo Risco
dd3adb5b965fd6b0712217f607973ff5069b9b41e7e6f67489cfda3239fce3f0,1621800.0,Sem Info,0.9974681752624808,0.8530041727895563,466.0,170.16666666666666,0.83,0.0,771.0,986.0,1.0,86378.25,86378.25,0.0,0.0,0.0,0.0,43.0,1.0,Baixo Risco
7112819df0668d1335cf8200c554eb1dc735be21d4b9af0a5f794e451e391638,4754702.0,SC,1.0,0.8530041727895563,937.0,283.6666666666667,0.98,0.0,960.0,987.0,0.0,0.0,0.0,0.0,0.0,0.0,0.0,0.0,1.0,Baixo Risco
c5c92059f4e7283c431d9eebabeac7ea92311226cb670b50de218e071edd27d4,4711302.0,PR,0.5322709144871699,0.8717744650829239,817.0,155.95906432748538,0.92,0.25712,177.0,982.0,0.0,0.0,0.0,0.0,0.0,0.0,0.0,0.0,1.0,Baixo Risco
ae82f72d42823fdf425e2a42410ba0ecf41bcad1e233d22b8092fb305a2c3fd6,1013901.0,RJ,0.9222505020381092,0.7454817205149423,914.0,212.9333333333333,0.94,0.048,973.0,988.0,2.0,68680.23,68680.23,0.0,0.0,0.0,0.0,28.0,1.0,Baixo Risco
db74df316b0298c33ed84e3798649eda767802672cf3a0af76f6f4b14f3dff55,4782201.0,SC,0.8270544441031308,0.8530041727895563,925.0,216.16666666666663,0.97,0.0,981.0,988.0,0.0,0.0,0.0,0.0,0.0,0.0,0.0,0.0,1.0,Baixo Risco
7add09090474d14c26777fb1bf21438d7058ffe85505c7f4a16f98cbaee69952,4647801.0,PR,0.9472173289338736,0.8841961272121084,947.0,118.17777777777778,0.95,0.14749,979.0,988.0,0.0,0.0,0.0,0.0,0.0,0.0,0.0,0.0,1.0,Baixo Risco
66b88e8ce8e47b0dac8d381bf51662aeba7d8834beb1c363c285b9c87b853fdb,8211300.0,SP,0.7988723198341601,0.9450929890010872,643.0,147.73529411764707,0.44,0.10784,811.0,988.0,51.0,78069.78,73699.42,0.7647058823529411,0.49019607843137253,0.0,4370.360000000001,22.019607843137255,1.0,Baixo Risco
84e53d1100899f715840e1631108fb5b6c4fd7e777b5fe20ebf10f82030ac30e,4713004.0,BA,0.9155088762194518,0.8530041727895563,913.0,180.58823529411765,0.97,0.1183,961.0,986.0,0.0,0.0,0.0,0.0,0.0,0.0,0.0,0.0,1.0,Baixo Risco
8c3f63518bbab50ca0deb8221520e55f8362fbcc6eea553bb093c7b61d4b0f13,4772500.0,PR,0.940699070435232,0.8530041727895563,959.0,235.53333333333333,0.97,0.01611,973.0,989.0,0.0,0.0,0.0,0.0,0.0,0.0,0.0,0.0,1.0,Baixo Risco
ee3eb80d34e06cd11c9c04d86f690153d5bf2f825ffba1f50aa95d45bc1b7283,2441501.0,PR,0.9979208160141184,0.9202864570162184,958.0,241.2051282051282,0.97,0.0,981.0,989.0,0.0,0.0,0.0,0.0,0.0,0.0,0.0,0.0,1.0,Baixo Risco
f4877f95279e308cd61b12e1de22c2b7415f8a7081b7c44062fe6b7b8c7e7a37,4763601.0,MG,0.9798738534591036,0.8530041727895563,957.0,11.0,0.97,1.0,967.0,988.0,0.0,0.0,0.0,0.0,0.0,0.0,0.0,0.0,1.0,Baixo Risco
1665a8ac8ce8d249cb7a8bf14ab6146c420232230306e8a4f35c972daa1d79d5,4771701.0,PR,0.9968408943561128,0.7155759569120898,964.0,251.7142857142857,0.99,0.0,982.0,988.0,0.0,0.0,0.0,0.0,0.0,0.0,0.0,0.0,1.0,Baixo Risco
f5afd055131b9db08283eec583bd04df8d1f0101161c7a610d9796eb39188912,134200.0,SP,1.0,0.8530041727895563,813.0,0.0,1.0,0.0,579.0,840.0,0.0,0.0,0.0,0.0,0.0,0.0,0.0,0.0,1.0,Baixo Risco
680ca6311ed4588ce373b3d89f910a545c67964198d3769d64c189e908e8e3d0,4771701.0,PR,0.7362321861016128,0.8530041727895563,769.0,224.0344827586207,0.95,0.0449,551.0,979.0,0.0,0.0,0.0,0.0,0.0,0.0,0.0,0.0,1.0,Baixo Risco
cf5613b6ed98e16ce26431b657234ecf22e2f78a140a5e2dc8f282159e7007c7,4639701.0,SP,0.6828672983077414,0.05,820.0,200.5408653846154,0.95,0.06152,919.0,986.0,147.0,312224.61,312333.93,0.02040816326530612,0.006802721088435374,0.0,-109.31999999999994,40.63945578231292,1.0,Baixo Risco
ba9c6e7fe16aafbb1d36abd43d136c846e1f35cf9dbcc3ef21ad61665a68e213,4781400.0,TO,1.0,0.8530041727895563,960.0,141.0,0.99,0.0,978.0,988.0,0.0,0.0,0.0,0.0,0.0,0.0,0.0,0.0,1.0,Baixo Risco
bce8c340684c3bc221fe9e5bc28f2b3723bc90025e0bdb91a1f0fa0dc02d0a28,5611203.0,GO,0.797541904808782,0.8530041727895563,955.0,147.5,0.87,0.0,973.0,988.0,0.0,0.0,0.0,0.0,0.0,0.0,0.0,0.0,1.0,Baixo Risco
316039a639edf40b32f63b9023d0ce0a79a5bc5d6e3764a038729e1b82fc10b6,4930202.0,SC,0.9643819278522808,0.9150278278024824,909.0,182.8568281938326,0.96,0.00209,981.0,988.0,0.0,0.0,0.0,0.0,0.0,0.0,0.0,0.0,1.0,Baixo Risco
9d3daa5bd5799c986c3bbe4bc981fb8acfa97fb435c4fe58c9a964fff4bd9d17,4771701.0,SC,0.9946331475960276,1.0,904.0,242.34545454545452,0.98,0.01191,958.0,988.0,0.0,0.0,0.0,0.0,0.0,0.0,0.0,0.0,1.0,Baixo Risco
6e3472c0cc6626dc79347019824e5e81482549d1f9eedf1f913e6fc98975f952,4771701.0,PR,0.9963764344393016,0.8530041727895563,951.0,226.5,0.98,0.00326,974.0,988.0,0.0,0.0,0.0,0.0,0.0,0.0,0.0,0.0,1.0,Baixo Risco
7c52fc6a08d7862ef9bf4165883e8e9c22650a98b0bac3ef9dd77892fa69a2d9,4771701.0,PR,0.9345707918585436,0.8530041727895563,947.0,204.61764705882356,0.98,0.05309,975.0,988.0,0.0,0.0,0.0,0.0,0.0,0.0,0.0,0.0,1.0,Baixo Risco
4485aa0a02096866f8aaf52ca627492dff0ec52b190084fbbece4c4accd592ca,4744002.0,Sem Info,0.3346599457733543,0.890452161227848,164.0,105.91525423728814,0.65,0.28658,50.0,854.0,1.0,487.5,487.5,1.0,1.0,0.0,0.0,29.0,1.0,Baixo Risco
0ab1691180326bda86b99e6148f20c44fd2111221753284e76136a500b64b4d9,4771701.0,PR,0.6387444489936966,0.8530041727895563,480.0,190.8,0.9,0.14179,43.0,970.0,0.0,0.0,0.0,0.0,0.0,0.0,0.0,0.0,1.0,Baixo Risco
a5cff5d833fb9d5c2fabb8373558061980229e3c1e07d725c5202aa8be062cb2,2229303.0,SC,0.9570980983522888,0.8856925216594926,945.0,240.75,0.93,0.0,979.0,988.0,4.0,6785.66,6785.66,0.25,0.25,0.0,0.0,65.0,1.0,Baixo Risco
a93a415dfe4cbae239fc618ae0703d9609ed3d8563364dd83784d4741abce119,2631100.0,SC,0.6335571025974823,0.8557033124469183,929.0,166.3793103448276,0.93,0.03195,978.0,986.0,1.0,7298.8,7298.8,1.0,1.0,0.0,0.0,29.0,1.0,Baixo Risco
98dc34430f09b95e660cc6ef8a2b72a2536463169d90c211c00e4d4f3f2a011b,3101200.0,RS,0.9837156322459104,0.8530041727895563,952.0,253.5686274509804,0.97,0.0,980.0,989.0,0.0,0.0,0.0,0.0,0.0,0.0,0.0,0.0,1.0,Baixo Risco
88162e524ca99171adeecdf5cf8373a7c6e3534ecded22b37d79a0c4c28efc0f,1033302.0,SP,0.4023527733882857,0.3858392118250924,136.0,116.49253731343283,0.45,0.1261,47.0,968.0,1.0,1327.38,0.0,2.0,1.0,0.0,1327.38,58.0,1.0,Baixo Risco
3109b0ef9078c7d1399e0b63eef85ee76236648ac879ad3e51529a08ba00a32c,4634601.0,BA,0.3776170844585519,0.8496249706544857,505.0,99.24137931034484,0.72,0.23417,965.0,980.0,4.0,21728.260000000002,21728.260000000002,0.5,0.25,0.0,0.0,12.25,1.0,Baixo Risco
66394a6658691f7bafc96c9a0003206fbcc79c75861eead3e3703498d3a44970,4771701.0,PR,0.8980138768855416,0.8530041727895563,948.0,32.666666666666664,0.98,0.18994,964.0,988.0,0.0,0.0,0.0,0.0,0.0,0.0,0.0,0.0,1.0,Baixo Risco
8640b2b6890ae35ed65866949f686a689f7a6eef8ce6dc737182bc4e13b02e15,1091101.0,RS,0.7258430830126427,0.870275225733619,676.0,153.9918918918919,0.92,0.0596,117.0,982.0,1.0,3616.45,3616.45,0.0,0.0,0.0,0.0,48.0,1.0,Baixo Risco
a77d5a31c854890b5e11206f09939dd12079ac0bff7c5074f90d85ae9c0fe5d6,1012101.0,Sem Info,0.7715899748553783,0.8495551386840179,904.0,241.52666666666667,0.96,0.16899,980.0,988.0,19.0,68256.86,62605.42,0.10526315789473684,0.05263157894736842,0.0,5651.44,19.842105263157894,1.0,Baixo Risco
18401624f718e8bf4cb034511b3b5a8fc512986012a32d70895eb5931738384b,4744099.0,RS,0.8635544307680719,0.8530041727895563,922.0,172.57971014492753,0.97,0.16264,981.0,989.0,0.0,0.0,0.0,0.0,0.0,0.0,0.0,0.0,1.0,Baixo Risco
b2729a67b36f69d1a8d7c1ca6ba0e3666aec9dbe5adb4690aec7bdc2d7a2dd84,4771701.0,PR,0.9753711864844524,0.8530041727895563,943.0,174.90322580645162,0.99,0.08492,981.0,987.0,0.0,0.0,0.0,0.0,0.0,0.0,0.0,0.0,1.0,Baixo Risco
2d63be5d720544006822d0fcb7bbdcddbaa11ec6d169926be3649f889c24c8fe,4511101.0,RS,0.894033973790491,0.8794639599409583,876.0,234.41216216216216,0.94,0.0069,952.0,988.0,0.0,0.0,0.0,0.0,0.0,0.0,0.0,0.0,1.0,Baixo Risco
233d951c8c774f1e07df5a473e219097b7ef6c2e2aa83d6eb5c59816b1093958,4771701.0,PR,0.2297199450537955,0.8530041727895563,142.0,104.1923076923077,0.68,0.10247,77.0,721.0,0.0,0.0,0.0,0.0,0.0,0.0,0.0,0.0,1.0,Baixo Risco
30800e3b8abddfaee9f7f7609df65087180971700f9ea6e49e1f1d7ffb9bfb8b,2532201.0,PR,0.9593130562355512,0.8530041727895563,945.0,241.65217391304347,0.96,0.00148,980.0,989.0,8.0,30940.9,31149.38,0.75,0.125,0.0,-208.47999999999956,60.875,1.0,Baixo Risco
3b6e2e8555f5ed9da15e5e18db6da6cc1b8438df9ae159e645e1add5d244efb6,4744099.0,SC,0.9616280819543336,0.7699273398411499,892.0,170.125,0.99,0.03532,967.0,988.0,0.0,0.0,0.0,0.0,0.0,0.0,0.0,0.0,1.0,Baixo Risco
02faf700b2f9d26a9a0f8fcd1fc2f321333f48ccbc077b8e17f093bb9b88de4f,6920601.0,RS,0.8242996852136015,0.8530041727895563,777.0,0.0,0.8,0.0,791.0,971.0,0.0,0.0,0.0,0.0,0.0,0.0,0.0,0.0,1.0,Baixo Risco
101f126f550065deafbfb7ecdc4d49339dd7000dd7fb997fe0ccd83697eb37ec,1121600.0,RS,0.9450008637113776,0.967107597249336,953.0,153.61016949152545,0.95,0.05978,979.0,989.0,0.0,0.0,0.0,0.0,0.0,0.0,0.0,0.0,1.0,Baixo Risco
25337c2bfc1e0338880e0cec1814e1d233558f153720b4cf1de68badb253717f,1013902.0,RS,0.7086807508531778,0.4103591408677922,493.0,110.8048780487805,0.85,0.10601,714.0,984.0,0.0,0.0,0.0,0.0,0.0,0.0,0.0,0.0,1.0,Baixo Risco
0e4b12efef295d6deeba4b49a731a7c8935d9658b1408c3e67cbfbc8b8ea339f,4781400.0,SP,0.6116015836957469,0.8530041727895563,703.0,12.333333333333334,0.86,0.66613,811.0,986.0,0.0,0.0,0.0,0.0,0.0,0.0,0.0,0.0,1.0,Baixo Risco
68ce8f71d7deb9ca52448d46bb3e3a488a1f8a9f215d5b93a0daec1511a01369,4781400.0,MT,0.3655363254659485,0.8530041727895563,381.0,118.53012048192772,0.82,0.27814,469.0,959.0,0.0,0.0,0.0,0.0,0.0,0.0,0.0,0.0,1.0,Baixo Risco
80956bef755810e499041a80453b49cc691aadf68c253dac203c973031c43b5a,4711302.0,BA,0.932246506767812,0.9919370631425192,958.0,196.03139013452915,0.96,0.08846,982.0,989.0,0.0,0.0,0.0,0.0,0.0,0.0,0.0,0.0,1.0,Baixo Risco
bb9ef8cb5b69d50cec595a4358fc3f51aa820b70423647f9b183309a9fb40c7e,2222600.0,PR,0.974674177559832,0.8261018792137311,958.0,271.51612903225805,0.95,0.0,979.0,989.0,0.0,0.0,0.0,0.0,0.0,0.0,0.0,0.0,1.0,Baixo Risco
b52d6698d402390335f335055d710c41e35f222820f389f92d7c9191818b7fd6,3832700.0,SP,0.9806560137252602,1.0,956.0,223.0,0.97,0.0,983.0,988.0,126.0,3074374.15,3074374.15,0.1111111111111111,0.06349206349206349,0.0,0.0,59.357142857142854,1.0,Baixo Risco
1e143de143d054d741d99bc7aaf1a1bf7e31894887a3e5a796a3cfda07151ba0,119903.0,SP,0.8911209321012454,0.8530041727895563,766.0,0.0,0.92,0.0,775.0,975.0,0.0,0.0,0.0,0.0,0.0,0.0,0.0,0.0,1.0,Baixo Risco
b4b3ce668aa581bcca85fc48619ae1a8eb3c02498f067d22a7e1d47ff1e20676,4771701.0,PR,0.903092815523602,0.8530041727895563,919.0,198.7111111111111,0.95,0.02504,970.0,988.0,0.0,0.0,0.0,0.0,0.0,0.0,0.0,0.0,1.0,Baixo Risco
eb272e6eaec02e3c05131a5d3b9f8a060c164f6a8f9df5287241b0fd6af98e56,4744002.0,MG,0.9951435790901276,1.0,901.0,221.6,0.95,0.0,969.0,988.0,0.0,0.0,0.0,0.0,0.0,0.0,0.0,0.0,1.0,Baixo Risco
ece367e55ad708819977b3374971f6d2fb7baa1c038cf6698de76b4e44ee4aca,6920601.0,MG,1.0,0.8530041727895563,867.0,361.0,0.85,0.0,815.0,973.0,0.0,0.0,0.0,0.0,0.0,0.0,0.0,0.0,1.0,Baixo Risco
9993ae63d1b58c48a2c0092cfda28e5f1abcc666739bcff648595410274861af,3299005.0,RN,0.8044213507996869,0.8712943668720483,926.0,248.7619047619048,0.93,0.0269,977.0,989.0,37.0,100726.63,92423.92,0.6486486486486487,0.35135135135135137,0.0,8302.710000000001,51.54054054054054,1.0,Baixo Risco
b8860d563701b98acf7ceaf58a29e67a3ba8d9d9ff11806342d9bea6c464239b,4781400.0,SP,0.8493888240522354,0.8530041727895563,953.0,20.6,0.97,0.1256,969.0,989.0,0.0,0.0,0.0,0.0,0.0,0.0,0.0,0.0,1.0,Baixo Risco
f440f38d44504cf229977ec3b63a9c6134cfdb1239d233cb63321ea3b1eb5783,4744001.0,SC,0.9897464325945562,0.8530041727895563,891.0,212.375,0.97,0.0,968.0,988.0,0.0,0.0,0.0,0.0,0.0,0.0,0.0,0.0,1.0,Baixo Risco
b7aed643bbec5e76593ecf640c00c4eecced75da4e58168d6da7c18d43ec26c6,6462000.0,SC,0.1652255109699287,0.8530041727895563,914.0,107.5,0.92,0.0,969.0,987.0,1.0,319205.69,358118.92,31.0,1.0,0.0,-38913.22999999998,1136.0,1.0,Baixo Risco
5a1df18858f5f7cb726013a0543e115e3368ec9bfa4574df2ab56d0be376c5b8,4637107.0,SP,0.9545289885240164,0.9393049871436656,951.0,231.80327868852456,0.97,0.06498,980.0,989.0,1.0,450.0,450.0,0.0,0.0,0.0,0.0,7.0,1.0,Baixo Risco
001b70791e528af6d8fc2bb1118567829782222e93524e7a159ab9ebb2c65b96,4646002.0,CE,0.9995756648559264,0.764605332837766,964.0,237.28571428571428,0.91,0.0,968.0,989.0,0.0,0.0,0.0,0.0,0.0,0.0,0.0,0.0,1.0,Baixo Risco
43a1784a5b374659da96b5b161032376c77c9764805d1585e01dda606b2032c0,4742300.0,SC,0.965568424957733,0.9430774528083756,912.0,153.2,0.94,0.0,975.0,988.0,0.0,0.0,0.0,0.0,0.0,0.0,0.0,0.0,1.0,Baixo Risco
0c2fa606f8eba50f960b42ecda8bc834c23fd2d5a4e31da5f603848762dcc220,4729699.0,RS,1.0,0.8530041727895563,813.0,0.0,1.0,0.0,827.0,955.0,0.0,0.0,0.0,0.0,0.0,0.0,0.0,0.0,1.0,Baixo Risco
bac53596f96ce532bf8150b62b20218ab2a6b1e25452795815a2bfe160c33863,2610800.0,Sem Info,0.8968153565734148,0.4943217434803907,927.0,212.9516129032258,0.91,0.00485,961.0,989.0,0.0,0.0,0.0,0.0,0.0,0.0,0.0,0.0,1.0,Baixo Risco
4c49a69d7d298914638bc47cda3255aefa82aa0dba3c933fba3a37b4dea5ab4d,1099699.0,PE,0.825650791834081,0.8530041727895563,692.0,174.0,0.88,0.0,960.0,987.0,1.0,1740.0,1740.0,0.0,0.0,0.0,0.0,26.0,1.0,Baixo Risco
947c99dae97459cc41a73c4931d813d2a204c4e142f56e555867026cdce3e893,4646001.0,Sem Info,0.05,0.8937728836889347,127.0,117.18032786885246,0.54,0.09619,89.0,914.0,32.0,69483.19,59467.24,0.25,0.15625,0.0,10015.95,51.1875,1.0,Baixo Risco
139e90023fe8556083a9df032336f48390943dd53f5517552e7c4a6699501e49,4771701.0,PR,0.9894972213848394,0.8530041727895563,961.0,225.1951219512195,0.99,0.01258,959.0,988.0,0.0,0.0,0.0,0.0,0.0,0.0,0.0,0.0,1.0,Baixo Risco
8342ea3bcc158d8a5ecd7c5c7f2a10500a9282d0b6fe3a885f2fd7173faf664a,4782201.0,PE,0.973598141242338,0.8530041727895563,946.0,127.63636363636364,0.98,0.58967,966.0,988.0,0.0,0.0,0.0,0.0,0.0,0.0,0.0,0.0,1.0,Baixo Risco
3fcaab34dcfde32de080275d97bc3304b27a3634cb863eeaee3b8dba4aa6450c,4632001.0,MT,0.7391055188364306,0.6661674960338312,612.0,120.0909090909091,0.71,0.01225,952.0,988.0,17.0,1552899.08,488077.08,0.35294117647058826,0.35294117647058826,0.0,1064822.0,89.11764705882354,1.0,Baixo Risco
bb2c6801ec878ab650e4365d1d6e568f033706b4a3e38c2af612792c9b82f695,4781400.0,PR,0.8274729724611488,0.8530041727895563,894.0,0.0,1.0,0.0,905.0,983.0,0.0,0.0,0.0,0.0,0.0,0.0,0.0,0.0,1.0,Baixo Risco
7aaea368470d0c15463ad87cbe701bdb364ff5b94b804f133562934c3f26f046,2731700.0,MG,0.9925060039645504,0.4194215665481315,947.0,205.45299145299143,0.98,0.01537,981.0,988.0,0.0,0.0,0.0,0.0,0.0,0.0,0.0,0.0,1.0,Baixo Risco
3e1449f0f6178cbce0d9462785c974d1013009c9a55e6c9b13e144a5687e3d99,4781400.0,MG,0.9979109115043812,0.8530041727895563,855.0,20.0,0.94,0.0,920.0,987.0,0.0,0.0,0.0,0.0,0.0,0.0,0.0,0.0,1.0,Baixo Risco
8ca32e6552ed1c43fe31c8e8319acc93b5dd77bc5ce7c0d2747474c53a1c2a3b,4781400.0,BA,0.3417420639432681,0.8530041727895563,486.0,61.86274509803921,0.87,0.32947,38.0,803.0,0.0,0.0,0.0,0.0,0.0,0.0,0.0,0.0,1.0,Baixo Risco
7d9b204c558507a58636914490d91f841191a85bfb1cc16d35f1e4b8b2a8f642,2941700.0,PR,0.4085499072223171,1.0,125.0,75.48112449799197,0.43,0.18817,82.0,978.0,0.0,0.0,0.0,0.0,0.0,0.0,0.0,0.0,1.0,Baixo Risco
a241833f8b4048a5505df7a4e4ca6af355df802a2f5132c2dc818ccdfdb7e914,4110700.0,SP,0.78639180428566,0.7845041324914453,767.0,122.96428571428572,0.89,0.08022,975.0,988.0,0.0,0.0,0.0,0.0,0.0,0.0,0.0,0.0,1.0,Baixo Risco
010ab2c35c6612c5b7fccbda92ce2559d3c8ce47f2d8af84e401d8e2fb5f73f1,4781400.0,MG,0.5642961603307145,0.8530041727895563,949.0,19.0,0.95,0.09664,910.0,985.0,0.0,0.0,0.0,0.0,0.0,0.0,0.0,0.0,1.0,Baixo Risco
cf6ca23b452c14a8cca0fe95a78832595dd284f35abd66522290a32b2b2e6cf5,4771701.0,PR,0.4324647362095002,0.8530041727895563,357.0,121.1818181818182,0.86,0.16748,50.0,854.0,0.0,0.0,0.0,0.0,0.0,0.0,0.0,0.0,1.0,Baixo Risco
fb79d3b10a80b9c9450533e8795ff8a54cfa242ca3e188c84da2748bdaf39f46,4712100.0,SP,0.975678154620684,0.8530041727895563,816.0,191.0,0.9,0.00796,945.0,986.0,0.0,0.0,0.0,0.0,0.0,0.0,0.0,0.0,1.0,Baixo Risco
9ca2a8179ea4fdca66935601a9c43ca63116cdbeeff09a2e900827e9e4ffbbed,2229399.0,SC,0.9463663385672336,0.7763748586218886,957.0,228.65079365079364,0.97,0.17027,980.0,988.0,8.0,239216.64,239216.64,0.25,0.125,0.0,0.0,30.875,1.0,Baixo Risco
0cc179025e5cdb20f3ab060681d0da85993b5184573362d71f3cd29243dee8a9,5611204.0,GO,0.9696964589525028,0.8530041727895563,960.0,213.34375,0.96,0.02008,983.0,989.0,0.0,0.0,0.0,0.0,0.0,0.0,0.0,0.0,1.0,Baixo Risco
c6f9b3e68f7adae286eca147c67f8471497e4b67f4c5ff08253983192d0d8176,4530701.0,Sem Info,0.7278251591965201,0.8530041727895563,870.0,143.83333333333334,0.81,0.40874,883.0,984.0,1.0,815.0,815.0,0.0,0.0,0.0,0.0,31.0,1.0,Baixo Risco
bf849b658840c4fd5aeb36569f08241620a8b23308d8c33cbb3984c06d36f149,4771701.0,PR,0.9286950441416172,1.0,834.0,243.28571428571428,0.96,0.16075,951.0,987.0,0.0,0.0,0.0,0.0,0.0,0.0,0.0,0.0,1.0,Baixo Risco
6314e6699ec19feeda67ab44e2b6adc11b63e35281724b1bcbac74a2286c1663,4771701.0,PR,0.9904232893387708,0.8530041727895563,940.0,232.625,0.97,0.0,982.0,989.0,0.0,0.0,0.0,0.0,0.0,0.0,0.0,0.0,1.0,Baixo Risco
cd16fa52d8ccbea15fab1cf079fdd4f07f970035f9a82dbec3eb212ec9a8d58e,4771701.0,PR,0.2261178334559194,0.8530041727895563,838.0,102.55223880597016,0.69,0.1784,959.0,984.0,0.0,0.0,0.0,0.0,0.0,0.0,0.0,0.0,1.0,Baixo Risco
12719b4fe805053385bd3d8e210bb29d85f9eefed6d1d0db276b35ccef688b43,4120400.0,SP,0.6990938830986342,0.8530041727895563,895.0,179.38333333333333,0.84,0.01915,972.0,988.0,2.0,265226.12,270673.58,2.0,0.5,0.0,-5447.459999999992,244.0,1.0,Baixo Risco
831238ff097070a2e8a63c8cf7f6f49004d6fdfe8a4298d29e5ba771ef4ae6c8,4759899.0,RS,0.8922566461948418,0.8530041727895563,945.0,220.9090909090909,0.96,0.0546,979.0,986.0,0.0,0.0,0.0,0.0,0.0,0.0,0.0,0.0,1.0,Baixo Risco
8dfee7e4a15cf64b0d58d89db900fb57005b3c584a9222d95614a4c7a448b5ab,4329105.0,SP,0.05,0.8530041727895563,72.0,72.18181818181819,0.11,0.65576,217.0,841.0,1.0,242796.87,242796.87,0.0,0.0,0.0,0.0,33.0,1.0,Baixo Risco
ff635b326cece6435986d6c7aa1cc93bad570a3b5e7b9f805e5b5c2c4f16dd3d,810004.0,PA,0.893164276333447,1.0,859.0,172.63636363636363,0.91,0.0144,964.0,989.0,0.0,0.0,0.0,0.0,0.0,0.0,0.0,0.0,1.0,Baixo Risco
3c3327cfe7155e7685fd59b647e95672e65e145f0a64f60355ea6d387cd6dc85,4689301.0,SP,0.9806714324435424,0.8822767895496682,826.0,33.2,0.84,0.00106,977.0,988.0,3.0,1490087.94,1490087.94,0.0,0.0,0.0,0.0,28.0,1.0,Baixo Risco
82bd7ba93e044715dfaa6a0d583e2f2bab96933cc1cb2260e23952e0515de691,1540800.0,SP,0.6875394622173082,0.8530041727895563,943.0,226.07407407407408,0.92,0.66237,983.0,989.0,0.0,0.0,0.0,0.0,0.0,0.0,0.0,0.0,1.0,Baixo Risco
5510a39e097346b4cce09584fa2c962f7be0366c518961e8dcbd222cf1a97bc6,4729699.0,SP,0.9617005621246454,1.0,941.0,85.6,0.91,0.24863,980.0,989.0,0.0,0.0,0.0,0.0,0.0,0.0,0.0,0.0,1.0,Baixo Risco
7e98ee135fb89eff2b4d4c148461a8ce445707ee18cd2e5665f2c9204e8377b8,4771701.0,PR,0.6514051283462641,0.8530041727895563,343.0,70.79245283018868,0.69,0.09665,123.0,970.0,0.0,0.0,0.0,0.0,0.0,0.0,0.0,0.0,1.0,Baixo Risco
fcf85e95a9d305ebcf6c22d81f55a6e8caa1987803c68eb9694fca8683246992,1013902.0,Sem Info,0.8491588391400754,0.7474052517945995,741.0,105.41176470588236,0.75,6e-05,925.0,985.0,4.0,678061.16,0.0,6.5,0.5,0.5,678061.16,49.25,1.0,Baixo Risco
1f7f82d7d77b07ba13ff5985fd2a10913ca7bbbb427f6d09248a6db17e2e044d,4120400.0,PE,0.6268296700776109,0.1997721742709634,714.0,109.0,0.79,0.18264,956.0,987.0,0.0,0.0,0.0,0.0,0.0,0.0,0.0,0.0,1.0,Baixo Risco
102dd5f6e2b86c84e4f6a6d94c3f784f867dbedce98437e5d1395f621076b3a3,4110700.0,SP,0.8606467180515666,0.7854379125404896,743.0,172.58333333333334,0.88,0.0,950.0,989.0,0.0,0.0,0.0,0.0,0.0,0.0,0.0,0.0,1.0,Baixo Risco
63cb66be565b78257e5fef2f6b07915debf69f2c83a8fc93c26412815b2c05a5,4731800.0,MS,0.9169611715831408,0.96824898637173,953.0,182.6779661016949,0.95,0.00187,973.0,989.0,0.0,0.0,0.0,0.0,0.0,0.0,0.0,0.0,1.0,Baixo Risco
d55dc8484452e6dee41cb5c062aac546322d38cb1d3b9b1331db097946888f5b,2061400.0,BA,0.9706462425097726,0.89865136634697,964.0,219.26451612903224,0.97,0.00421,983.0,989.0,0.0,0.0,0.0,0.0,0.0,0.0,0.0,0.0,1.0,Baixo Risco
80718fcf6f8948809e62864dfcda15fedefbe636922d3b0c7c8d42a24eea3d79,4781400.0,SE,0.8920115576101659,0.8530041727895563,911.0,47.5,0.94,0.0,974.0,989.0,0.0,0.0,0.0,0.0,0.0,0.0,0.0,0.0,1.0,Baixo Risco
856a85c5a30737b8ec98e3a184e1a294e9b39187b6e49f9a07e77caf0ae13319,4744099.0,MG,0.8684310924537259,1.0,841.0,107.33333333333331,0.7,0.0,943.0,988.0,0.0,0.0,0.0,0.0,0.0,0.0,0.0,0.0,1.0,Baixo Risco
ec40be5c52453155de889f1add47b0f525523b292a53d362d20c053e9a4de42c,4930202.0,CE,0.6781232314964952,0.8530041727895563,751.0,223.23076923076923,0.83,0.33045,960.0,989.0,1.0,27833.0,27833.0,0.0,0.0,0.0,0.0,15.0,1.0,Baixo Risco
45e7b4e464d4da663e545ef9da637fc63be991737c6decd6aa1aa17ad2d6dd46,3299099.0,SP,0.8592373907882613,1.0,947.0,125.5,0.9,0.20539,966.0,987.0,0.0,0.0,0.0,0.0,0.0,0.0,0.0,0.0,1.0,Baixo Risco
2a8eb98b9077b1e08efc2fd239b933afef7f30e37957436c25dd57f2cf2d8443,4781400.0,GO,0.981378119945077,0.8530041727895563,805.0,136.5,0.97,0.02869,836.0,983.0,0.0,0.0,0.0,0.0,0.0,0.0,0.0,0.0,1.0,Baixo Risco
070b484508b9fed3dbfa15bfe71390ae4504041f7fe74ee6642ddb49c19aa2e5,4781400.0,MG,0.935638933998935,0.8530041727895563,925.0,116.5,0.95,0.2772,979.0,989.0,0.0,0.0,0.0,0.0,0.0,0.0,0.0,0.0,1.0,Baixo Risco
861f4a80bdaec25cc6ac190cbaca51d45458d0422754ceaf8835f72f1f85175d,4752100.0,SP,0.6428185022421485,1.0,447.0,186.16666666666663,0.8,0.19282,723.0,988.0,1.0,696.43,696.43,2.0,1.0,0.0,0.0,62.0,1.0,Baixo Risco
bdd83d529170aa363c5738d6094e7fd90acf7e7bf3493764579dfa30740a54c1,2949299.0,SP,0.969957266244295,0.8530041727895563,922.0,161.99333333333334,0.97,0.00162,982.0,989.0,0.0,0.0,0.0,0.0,0.0,0.0,0.0,0.0,1.0,Baixo Risco
1f50880cb6e7807c3121a8d8d0a8588ac59a9e0d592c4c5d7818235c71f9170c,2399199.0,MG,0.9871254764018544,0.9943875239875346,894.0,166.5,0.83,0.1328,943.0,989.0,0.0,0.0,0.0,0.0,0.0,0.0,0.0,0.0,1.0,Baixo Risco
9cf2dc082f4662d42c08719d28ac7d27bcd740c97d5945381b84d3c957290061,7020400.0,MG,0.961980619748962,0.8716494561337976,909.0,191.0,0.88,0.0,970.0,989.0,0.0,0.0,0.0,0.0,0.0,0.0,0.0,0.0,1.0,Baixo Risco
3ecdf0a4f2b7c2c4d6f894680b530f783c3e6ea1478f51bfee30d6f260721932,4771701.0,PR,0.9366072024223784,0.8530041727895563,902.0,179.56666666666666,0.96,0.00212,981.0,987.0,0.0,0.0,0.0,0.0,0.0,0.0,0.0,0.0,1.0,Baixo Risco
c1ce267dfa6a3afdaea4163b72b3cd43600ebce2853b861420b824ea1211c115,4644301.0,SC,0.0588149247521803,0.927246199556848,57.0,34.030773079809855,0.13,0.07195,67.0,909.0,897.0,1852424.95,879150.3,13.965440356744704,0.4816053511705686,0.005574136008918618,973274.6499999999,50.28316610925307,1.0,Baixo Risco
3a9b23bf9bd3361b8643e97262337928e0d0a1f3ddf42fc5498484e74e425151,4771701.0,PR,0.9896815703607036,0.8530041727895563,963.0,215.5757575757576,0.99,0.0334,982.0,989.0,0.0,0.0,0.0,0.0,0.0,0.0,0.0,0.0,1.0,Baixo Risco
9cd54c1cd26d329ce09c6568ac16dbafe5e370f02b65307098ec48568bf85728,4771701.0,PR,0.9997416933616772,0.8530041727895563,961.0,242.63636363636363,0.98,0.0,978.0,988.0,0.0,0.0,0.0,0.0,0.0,0.0,0.0,0.0,1.0,Baixo Risco
2aa4aa9567adf58edacca442852ef827b0c708631de825a5462fd05094e6c923,3102100.0,SP,0.8134096889681843,1.0,777.0,203.3846153846154,0.9,0.25132,313.0,982.0,0.0,0.0,0.0,0.0,0.0,0.0,0.0,0.0,1.0,Baixo Risco
413097adff70d32139011cbe3a7c9c56e32ad3659808ca83e48386c554dccecd,1011201.0,TO,0.7281552908408517,0.9664754964125344,554.0,183.3265306122449,0.82,0.00077,785.0,981.0,3.0,12468.44,12517.17,1.6666666666666667,0.3333333333333333,0.0,-48.73000000000002,23.666666666666668,1.0,Baixo Risco
a7c2ada4dfc3666f2ea153d21c2a157d7f02a005d6a2d041a19f1b26f05dfa09,4754701.0,ES,0.9431719560097412,0.8530041727895563,936.0,249.88888888888889,0.84,0.0,978.0,987.0,0.0,0.0,0.0,0.0,0.0,0.0,0.0,0.0,1.0,Baixo Risco
e60e57fb24b60d96dbc0d3b5a9fad19e252ebde5e0a4d5fb58ed48a78eb6ad12,4781400.0,SP,1.0,0.8530041727895563,700.0,241.0,0.82,0.0,825.0,986.0,0.0,0.0,0.0,0.0,0.0,0.0,0.0,0.0,1.0,Baixo Risco
af5e631b73fe3b14cf44a9948d42fe294f3209c5e0b9d95e537e50e8f33c3a63,8129000.0,AM,0.5673376872186876,0.8530041727895563,519.0,138.58490566037736,0.87,0.24228,883.0,985.0,0.0,0.0,0.0,0.0,0.0,0.0,0.0,0.0,1.0,Baixo Risco
b3fd8a07c454d8ad2c484af058cb03a911b90a59c1c7ab2f766a3b82146933b8,4763601.0,AM,0.8558280507070826,0.8530041727895563,864.0,101.83333333333331,0.96,0.36958,972.0,988.0,0.0,0.0,0.0,0.0,0.0,0.0,0.0,0.0,1.0,Baixo Risco
599420de813447c7dd263b97f0827d724acfbbbe71911993d614b00c73733a7f,4321500.0,Sem Info,0.9312660592871954,0.8530041727895563,937.0,26.0,1.0,0.0,904.0,984.0,0.0,0.0,0.0,0.0,0.0,0.0,0.0,0.0,1.0,Baixo Risco
7ff79b216db2e3ddf61fa1028bb820f0bf8ca6f0a0cac6295f5b027aeaf92ed2,4771701.0,PR,0.9887957640918164,0.8530041727895563,945.0,227.24242424242425,0.98,0.03146,980.0,986.0,0.0,0.0,0.0,0.0,0.0,0.0,0.0,0.0,1.0,Baixo Risco
f49fa9b157b596253da2dd7b10f5cc85c569045798c249c7edd60b637f6906d6,4781400.0,RJ,1.0,0.8530041727895563,962.0,133.8,0.99,0.0,981.0,989.0,0.0,0.0,0.0,0.0,0.0,0.0,0.0,0.0,1.0,Baixo Risco
0e0c3fdb867d452881ba8acc37ff060f9b96bf4a7970b743c4019d32e2c9a3c1,1412601.0,Sem Info,0.9712826650401336,0.981848685764489,941.0,242.7,0.96,0.00882,979.0,989.0,5.0,43373.130000000005,43373.130000000005,0.2,0.2,0.0,0.0,48.2,1.0,Baixo Risco
d8dfbae478f4e3287019ff49de5474ccc0143295336626fd1a6e5d4bd0846136,4711302.0,SC,0.930537117738483,0.8530041727895563,954.0,226.47619047619048,0.92,0.17456,971.0,989.0,0.0,0.0,0.0,0.0,0.0,0.0,0.0,0.0,1.0,Baixo Risco
de3faf3784aef1ef299848e259552064290b059aa31442e8b060ed1963a44eb9,4771701.0,PR,0.7257398491431357,0.8530041727895563,817.0,190.47368421052636,0.97,0.0921,213.0,973.0,0.0,0.0,0.0,0.0,0.0,0.0,0.0,0.0,1.0,Baixo Risco
71a062e4b0f55a494fd82d9356dfc482370737ddd122a49dcc59d6ab4eccbdfa,4781400.0,SP,0.8848862710226687,0.9755897368178582,727.0,91.5,0.92,0.00864,822.0,986.0,0.0,0.0,0.0,0.0,0.0,0.0,0.0,0.0,1.0,Baixo Risco
76f3d80c83f176d6c2dee8a0a193b0ede95935f45460b22bf97da5c7853bddef,4771701.0,BA,0.9021107887068148,0.8530041727895563,857.0,180.5,0.94,0.09853,949.0,988.0,0.0,0.0,0.0,0.0,0.0,0.0,0.0,0.0,1.0,Baixo Risco
f76d7efa318f6e115632114a30233015518de494f36a062c60232730069d7419,4751201.0,Sem Info,0.5358777754041055,0.4349631150751765,491.0,164.65217391304347,0.9,0.05967,871.0,979.0,1.0,1580.0,1580.0,0.0,0.0,0.0,0.0,84.0,1.0,Baixo Risco
ef62fb8244659bbae61bd9a52f38bda53ee5571746d32b5d2d641988b26fabbf,4781400.0,SP,0.782217973825543,0.8530041727895563,926.0,174.2,0.95,0.0,961.0,986.0,0.0,0.0,0.0,0.0,0.0,0.0,0.0,0.0,1.0,Baixo Risco
8c976f83da8f760923f88b816b7edf7c5a427cdfdff50bed818a0c49e39458b2,4689399.0,MG,0.9585770141773314,0.6834183462802073,963.0,236.84615384615384,0.98,0.0,980.0,989.0,0.0,0.0,0.0,0.0,0.0,0.0,0.0,0.0,1.0,Baixo Risco
dc91e79a1d66a4bff4ff2393440fad9f86964b136764ba4d877dfa54130618fd,4753900.0,MG,0.2362674168180469,0.9339102736302548,178.0,86.38095238095238,0.64,0.17316,24.0,866.0,0.0,0.0,0.0,0.0,0.0,0.0,0.0,0.0,1.0,Baixo Risco
b9562bac13a74fceeb9b12272ab0de520fe9e852a12b2b6679b0c5a79c685d67,4930202.0,SP,0.8418704241462559,0.8530041727895563,463.0,135.38235294117646,0.81,0.34967,550.0,988.0,0.0,0.0,0.0,0.0,0.0,0.0,0.0,0.0,1.0,Baixo Risco
8fe83bebaf9034b456ae9b5dd43724201891745447b172e41190dfc923887504,4771701.0,PI,0.9327838749642564,0.8530041727895563,953.0,209.25,0.97,0.19529,977.0,988.0,0.0,0.0,0.0,0.0,0.0,0.0,0.0,0.0,1.0,Baixo Risco
81dc880fa59b8c1711b536be74124c74b3228d94935d867e96bcedc9a3fe6695,4771701.0,PR,0.359824981996673,1.0,166.0,81.94478527607362,0.64,0.1593,65.0,946.0,0.0,0.0,0.0,0.0,0.0,0.0,0.0,0.0,1.0,Baixo Risco
4c7c89d30ff55e5a4ada5e67614cf17c8e031d097df4cb98d7bf90886cd8274d,2121101.0,BA,0.4638287955470097,0.8434212081815923,232.0,131.97222222222223,0.63,0.0472,790.0,988.0,1.0,67500.0,67500.0,0.0,0.0,0.0,0.0,150.0,1.0,Baixo Risco
e7837fc56b5ded86cd8676d1f94cee2721238f833af1a7f77338d86afff59f1e,4634601.0,SP,0.98742807321048,0.986286360562874,866.0,126.71428571428572,0.91,0.00011,971.0,988.0,0.0,0.0,0.0,0.0,0.0,0.0,0.0,0.0,1.0,Baixo Risco
31b531ae63ae3c9f8387726a089c98fa4efb9a7b41b62bc935c6825ef460f3ef,4511101.0,PR,0.9311924244698908,0.6677068018521412,599.0,203.64417177914112,0.89,0.00581,948.0,989.0,0.0,0.0,0.0,0.0,0.0,0.0,0.0,0.0,1.0,Baixo Risco
b4514e457b462aa43df44a77ccb13c9b7dd93efe3b5265b56ce2b00af9722914,4782201.0,SP,0.9270779359762004,0.8530041727895563,911.0,211.72727272727272,0.96,0.00199,967.0,988.0,0.0,0.0,0.0,0.0,0.0,0.0,0.0,0.0,1.0,Baixo Risco
9b5776a071e383bc3da1d83a9b148f56f16550645f8e0614d6261c7668e1640e,4771701.0,MG,0.8679317018816088,0.2803947758071614,957.0,244.1686746987952,0.98,0.0,979.0,988.0,0.0,0.0,0.0,0.0,0.0,0.0,0.0,0.0,1.0,Baixo Risco
d519648620869a6d08310a1301bab71ae2e6aa7e369afb2b33ebe19abf8f9d1e,4744001.0,SC,0.9973885347085591,0.9363967223474378,951.0,192.66666666666663,0.98,0.0,973.0,988.0,0.0,0.0,0.0,0.0,0.0,0.0,0.0,0.0,1.0,Baixo Risco
9831879714b3bd34750626f2408e9c336e2c7ba72efeb6f3d03e1f69ae6931dc,2121101.0,Sem Info,0.2782427490317798,0.2821485911063288,661.0,216.1578947368421,0.79,0.34378,666.0,983.0,1.0,2200.8,2274.17,4.0,1.0,0.0,-73.36999999999989,33.0,1.0,Baixo Risco
20155d7d352f55d8d14775e5e9e0a3d9af36935af64172cef54b95f4775eff1d,4642701.0,SP,0.1719774291827099,0.8530041727895563,414.0,68.16,0.64,0.23784,910.0,977.0,1.0,2200.5,2200.5,0.0,0.0,0.0,0.0,109.0,1.0,Baixo Risco
d9efd1186c68bad0eb0afa096a90fe828ef994711f37eb91fdf6e0795de5edd8,1095300.0,SP,0.99102150569908,1.0,961.0,175.25,0.97,0.0,981.0,988.0,0.0,0.0,0.0,0.0,0.0,0.0,0.0,0.0,1.0,Baixo Risco
4051e3909b6a0c4082dc4c329d491da47db7785800bb18da67ba762356e59c09,1013901.0,DF,0.9532173573768792,0.7184297018763005,950.0,222.69230769230768,0.93,0.00686,981.0,989.0,0.0,0.0,0.0,0.0,0.0,0.0,0.0,0.0,1.0,Baixo Risco
7d887299fe8c124c549f759457f6065d9db0c9fb25f92e7ffa04ea877bb6c197,1052000.0,RS,0.8825653671869232,0.8530041727895563,888.0,230.8392857142857,0.93,0.01396,968.0,989.0,2.0,23331.94,2700.0,0.0,0.0,0.5,20631.94,20.0,1.0,Baixo Risco
4e576f555840390c4ecbd9e2bf915ad681fddda5a8caeac8fed3d20e84cb9e1b,4781400.0,ES,0.9824848546854348,0.8530041727895563,959.0,201.3571428571429,0.97,0.15087,984.0,988.0,0.0,0.0,0.0,0.0,0.0,0.0,0.0,0.0,1.0,Baixo Risco
3f58f69b4829e18bc176b4b57a4f237f0f66a47ef16a2c02f7702bddda3b1b4d,4781400.0,SC,1.0,0.8530041727895563,923.0,248.8,0.98,0.0,980.0,989.0,0.0,0.0,0.0,0.0,0.0,0.0,0.0,0.0,1.0,Baixo Risco
4aa9adcc976c063fcf4796f0f3c4e4c4f88e57833334cb9d9a4f2fec38d347bc,7739099.0,SP,0.75696044198844,0.7114562177605197,651.0,97.52604166666669,0.78,0.01535,928.0,988.0,0.0,0.0,0.0,0.0,0.0,0.0,0.0,0.0,1.0,Baixo Risco
4284117c0f6842049cd9f5b1171478215a7239f019b8cc411ed0eeabbbc08718,4781400.0,RJ,0.3780786994707716,0.8530041727895563,125.0,187.33333333333331,0.79,0.10472,72.0,432.0,0.0,0.0,0.0,0.0,0.0,0.0,0.0,0.0,1.0,Baixo Risco
5291354fc559a9783596f19c07ff0c2ee1ca4b5a69408f666a8379e11f0cdca9,5611201.0,GO,0.98977781658118,0.8530041727895563,963.0,84.5,0.97,0.0,967.0,989.0,0.0,0.0,0.0,0.0,0.0,0.0,0.0,0.0,1.0,Baixo Risco
a1f827386c4c1d1e93d13c702894c3d5e96f113675e4704bee7d16aecb0c2a83,6822600.0,CE,0.893023413225351,0.8530041727895563,828.0,173.2,0.81,0.0,916.0,984.0,0.0,0.0,0.0,0.0,0.0,0.0,0.0,0.0,1.0,Baixo Risco
bc34ee70204d377d9b4447d4edd6b784e50430ab0fe6ff218cef43415ecb8a5e,4644301.0,RS,0.9213129735800908,0.7852727695355924,949.0,242.64814814814812,0.97,0.26764,981.0,989.0,0.0,0.0,0.0,0.0,0.0,0.0,0.0,0.0,1.0,Baixo Risco
a87bfeb0383ddb6b0a29d69c1647da642574a6228db864cf8b9364a7c0696ff9,1533500.0,SC,0.4637477031517381,0.624832307439501,361.0,120.40672782874616,0.66,0.09297,93.0,982.0,7.0,9970.58,7512.5,21.714285714285715,0.7142857142857143,0.0,2458.08,120.57142857142857,1.0,Baixo Risco
82c2cd84da699c4698f850c9febf3989d35f60d127a37d6c6ab577e1d1e8e758,4399199.0,SC,0.05,0.8530041727895563,85.0,77.57407407407408,0.25,0.40809,65.0,569.0,1.0,18709.21,0.0,0.0,0.0,0.0,18709.21,1.0,1.0,Baixo Risco
f61b1df90deab395d9705117373611ec2353e4e88ad135e46a9f12e0663f9a5b,4731800.0,RJ,0.984268282528906,1.0,965.0,233.72727272727272,0.9,0.0,974.0,988.0,0.0,0.0,0.0,0.0,0.0,0.0,0.0,0.0,1.0,Baixo Risco
286cef1c821bd8143754ad2b0c2a61316e0d506e109e5062ff136363b78a371e,4511104.0,Sem Info,0.3854719076472142,0.5652234281458652,778.0,168.89726918075422,0.85,0.03406,975.0,988.0,6.0,1821538.6,181979.24,6.166666666666667,0.6666666666666666,0.0,1639559.36,152.5,1.0,Baixo Risco
cecb64678266f5e1ff45adb4e85475218ceecb531b27df780b3982233bad22c7,4712100.0,Sem Info,0.9384804333714558,0.8530041727895563,933.0,283.7638888888889,0.95,0.01825,965.0,988.0,0.0,0.0,0.0,0.0,0.0,0.0,0.0,0.0,1.0,Baixo Risco
35e620ce02223e4a11099e8dd79c59a86acb6b7d41b05a60d92bccefaf92b387,4729699.0,SP,0.1358356011865492,0.1271157293549186,101.0,68.1,0.3,0.48983,47.0,726.0,1.0,21250.0,21250.0,0.0,0.0,0.0,0.0,32.0,1.0,Baixo Risco
dc33c40bfb3564e7e0bedd20b23df9f8913a650b02d99b2f4c443afd6a8115b0,1411801.0,SP,0.8379486243812916,0.8530041727895563,761.0,132.07142857142858,0.88,0.12289,981.0,989.0,0.0,0.0,0.0,0.0,0.0,0.0,0.0,0.0,1.0,Baixo Risco
6551c2c9ac37ae88b3957e88add7157bf9501cb54f1297aa9bc1c237cace632b,4712100.0,BA,0.96098815167051,0.8530041727895563,914.0,229.83333333333331,0.96,0.02375,977.0,988.0,0.0,0.0,0.0,0.0,0.0,0.0,0.0,0.0,1.0,Baixo Risco
6b196b00324dd316e6a5f97f813cbf1bca87d30acb3dfac05118c0d2bbfba6f1,4781400.0,SP,0.9651192314245464,0.8530041727895563,593.0,0.0,0.93,0.0,510.0,965.0,0.0,0.0,0.0,0.0,0.0,0.0,0.0,0.0,1.0,Baixo Risco
e8c396e8ab1a2cb33371bac36a0ba63261d125c6270ba05835073bcbc95a4d3b,4637107.0,RJ,0.05,0.8381170459453707,294.0,118.33333333333331,0.25,0.0,631.0,908.0,1.0,384.0,384.0,0.0,0.0,0.0,0.0,30.0,1.0,Baixo Risco
db3c13c287ec286feab02011e2e3c3b5591c1b310a834b56b406d8aa1f64e76b,4623109.0,RS,0.992962529308537,0.962796702286823,964.0,219.64705882352945,0.95,0.00072,983.0,988.0,0.0,0.0,0.0,0.0,0.0,0.0,0.0,0.0,1.0,Baixo Risco
242f8c0e6c8fb2eec6538a7fe2706f1adcd0c5e64cdced05e3260c503a1a3dba,4771701.0,PR,0.8993970509992003,0.8530041727895563,950.0,223.7692307692308,0.97,0.03756,978.0,988.0,0.0,0.0,0.0,0.0,0.0,0.0,0.0,0.0,1.0,Baixo Risco
7cfe36778cbaa261896cf2f4205ab81dc8177f256ce272ef0a56de6d0aaf994c,2099199.0,SP,0.577165090204676,0.7989897303010257,919.0,194.21052631578948,0.93,0.0881,973.0,987.0,0.0,0.0,0.0,0.0,0.0,0.0,0.0,0.0,1.0,Baixo Risco
8ecfb90e6c7513355b6361314a0d969d70e8682f007b2af0e536bab5ad3cab43,2733300.0,SP,0.9718384671584558,0.9695655340337476,960.0,242.30769230769232,0.95,0.00125,982.0,989.0,1.0,4686.0,4686.0,0.0,0.0,0.0,0.0,90.0,1.0,Baixo Risco
b3a1d7803f62b01bbb6267d4ef5cc11bda8c410a662f2f0e9edf3ca34ea64b79,4744099.0,SP,0.954877442479637,0.9068642571394644,859.0,262.6666666666667,0.89,0.0,964.0,986.0,0.0,0.0,0.0,0.0,0.0,0.0,0.0,0.0,1.0,Baixo Risco
78a5059cd4096467d3cf1dee62caf00e225a1a45f99de3e63cf121e97b062010,4729699.0,SP,0.8711887637626643,0.8530041727895563,524.0,120.6,0.93,0.0,961.0,988.0,0.0,0.0,0.0,0.0,0.0,0.0,0.0,0.0,1.0,Baixo Risco
b5db5e6faec578011da45eeffa369c5a1475c776508a2ddd74ccc03b8d4e836a,2212900.0,RN,0.933112603348593,0.6996477004130276,814.0,72.25,0.54,0.07261,355.0,955.0,0.0,0.0,0.0,0.0,0.0,0.0,0.0,0.0,1.0,Baixo Risco
7dc2b0b2106ba28f322a3ce944f80d944a55ff2edb67447f8550186bb68e0921,4771701.0,PR,0.9929799897251248,1.0,960.0,257.0853658536585,0.99,0.0,981.0,989.0,0.0,0.0,0.0,0.0,0.0,0.0,0.0,0.0,1.0,Baixo Risco
24fe31c42bc96bc91857ffffbedfdca9a9d45c186d3a123356bd599c7c68c5e3,4754703.0,SC,1.0,0.8530041727895563,916.0,0.0,0.94,0.0,940.0,985.0,0.0,0.0,0.0,0.0,0.0,0.0,0.0,0.0,1.0,Baixo Risco
32992f897f5871d1798c17f9514331279eb50134e16e0d23efa7bc46066a14a0,1091102.0,BA,0.6507527024404823,0.8530041727895563,194.0,89.4,0.6,0.11824,91.0,916.0,0.0,0.0,0.0,0.0,0.0,0.0,0.0,0.0,1.0,Baixo Risco
54c8bae2d00f08ec6380af804d1c1047a7f487f5ff5a904ddaa9b78328683d2a,6822600.0,RJ,0.874968953720165,0.7976346043848656,695.0,134.97142857142856,0.87,0.01721,976.0,988.0,0.0,0.0,0.0,0.0,0.0,0.0,0.0,0.0,1.0,Baixo Risco
63d016aae995f2882f7ee8e027bb145fb0e97d2783301c2554886b1449e3492c,4744099.0,SC,0.9965413346331722,0.6975934069259256,892.0,246.05263157894737,0.97,0.0,973.0,988.0,0.0,0.0,0.0,0.0,0.0,0.0,0.0,0.0,1.0,Baixo Risco
f5e33f1af43508aa63bb1fe07effcd242a3c3e6f2ad0f92e92e986339d3e542c,4781400.0,MS,0.991763428007623,0.8530041727895563,709.0,239.0,0.85,0.0,908.0,985.0,0.0,0.0,0.0,0.0,0.0,0.0,0.0,0.0,1.0,Baixo Risco
b0b5071b4f05194d7e0991c08ec49d021f093f6fbcfca0022f7b09752223d596,1020102.0,SC,0.6045221441864648,0.9693646524528472,884.0,157.77777777777777,0.94,0.2138,982.0,988.0,1.0,5692.5,5692.5,0.0,0.0,0.0,0.0,68.0,1.0,Baixo Risco
83d6a2ca0f4b50aa5e3b602a6f3e3902e3d134bb225ae7f81160e672990d76d9,4684201.0,SP,0.5170210231201733,0.2219125151954506,599.0,95.57142857142856,0.56,0.05385,706.0,984.0,1.0,9034.36,9034.36,0.0,0.0,0.0,0.0,23.0,1.0,Baixo Risco
a878f5bfd9dae67072d495d5c393285646facd23fc3e6a6723424e0dec6ae8bd,1531901.0,RS,0.9719692330469936,0.5763689230436904,927.0,256.64367816091954,0.95,0.01749,977.0,989.0,2.0,2167.96,897.18,3.0,0.5,0.5,1270.7800000000002,23.0,1.0,Baixo Risco
5154f9f640b2403f4b94ed91db683c5ed9ceab9f2035d737bcc5e17f8e9697c2,4930202.0,Sem Info,0.1813956405358889,0.7602555108370564,137.0,73.6842105263158,0.43,0.18501,61.0,921.0,11.0,18339.1,7839.099999999999,0.0,0.0,0.0,10500.0,31.09090909090909,1.0,Baixo Risco
be850600c2287afbbdfcf158695167269d1c335b77ccd251635aa64ee4a364c7,4686902.0,ES,0.5723383029604688,0.8799188377133036,853.0,133.03703703703704,0.85,0.1306,868.0,984.0,2.0,9709.86,9709.86,0.0,0.0,0.0,0.0,38.5,1.0,Baixo Risco
132669d39059919d98c03025884b434f1fe3ac3a964f2e43d6d5644da99f54c0,4782201.0,PA,0.9717807265561084,0.8530041727895563,948.0,233.3421052631579,0.96,0.02011,982.0,988.0,0.0,0.0,0.0,0.0,0.0,0.0,0.0,0.0,1.0,Baixo Risco
09891655708a2592104341a3e4709c4670045ea3cf387e8f0fdf6a306a1fdc8e,4755501.0,TO,0.3275776559397794,0.8530041727895563,235.0,237.05434782608697,0.63,0.0441,62.0,888.0,0.0,0.0,0.0,0.0,0.0,0.0,0.0,0.0,1.0,Baixo Risco
4907ff2c5bcfdac9d72a13d77b20ed042937a8bb09f59d183863913e6ae459ca,2061400.0,SE,0.9595024685497008,0.9895794236310628,947.0,180.781512605042,0.95,0.02594,983.0,989.0,0.0,0.0,0.0,0.0,0.0,0.0,0.0,0.0,1.0,Baixo Risco
b05e761ee0e8ac5c97fb9f3fdcb83d424a82c7c0b2da9ff723d672cf08429812,1412601.0,MG,0.9722021440308714,0.6653633840308781,959.0,236.1639344262295,0.95,0.00565,982.0,988.0,0.0,0.0,0.0,0.0,0.0,0.0,0.0,0.0,1.0,Baixo Risco
02bc9f4352d3bbe3dcba7fabd1b347ddbcc5d8a7f01c77319c0b5ead30469499,4771701.0,PR,0.9472260223892576,0.9392864293284078,881.0,210.3372093023256,0.97,0.08235,959.0,986.0,0.0,0.0,0.0,0.0,0.0,0.0,0.0,0.0,1.0,Baixo Risco
84f4ad50ee3a85fee1b258d30f1cbe5e989b64ba83254ae5633d1e0fe0701c07,4645101.0,PE,0.4088613148912781,0.5265292442867116,441.0,95.0,0.83,0.20253,511.0,979.0,1.0,3237.5,0.0,4.0,1.0,0.0,3237.5,58.0,1.0,Baixo Risco
20686579bdf12a68442d16e4de2f1af57fa111953a2dff7beb56b5578b84c2c4,4782201.0,MT,0.9882772908239282,0.8530041727895563,950.0,218.5625,0.97,0.04651,984.0,989.0,0.0,0.0,0.0,0.0,0.0,0.0,0.0,0.0,1.0,Baixo Risco
3d0089bd803aa7d1092e624b3b244af91315f63b0aefdd90c2807728aa176af1,4686902.0,SP,1.0,0.9143889738716054,926.0,193.5,0.86,0.0,949.0,988.0,3.0,3013.6,3079.68,3.3333333333333335,0.6666666666666666,0.0,-66.08000000000015,38.333333333333336,1.0,Baixo Risco
7d11d459a8446f12c6e8b5a2d4d466470c5a1cc317a4aa60cecaaf2019f421e6,4781400.0,RS,0.8669155036966287,0.8530041727895563,343.0,144.4,0.84,0.0,262.0,960.0,0.0,0.0,0.0,0.0,0.0,0.0,0.0,0.0,1.0,Baixo Risco
cb1f73bf590c2708e7df03ec17d0f7321c0df11a4248b5f76a074a16252c5f23,9602501.0,Sem Info,0.75501997433002,0.8530041727895563,765.0,97.66666666666669,0.88,0.03085,433.0,978.0,0.0,0.0,0.0,0.0,0.0,0.0,0.0,0.0,1.0,Baixo Risco
9b52db14dc5baf2f1270bf414eb12829703fc8820e131868f8829b7c67f22f4d,4639701.0,BA,0.5599335810499424,0.8530041727895563,556.0,126.46965699208444,0.92,0.08099,894.0,986.0,0.0,0.0,0.0,0.0,0.0,0.0,0.0,0.0,1.0,Baixo Risco
815ad9f9b9fdceec7b51fe058d52be32ada6b80508a73dba0086e733ec863f11,4774100.0,SP,0.773994406403179,0.8530041727895563,925.0,191.35294117647055,0.97,0.1003,982.0,988.0,0.0,0.0,0.0,0.0,0.0,0.0,0.0,0.0,1.0,Baixo Risco
78934a21e505e1434a1f9613845ef5f369df622b4327b437ccb20eda35d0429e,4772500.0,SP,0.8322105221198973,0.8530041727895563,757.0,177.33333333333334,0.9,0.0,888.0,986.0,0.0,0.0,0.0,0.0,0.0,0.0,0.0,0.0,1.0,Baixo Risco
20285ab0a581c1e61626897f082e7a5bc414d2f7b900a8b2089f5059a32c6f23,4110700.0,SP,0.3607115046467541,0.7466064280049994,536.0,78.70588235294117,0.82,0.38843,475.0,983.0,0.0,0.0,0.0,0.0,0.0,0.0,0.0,0.0,1.0,Baixo Risco
3d64e1b5c27ce8b4ac358be6aa4178d36e9fd2254fe8cea226fced089dbd9437,4691500.0,PR,0.6647840586387211,0.956309054712606,948.0,190.59259259259255,0.97,0.17489,981.0,989.0,0.0,0.0,0.0,0.0,0.0,0.0,0.0,0.0,1.0,Baixo Risco
6afc81089491d68aa7735a173c14d33ab70c8dad161f3a60c32940be3af26050,4511102.0,DF,0.9680942028881832,0.697923828074188,802.0,172.0,0.9,0.06471,955.0,985.0,0.0,0.0,0.0,0.0,0.0,0.0,0.0,0.0,1.0,Baixo Risco
902d70704df9782a74fec180f2db0ff54473480acaffc2e1d183b971409e5561,4712100.0,SP,0.5317984751338515,0.8530041727895563,422.0,103.19642857142856,0.69,0.31503,67.0,977.0,0.0,0.0,0.0,0.0,0.0,0.0,0.0,0.0,1.0,Baixo Risco
8a5f89757cfbe43c48da57954a5dac6b7b4a289a2731aca633d7660dd3f49382,4757100.0,RJ,0.9966626102652378,1.0,904.0,265.875,0.92,0.0,977.0,988.0,1.0,390.5,390.5,0.0,0.0,0.0,0.0,29.0,1.0,Baixo Risco
90cee099ec81a9fbcda38494f3106302888a53ce82c5b435ad6a1c14c7a73b45,4771701.0,PR,0.7292409495131172,0.8530041727895563,961.0,247.11764705882356,0.94,0.0,978.0,987.0,0.0,0.0,0.0,0.0,0.0,0.0,0.0,0.0,1.0,Baixo Risco
cd6694cf9e246df7fed8c111fd3df0feebaf83f893916280ebac2f61d19a440d,1122401.0,Sem Info,0.4310008634854231,0.8530041727895563,387.0,83.625,0.81,0.95017,776.0,968.0,2.0,730.02,757.95,11.5,1.0,0.0,-27.930000000000064,29.5,1.0,Baixo Risco
9312d623e942c5e5a66c7305615704040d2db24942144ce2899eb52a5b98b53c,2342701.0,RJ,0.9779077594139644,0.8163114615963114,914.0,187.79591836734693,0.95,0.0,978.0,980.0,6.0,4351.12,589.56,21.0,0.8333333333333334,0.0,3761.56,160.33333333333334,1.0,Baixo Risco
e59bf63c31850ad1ae8ecfa801f6c7e2f8479dadf47ac9fb379d0f1dbf396b40,4781400.0,MG,0.7807960947378281,0.2599142779331026,436.0,111.1818181818182,0.93,0.12482,941.0,985.0,0.0,0.0,0.0,0.0,0.0,0.0,0.0,0.0,1.0,Baixo Risco
959c65dc954193a322007c76d5afc71d9e202bb02d9fc3621d6ef9b200266e0f,6911701.0,RJ,0.9517697601187152,0.8530041727895563,898.0,250.0,0.92,0.0,862.0,986.0,0.0,0.0,0.0,0.0,0.0,0.0,0.0,0.0,1.0,Baixo Risco
29cf368feece6b9d17ef511bc15a94f536c8bbc76b4a0e2c1062abc4af4c22e6,1052000.0,Sem Info,0.781366006201084,0.8422944846129796,671.0,151.93684210526317,0.89,0.15926,867.0,983.0,7.0,3469.67,3253.27,2.7142857142857144,0.5714285714285714,0.0,216.4,22.428571428571427,1.0,Baixo Risco
fe907d3815d397daf4b42e7dc98018caff9f4a8c781d8c87b0c8d8c8b73d4179,4649408.0,SC,0.9379780417822232,0.8651691964448415,949.0,207.0,0.92,0.32284,968.0,989.0,0.0,0.0,0.0,0.0,0.0,0.0,0.0,0.0,1.0,Baixo Risco
d2c357702f0840761b397d81efddfd1bd8f2765122635d85aadc11a8991aa5f8,5611201.0,DF,0.4925228208113914,0.8530041727895563,493.0,101.1818181818182,0.79,0.50614,664.0,964.0,0.0,0.0,0.0,0.0,0.0,0.0,0.0,0.0,1.0,Baixo Risco
79598e6f98c409a0142fbadd372317cd98bb15839f1d1fcb307dcff09889cbb4,4642701.0,SP,0.9883764541033356,0.8530041727895563,922.0,259.5,0.9,0.0,968.0,988.0,0.0,0.0,0.0,0.0,0.0,0.0,0.0,0.0,1.0,Baixo Risco
c1ae6e7b1cf797c4e89d5f1187177617d65e37a3702f346ee0f59bbb10224ded,3321000.0,RJ,0.05,0.8530041727895563,53.0,131.46583850931677,0.05,0.09092,46.0,42.0,1.0,63884.5,0.0,6.0,1.0,0.0,63884.5,78.0,1.0,Baixo Risco
717cc4f2818a710397045d31f672d08f03e723c23905d4ed299b00e844a0217c,4742300.0,SC,0.9659532852366371,0.9540320975217172,926.0,240.1153846153846,0.97,0.03677,978.0,988.0,0.0,0.0,0.0,0.0,0.0,0.0,0.0,0.0,1.0,Baixo Risco
7946489f51f1f916e4acdea2e5b742f96286c88173afd2896a2a7e03616c05ca,4781400.0,MG,0.05,0.8530041727895563,162.0,40.888888888888886,0.84,0.85953,65.0,476.0,0.0,0.0,0.0,0.0,0.0,0.0,0.0,0.0,1.0,Baixo Risco
7295b4439b2d9dc54c08987d232e2d6ee621654eb2cabf30ceb261e6c51aef10,4644301.0,DF,0.8309116946338938,0.8530041727895563,919.0,172.3827160493827,0.96,0.00997,980.0,988.0,0.0,0.0,0.0,0.0,0.0,0.0,0.0,0.0,1.0,Baixo Risco
b2f005eedc0d9b430b773201e1fefd0792c8e9441d930abb9bedc76828fcd9d0,4530703.0,GO,0.8862347942397075,1.0,905.0,70.8,0.94,0.0,955.0,988.0,0.0,0.0,0.0,0.0,0.0,0.0,0.0,0.0,1.0,Baixo Risco
4b238715deaeaa554f3ce7419058f51dd10735b141006d08c552556c51d7cb5c,4723700.0,SP,0.3993919761216233,0.8530041727895563,233.0,122.77777777777776,0.6,0.00517,40.0,945.0,0.0,0.0,0.0,0.0,0.0,0.0,0.0,0.0,1.0,Baixo Risco
5f8e277e345817f1d2f1ad0203e1d11a4e77aaa58cf5274742c5c724fda7c3e3,4711302.0,SP,0.9363719536097744,0.8530041727895563,958.0,237.56338028169012,0.96,0.00021,978.0,989.0,0.0,0.0,0.0,0.0,0.0,0.0,0.0,0.0,1.0,Baixo Risco
ba93f0cf64be830fa0b417dbe528ae44291bc4404110b01f5feab33259daaf40,4711301.0,GO,0.9821236224647844,0.8530041727895563,958.0,236.55555555555557,0.99,0.0,973.0,988.0,0.0,0.0,0.0,0.0,0.0,0.0,0.0,0.0,1.0,Baixo Risco
9e5c0b5e9626ef685e32774671f4b56530ca7aec32ce52909e05bb2a7064dfac,1052000.0,RS,0.9415762442597184,0.8801084334297521,961.0,253.6447368421053,0.94,0.11623,980.0,989.0,0.0,0.0,0.0,0.0,0.0,0.0,0.0,0.0,1.0,Baixo Risco
19f95ebf2afbd9de52cfc35f7990ef3112c14c4f02f667480457dc3ac3667f36,2222600.0,SC,0.9787560105922086,0.9235887335864952,956.0,223.26829268292684,0.98,0.00293,981.0,988.0,4.0,63065.979999999996,63230.89,1.75,0.75,0.0,-164.91000000000167,56.5,1.0,Baixo Risco
89e92dff2171b35baa5a66141830b12456ffc53491243b7ca440dced85957600,9609208.0,SP,0.6154804597734912,0.8530041727895563,162.0,194.0,0.52,0.22531,178.0,904.0,0.0,0.0,0.0,0.0,0.0,0.0,0.0,0.0,1.0,Baixo Risco
d32cbd2a87b48555c103a4b065285658dd3f449b400b530ff1d78cfd9d45a376,4789004.0,MG,0.9686873551530648,0.8530041727895563,951.0,222.8181818181818,1.0,0.0,970.0,988.0,0.0,0.0,0.0,0.0,0.0,0.0,0.0,0.0,1.0,Baixo Risco
c8e55a6ed1676ec9b4431bbc479b5e5d185d17a2a001fb0c55c59ca1311c1a4f,2599399.0,RJ,0.9933131513524058,0.9251405117332284,887.0,178.34782608695653,0.98,0.0,982.0,988.0,1.0,3349.91,3349.91,0.0,0.0,0.0,0.0,56.0,1.0,Baixo Risco
027f0fd7392eab23737949f0f45d4d94044501b414c8836793a53a516ccc523d,8211300.0,RS,0.8057018607919232,0.9181468284605244,897.0,158.68965517241378,0.9,0.20127,978.0,989.0,0.0,0.0,0.0,0.0,0.0,0.0,0.0,0.0,1.0,Baixo Risco
8c880d0226189b5995ced02e8a2e12235fdc9f5078bbbdc67f258a50d976f36d,4771701.0,PR,0.5025041704978528,0.8530041727895563,503.0,155.89743589743588,0.88,0.2944,258.0,957.0,0.0,0.0,0.0,0.0,0.0,0.0,0.0,0.0,1.0,Baixo Risco
0a513acfe6831f7a3e2dd22c24506c48e954dc43397d4b79e3d80ed67bb16df5,4321500.0,SC,0.6690784498317598,0.8530041727895563,743.0,22.0,0.73,0.0,847.0,986.0,0.0,0.0,0.0,0.0,0.0,0.0,0.0,0.0,1.0,Baixo Risco
fe4038b313fac7a8a60a108a2b3cf32157a16ada672075b2a92d3d9f02039231,2833000.0,SP,0.9225784017111128,0.734563796443858,953.0,208.55,0.97,0.0,979.0,989.0,0.0,0.0,0.0,0.0,0.0,0.0,0.0,0.0,1.0,Baixo Risco
86c0fc31070c0c86726c6f62ba42ab1aae60466be7ab25771973ccdf4075bd43,4930202.0,MG,0.667651830353626,0.2974315710536183,344.0,94.66666666666669,0.59,0.61438,456.0,980.0,0.0,0.0,0.0,0.0,0.0,0.0,0.0,0.0,1.0,Baixo Risco
37db003aad9b1117cbd996c301c83cb15b0f6f1663b7c7252dcbdc39243b0d2c,4789099.0,GO,0.5450067361891088,0.8530041727895563,206.0,34.0,0.89,0.17302,854.0,976.0,0.0,0.0,0.0,0.0,0.0,0.0,0.0,0.0,1.0,Baixo Risco
4bf879705843b689ecf4307ecae55176d62ea0c0701284ee9f7b7f4794c91160,2862300.0,SP,0.9538831596221256,0.8530041727895563,958.0,245.11739130434785,0.96,0.0177,981.0,987.0,0.0,0.0,0.0,0.0,0.0,0.0,0.0,0.0,1.0,Baixo Risco
fe0494f576edaa52572740169a9878aff2bdfb5d0c51d7523b7b14fb0fb9ca43,4789099.0,PE,0.9184305779360432,0.05,958.0,231.7058823529412,0.96,0.0,981.0,989.0,0.0,0.0,0.0,0.0,0.0,0.0,0.0,0.0,1.0,Baixo Risco
515ee4b33c6f4e4f9d8e603bddaf4f39c38d59a680c131834c1bce1550827d84,2949299.0,SP,0.05,0.5162043871106788,92.0,131.36363636363637,0.23,0.02354,79.0,938.0,1.0,5383.73,5383.73,0.0,0.0,0.0,0.0,12.0,1.0,Baixo Risco
67b49d713639426b4e5ef0891e6b8944c822c0bc5944b672caeaf7339ebaf76e,4321500.0,SP,1.0,0.8530041727895563,809.0,0.0,0.71,0.0,834.0,969.0,0.0,0.0,0.0,0.0,0.0,0.0,0.0,0.0,1.0,Baixo Risco
491a6af95d62ad88b69cde48f504f320df00db3c1efab34c2c817f83d2048a04,4781400.0,SP,0.9154265240238738,0.8530041727895563,900.0,159.83333333333334,0.96,0.10922,978.0,987.0,0.0,0.0,0.0,0.0,0.0,0.0,0.0,0.0,1.0,Baixo Risco
46d1115089bc1768e73489ac8341b47494d0dee6051ff880c56571a1302de474,1091102.0,RJ,0.9723239220159202,0.8530041727895563,964.0,246.33333333333331,0.97,0.0,980.0,988.0,0.0,0.0,0.0,0.0,0.0,0.0,0.0,0.0,1.0,Baixo Risco
f2b23d9b3ca408fc0ad6217183a8b67e1abcf9d43dfb12f2c344792991f41809,3299003.0,SC,0.2200653482201375,0.8530041727895563,144.0,67.0,0.56,0.18842,103.0,941.0,0.0,0.0,0.0,0.0,0.0,0.0,0.0,0.0,1.0,Baixo Risco
c87f33700f876af351b5dbe86a2a2ec5f97c03989f45ea9f25e61254e18d60b5,4755502.0,SP,0.899800424499011,0.5880456983891625,482.0,30.0,0.93,0.0,695.0,982.0,0.0,0.0,0.0,0.0,0.0,0.0,0.0,0.0,1.0,Baixo Risco
e88aa9406606a6253585d71171a9943e09bf90ec5444409fe7bb18221c1c7666,1741902.0,SP,0.3091038621730401,0.8414240613466001,747.0,165.63793103448276,0.92,0.18476,808.0,983.0,2.0,22416.54,22416.54,0.0,0.0,0.0,0.0,70.5,1.0,Baixo Risco
ea29ce318d7204ea8c8cef36fadf5d5d2ec678af082f017655f833b5fcd88514,4689399.0,Sem Info,0.914966356883557,0.9048187998530688,936.0,143.6875,0.97,0.17769,981.0,988.0,7.0,34673.25,34673.25,0.0,0.0,0.0,0.0,39.0,1.0,Baixo Risco
eb8580056f599a0ad8dd572464202a9a32a8e26eacf73c6aac0bd70203348307,4661300.0,GO,0.9973600385549556,0.8530041727895563,955.0,264.0,0.98,0.0,981.0,989.0,0.0,0.0,0.0,0.0,0.0,0.0,0.0,0.0,1.0,Baixo Risco
895cf2ec2aa9bef730e8e760a2dfb555f87b48a9dd43dfe7ea1232b9c5225244,4754701.0,RS,0.9960151543799248,0.8530041727895563,964.0,259.90909090909093,0.98,0.0,980.0,988.0,0.0,0.0,0.0,0.0,0.0,0.0,0.0,0.0,1.0,Baixo Risco
c7cd769ab114ccc73f80d56f8636a5ccb7f91c559fbe3e06b930ceee6e5261c9,4635499.0,SP,0.9143950382274796,0.8530041727895563,652.0,22.75,0.91,0.64808,927.0,979.0,4.0,2700.59,2706.0199999999995,1.75,0.25,0.0,-5.429999999999993,28.25,1.0,Baixo Risco
22bd413272a6a00ab829d109c545aac0763d063fba794c0e13b97c68bc29f94c,3314702.0,SP,0.9894998596023264,0.9442827664143916,962.0,244.83116883116884,0.98,0.0,979.0,989.0,0.0,0.0,0.0,0.0,0.0,0.0,0.0,0.0,1.0,Baixo Risco
3683e498fd2edafe869202783419cb2c9d06c60c4a63e18072ff52b329e22993,2222600.0,PE,0.8517930073572357,0.8530041727895563,867.0,56.9811320754717,0.95,0.03471,975.0,987.0,0.0,0.0,0.0,0.0,0.0,0.0,0.0,0.0,1.0,Baixo Risco
a5f798b5567ac1e870e96a74f146c5cbc37faf81eaa1fc7fe22233149dfc1581,5620101.0,GO,0.9288072684061376,1.0,689.0,0.0,0.75,0.0,866.0,943.0,0.0,0.0,0.0,0.0,0.0,0.0,0.0,0.0,1.0,Baixo Risco
d17ba9491772ec55e5e2ed0bc03e514312d3eea17f82549c7e082d0cca73088e,2222600.0,SP,0.9313999424514916,0.9177381080171686,940.0,220.0,0.96,0.0,981.0,989.0,0.0,0.0,0.0,0.0,0.0,0.0,0.0,0.0,1.0,Baixo Risco
2f48d546bdfc5dd107aed5663e846d8e2bc91e0c0a17fb378f7d5e02bd0ff50a,2222600.0,SP,0.9850427112899304,0.9710991649545168,965.0,209.125,0.97,0.0064,981.0,988.0,2.0,66441.64,66441.64,0.0,0.0,0.0,0.0,29.0,1.0,Baixo Risco
1b215cbebda2f58c7eda3032f5ffe66902dcd570729a0cb8e5b8d8bb19653983,2222600.0,SP,0.9698411930622728,0.8627758516509315,958.0,219.03030303030303,0.98,0.00264,981.0,988.0,0.0,0.0,0.0,0.0,0.0,0.0,0.0,0.0,1.0,Baixo Risco
1d67ccc02bc1a0babd9167e7b4c09cd84a3677ce9486cd2a466976395a5c1de0,9521500.0,SP,0.9914445563423387,0.7481527090463802,940.0,170.27272727272728,0.95,0.14751,981.0,988.0,0.0,0.0,0.0,0.0,0.0,0.0,0.0,0.0,1.0,Baixo Risco
96796e3f6ccb0d021e2fbff5010fe77c2359e553d07ef660e9ab8a3f29a39e3b,4771701.0,PR,0.8936890431206973,0.8530041727895563,928.0,214.1,0.95,0.02059,977.0,989.0,0.0,0.0,0.0,0.0,0.0,0.0,0.0,0.0,1.0,Baixo Risco
ef87d07d7f0155adccaf3faf29cf0811897da7558a95da9cda389eb2352b7904,2222600.0,BA,0.7268055214975421,0.8530041727895563,237.0,132.89642857142857,0.51,0.07169,525.0,988.0,0.0,0.0,0.0,0.0,0.0,0.0,0.0,0.0,1.0,Baixo Risco
15b6baa17b9ca4b4427bfd4449763dd81781a63f7d040dd783281ec910c06842,4771701.0,PR,0.9948185152003632,0.8530041727895563,966.0,239.28571428571428,0.98,0.0,980.0,988.0,0.0,0.0,0.0,0.0,0.0,0.0,0.0,0.0,1.0,Baixo Risco
b3e783cfcc7b7423363128976b27ac947f018428dd3ead8f70258c64cbb12187,4782201.0,MG,0.9993071101274134,0.8530041727895563,941.0,221.41666666666663,0.98,0.00817,980.0,988.0,0.0,0.0,0.0,0.0,0.0,0.0,0.0,0.0,1.0,Baixo Risco
4b6a2f79b08b6699b621c01b4a23f5de2e50aabbbf3d82469f7a1f4818037a5a,2219600.0,SP,0.958168616515011,0.9984627311588504,932.0,251.19819819819816,0.98,0.04371,979.0,988.0,1.0,4305.25,4305.25,0.0,0.0,0.0,0.0,28.0,1.0,Baixo Risco
614c634ea5b2b6b5b1231cacf3ed1108dca8f2036bf613116b7d336f7bd9a446,2833000.0,SP,0.8441732064112614,0.6354326984228162,905.0,175.70731707317074,0.95,0.01219,972.0,989.0,0.0,0.0,0.0,0.0,0.0,0.0,0.0,0.0,1.0,Baixo Risco
62f42d124170f8ff50f846f201b39a66bb966bf757d930e443d29ab37f1a9786,4643501.0,Sem Info,0.9920858844818924,0.8281056374684947,934.0,234.37142857142857,0.99,0.09596,967.0,989.0,2.0,3932.07,3953.54,1.0,0.5,0.0,-21.470000000000027,74.0,1.0,Baixo Risco
cc56a28a963d83795d392adb72178a93924232200c1c4d271352c14ef20b6c28,4781400.0,SP,0.3896176431421752,0.8530041727895563,543.0,87.71428571428571,0.92,0.58433,634.0,964.0,0.0,0.0,0.0,0.0,0.0,0.0,0.0,0.0,1.0,Baixo Risco
cbbfe600d104d6e73b9907994c1f1ee4828b913884b15836390d5ebc92864a20,4711302.0,SC,0.9736104080946718,0.8616408841512604,960.0,192.3111111111111,0.96,0.07408,983.0,989.0,0.0,0.0,0.0,0.0,0.0,0.0,0.0,0.0,1.0,Baixo Risco
c7ae0e64b5ae00fee4ee3dad56846795996c77321858e4fb951ff149c72d1f01,4681801.0,MT,0.8256711824398236,0.9938387635048456,808.0,153.27272727272728,0.82,0.0,974.0,989.0,3.0,1700000.0,1700000.0,0.0,0.0,0.0,0.0,31.0,1.0,Baixo Risco
1818be57b2612e71f08eae1dd6a16d96f4f1d42b0b279abca64fe4a5a346327a,4763601.0,CE,1.0,0.8530041727895563,898.0,200.5,0.93,0.0,903.0,984.0,0.0,0.0,0.0,0.0,0.0,0.0,0.0,0.0,1.0,Baixo Risco
7fc54cd4aa20ccf1bfd5613f40dc347fe3abd8477f315178349c382bf7ef82c8,4771701.0,PR,0.9867779829202196,0.8530041727895563,944.0,169.05555555555554,0.99,0.12369,974.0,988.0,0.0,0.0,0.0,0.0,0.0,0.0,0.0,0.0,1.0,Baixo Risco
f28b3781e9ee7bc3f359de65287cb1b9c962176340b74faef448b7edca43ff92,4782202.0,GO,0.9537794524725796,0.8530041727895563,876.0,20.5,0.93,0.0,962.0,988.0,0.0,0.0,0.0,0.0,0.0,0.0,0.0,0.0,1.0,Baixo Risco
4897f4d0fc0f4a0201ee496bbc3fda1cde9564cccc5e47d63622aa97d7d1085c,4771701.0,PR,0.9356939381007594,0.8530041727895563,950.0,186.0754716981132,0.97,0.03884,983.0,987.0,0.0,0.0,0.0,0.0,0.0,0.0,0.0,0.0,1.0,Baixo Risco
ba9e4fecbf290ef40122046170f4e6e1b94fb58e7c07d7180df1a7f69f948237,6203100.0,RJ,0.3530229795876545,0.8530041727895563,353.0,93.96153846153848,0.63,0.26299,745.0,987.0,2.0,3566.9,3566.9,0.0,0.0,0.0,0.0,196.5,1.0,Baixo Risco
396fb9db79d1e91d50c61f580acbe8c30f669bc0fb1532b000b6cce1545025f3,4781400.0,SP,0.938746224879115,0.8530041727895563,888.0,146.0,0.94,0.04942,966.0,988.0,0.0,0.0,0.0,0.0,0.0,0.0,0.0,0.0,1.0,Baixo Risco
6ba9c3eb3626ecec0f4f532774a007d33df9ea490b7f0083e1397c77ee8c3b15,1051100.0,RS,0.44682587675627,0.6100142024401456,137.0,147.40860215053763,0.37,0.24949,48.0,844.0,3.0,262726.56,13636.56,20.666666666666668,0.3333333333333333,0.0,249090.0,47.666666666666664,1.0,Baixo Risco
cc9953d743599f3eb6fcff785dff9eb3ef356be1e215d8c93044f8a4a2e308ba,4771701.0,PR,0.955134059633724,0.8530041727895563,937.0,246.42857142857144,0.99,0.0,985.0,989.0,0.0,0.0,0.0,0.0,0.0,0.0,0.0,0.0,1.0,Baixo Risco
19fab21e5882d590a896f68d31583b49800fd410eeff85d54e7f920cc8ca0997,5811500.0,SP,0.9786409439569695,0.4607054433803838,948.0,237.48387096774192,0.92,0.0,980.0,989.0,2.0,850.8299999999999,850.8299999999999,0.0,0.0,0.0,0.0,51.5,1.0,Baixo Risco
7051d752a54c695e3cc593983218d422b633b83701ae68255c10331374e3c69a,4782201.0,PR,0.8084005842745576,0.8530041727895563,826.0,185.48387096774192,0.88,0.0053,937.0,983.0,0.0,0.0,0.0,0.0,0.0,0.0,0.0,0.0,1.0,Baixo Risco
61fb24cbbae7d081a6c7eff18f2413c95caaaad1b41052e77879a008c03c2af7,4781400.0,SC,0.9246120619972742,0.8530041727895563,949.0,196.66666666666663,0.96,0.47745,983.0,987.0,0.0,0.0,0.0,0.0,0.0,0.0,0.0,0.0,1.0,Baixo Risco
c4b08a1ca311a297a60519b53eed63de0eac6ba9b900c645345ea489cc56aa22,4771701.0,Sem Info,0.9241763654023438,0.8530041727895563,957.0,226.08695652173915,0.96,0.15917,970.0,987.0,0.0,0.0,0.0,0.0,0.0,0.0,0.0,0.0,1.0,Baixo Risco
ad88a8d58e4214d1ed79f97cfd0f5a3b69f06639ec8f2c5ec67d20efd2213f69,4711302.0,Sem Info,0.8736266984453369,0.951471976683888,917.0,218.56849315068493,0.95,0.14205,953.0,986.0,0.0,0.0,0.0,0.0,0.0,0.0,0.0,0.0,1.0,Baixo Risco
8b82b654bd62085c9118bbc0e3f9c3027ffa57c8f467b2618a96177ff6434942,4781400.0,MG,0.888271528921157,0.8530041727895563,906.0,62.142857142857146,0.94,0.39649,978.0,989.0,0.0,0.0,0.0,0.0,0.0,0.0,0.0,0.0,1.0,Baixo Risco
a49e591155f859eee79dc680377d9bc4f58a5f5e280af860525f69b33e58a75a,2930101.0,Sem Info,0.5075732404225641,0.2312054222416918,212.0,139.28654970760235,0.68,0.07163,872.0,987.0,2.0,85750.0,0.0,182.0,1.0,0.0,85750.0,227.0,1.0,Baixo Risco
8292a30ce381e313d9c2d88eef9740f8fa41f2d7e8e0f89869453b42620dc8ff,4771701.0,PR,0.951435730621311,0.947817764708349,964.0,227.48529411764707,0.98,0.2925,982.0,989.0,0.0,0.0,0.0,0.0,0.0,0.0,0.0,0.0,1.0,Baixo Risco
4e9c89930cd921c77b65550a0d30f2831d1298c21de8be367ef8b37f5ef446e3,1330800.0,PR,0.920740535421407,0.991006674429006,901.0,114.76923076923076,0.92,0.01104,979.0,989.0,0.0,0.0,0.0,0.0,0.0,0.0,0.0,0.0,1.0,Baixo Risco
e2e36fee9c543587b59f43d110252875b425cf03fb5dffdd0e1c987638af6919,4721102.0,SP,0.9432393329684184,0.8802710157530996,908.0,187.0909090909091,0.95,0.23588,970.0,986.0,0.0,0.0,0.0,0.0,0.0,0.0,0.0,0.0,1.0,Baixo Risco
04ec5c2d804534138ef3ae62a152cff69995bee5c5ff996fb3239090b2f837e5,4530703.0,PR,0.9645006244208216,0.8912603790997748,936.0,192.5,0.93,0.0771,982.0,989.0,0.0,0.0,0.0,0.0,0.0,0.0,0.0,0.0,1.0,Baixo Risco
289e9c2db7fa724abf0a0f8ce77a6de75cbf043b646f2d2f4487f8dc53af4cfb,1359600.0,SC,0.9917740924363444,0.9148333132884904,956.0,241.30769230769232,0.97,0.00081,979.0,989.0,0.0,0.0,0.0,0.0,0.0,0.0,0.0,0.0,1.0,Baixo Risco
b0d7da2dd48c5fb269c3eac6f3c1584c9bd913918127a6df0c2f4ca5195a2276,4781400.0,SC,0.9798390967830692,0.8530041727895563,900.0,215.0,0.82,0.02558,980.0,989.0,0.0,0.0,0.0,0.0,0.0,0.0,0.0,0.0,1.0,Baixo Risco
6ca9c9eea3c2e1449d9f75e2ffd4a60292e610e0e11be97324a3e585acae2c18,7112000.0,RJ,0.923131494533705,0.0764878083788663,784.0,209.72222222222223,0.72,0.34825,394.0,985.0,0.0,0.0,0.0,0.0,0.0,0.0,0.0,0.0,1.0,Baixo Risco
e35184ad4713cc6e442f3437e138069c7357f166ec02dd15ef32e32411cdf344,4711302.0,PR,0.9556120246810854,0.8618122347056475,957.0,222.8846153846154,0.96,0.00881,978.0,988.0,0.0,0.0,0.0,0.0,0.0,0.0,0.0,0.0,1.0,Baixo Risco
8d2a5ceded4d531ad56c4309ac769b2e3e4d08985fcd4bb6885049d12142f886,1742799.0,PR,0.8933572059135503,0.4443708948306476,957.0,246.4271844660194,0.94,0.0,981.0,987.0,0.0,0.0,0.0,0.0,0.0,0.0,0.0,0.0,1.0,Baixo Risco
c522b612d0d0871f00d64aa92d7dbcb0fe7f30c5673fbb22ef699c11e25a3046,2222600.0,SC,0.9363311313194412,0.960745113500921,952.0,237.1796875,0.96,0.0,983.0,989.0,15.0,258693.61000000002,258845.35,0.4,0.06666666666666667,0.0,-151.73999999999978,44.6,1.0,Baixo Risco
43440488958d18057c6ff0a33bcd7c1231d60ef57c3474d3781762792f8f78d1,2341900.0,SC,0.8475458335534813,0.9955134979733612,712.0,140.6829268292683,0.9,0.21486,954.0,989.0,0.0,0.0,0.0,0.0,0.0,0.0,0.0,0.0,1.0,Baixo Risco
b4e82e698ea06600c2e000caa5c9b2ede60bc483200430341e85ed75883ff479,1412601.0,SC,0.8887689298433187,0.9945249842177484,927.0,185.78481012658227,0.96,0.08157,978.0,989.0,1.0,374.9,385.39,2.0,1.0,0.0,-10.490000000000009,49.0,1.0,Baixo Risco
4ca21548daa8589de07460388f85a26670091b14ef1e87277d86226857b98888,1412601.0,PR,0.8144851013067534,1.0,477.0,146.25,0.85,0.12864,211.0,981.0,5.0,5069.3,5069.3,0.0,0.0,0.0,0.0,26.8,1.0,Baixo Risco
07e1f0aba34bb45133a6a333ee1db987980325014ed028872b6d6e509b8fcbc0,1412601.0,GO,0.9096123555905838,0.8530041727895563,923.0,160.75,0.97,0.57191,963.0,989.0,0.0,0.0,0.0,0.0,0.0,0.0,0.0,0.0,1.0,Baixo Risco
8ca8572c285947e81a1b88d22ce1d3e89e3e23a7317543c6e5e30998be8fe0ad,4771701.0,PR,0.994518086699572,0.8530041727895563,963.0,235.74074074074076,0.98,0.0,979.0,988.0,0.0,0.0,0.0,0.0,0.0,0.0,0.0,0.0,1.0,Baixo Risco
4cd4b8c3e03b1af04d7e6e4437eef3955a7bfe5fd729b0c7e5cfa79fddf1d646,4120400.0,BA,0.9962458266278452,0.2928459048841787,948.0,192.66666666666663,0.89,0.0,972.0,989.0,0.0,0.0,0.0,0.0,0.0,0.0,0.0,0.0,1.0,Baixo Risco
2272954522d30a5d3d8bf154d487dafe9f45303057d3198ffa3b6fd9904a4411,4731800.0,RS,0.4805498491018463,0.6801896979333154,958.0,243.48936170212767,0.81,0.00027,979.0,988.0,0.0,0.0,0.0,0.0,0.0,0.0,0.0,0.0,1.0,Baixo Risco
a830fbb40ddc53e1531013e4845b42c8e0bab5fdf5bcd5badd9d26cf0651c9dc,2829101.0,RS,0.0825538612117438,0.2589381732134718,163.0,96.42763157894736,0.42,0.13924,286.0,940.0,11.0,150052.54,143597.44,0.36363636363636365,0.18181818181818182,0.0,6455.1,46.81818181818182,1.0,Baixo Risco
4cd1fc9b156df7fb6f025139ea9b4e8bc1fb8be65744ad774f722b69a1925481,4781400.0,RS,0.9147670844968024,0.1609053276400452,777.0,193.5,0.91,0.18434,903.0,985.0,0.0,0.0,0.0,0.0,0.0,0.0,0.0,0.0,1.0,Baixo Risco
12bad8328588ed789471100b80cd034efc35ca20c17f95080f9f3acd5e42c60d,4635402.0,RS,0.8503685522671915,0.974188041668656,958.0,184.6,0.93,0.66126,968.0,988.0,0.0,0.0,0.0,0.0,0.0,0.0,0.0,0.0,1.0,Baixo Risco
68c9e2f6622b3763e85c0491a07ba40a978b62c6f70a7c403f54e80da62a61f7,4781400.0,SP,0.8718744042868778,0.8530041727895563,501.0,209.7333333333333,0.92,0.0,919.0,986.0,0.0,0.0,0.0,0.0,0.0,0.0,0.0,0.0,1.0,Baixo Risco
c3f562b56066e211b66d05a33c7e0ce2d46a9e33ac64e270ce44da7c3d5a2867,2229399.0,SP,0.9034812840282966,0.6662571402305113,763.0,107.8,0.89,0.0,940.0,988.0,1.0,5188.76,5188.76,0.0,0.0,0.0,0.0,42.0,1.0,Baixo Risco
c0fb282db21be9d455d969d6629ad5c6f4a43aa8f08026f929b19dbb65480329,9312300.0,RS,0.4610038469556756,0.2132556145544469,675.0,148.2864077669903,0.89,0.04377,971.0,986.0,0.0,0.0,0.0,0.0,0.0,0.0,0.0,0.0,1.0,Baixo Risco
7e6e9ffa587c856d2f4e1348f2b3e4326b242f27707130e2bde656522e7c39e6,4641903.0,SP,0.05,0.5314597399470888,328.0,55.68372093023256,0.3,0.10257,49.0,497.0,3.0,2180.15,2264.03,2.0,0.3333333333333333,0.0,-83.88000000000011,152.0,1.0,Baixo Risco
212051f1aca7f9c82a6c0bf7ded5967633c5580e9790880b6014fa9a25c33cab,4771701.0,PR,0.9640863026194264,0.8530041727895563,933.0,239.2894736842105,0.98,0.0,967.0,988.0,0.0,0.0,0.0,0.0,0.0,0.0,0.0,0.0,1.0,Baixo Risco
9eb881c7ec6ee9c01c1256ed0bf22a1b793527dff3a3c29d3235f9ef29cb5e9f,2511000.0,MT,0.5051626600870728,0.6138801620841099,605.0,78.83720930232558,0.72,0.06095,942.0,986.0,0.0,0.0,0.0,0.0,0.0,0.0,0.0,0.0,1.0,Baixo Risco
07acf1624f69cdaa5e9cfffd0a1c84c3c765041a6ae5683639e385cd4b81619e,4672900.0,RN,0.5510491830044337,0.5815710930154856,584.0,114.94339622641508,0.75,0.11211,48.0,898.0,0.0,0.0,0.0,0.0,0.0,0.0,0.0,0.0,1.0,Baixo Risco
4026341485c13289d2e886b01e63faa5420a4412cf53b9bbeea3c0486e45b073,4646001.0,SP,0.7699312493020399,0.7585883297434639,412.0,118.15789473684212,0.73,0.01383,541.0,984.0,1.0,1490.64,1490.64,0.0,0.0,0.0,0.0,62.0,1.0,Baixo Risco
7971f2e95479c711a8b9b9785bdfaabcc168d53bb775ab4c6a8d9da1dfc97ea1,8610102.0,BA,0.8387229123961468,0.5999201134516265,890.0,168.7659574468085,0.93,0.14408,980.0,989.0,0.0,0.0,0.0,0.0,0.0,0.0,0.0,0.0,1.0,Baixo Risco
9c2503e1612d444af8d123b54fb6b06b1f03c5fe4ab2eeee86f76deab5ee079b,4782201.0,BA,0.3268859464689813,0.8530041727895563,488.0,70.66666666666667,0.72,0.74594,269.0,910.0,0.0,0.0,0.0,0.0,0.0,0.0,0.0,0.0,1.0,Baixo Risco
ae3aaf6bb683c233123a988fbe6ef14e4f8ec518f3dce0b98a4176baccad6e9f,4652400.0,SC,0.6188064544529155,0.6530452553309828,740.0,135.95,0.83,0.08051,977.0,987.0,0.0,0.0,0.0,0.0,0.0,0.0,0.0,0.0,1.0,Baixo Risco
63bc27cce0ec2b5493b18fd0fe48c9c2ca09178064a7310d8bc6dcce58921abf,1069400.0,BA,0.8942197137925905,0.8764618799714942,813.0,148.9318181818182,0.94,0.12469,981.0,989.0,0.0,0.0,0.0,0.0,0.0,0.0,0.0,0.0,1.0,Baixo Risco
b36e17e154abfae1916924cd9e67974e8531e3045ce0ee9fe0a71db5e39c2c51,3250705.0,MG,0.7520118695407607,0.3536736043036792,889.0,124.66379310344828,0.89,0.25441,972.0,988.0,5.0,23756.56,23776.93,1.2,0.4,0.0,-20.37000000000012,58.0,1.0,Baixo Risco
ec4d7302c961e165e8092132c1fc892ebe55146f4756d27da7d8002b9462cb15,4643502.0,Sem Info,0.8190447565592477,0.885157670269911,774.0,146.33333333333334,0.84,0.00604,956.0,987.0,3.0,23042.16,23042.16,0.6666666666666666,0.3333333333333333,0.0,0.0,162.33333333333334,1.0,Baixo Risco
de046e0b1c038cb962203a93b4a9981c8623879b25a610d08cf2a53a48fa173d,2811900.0,AL,0.957898607751919,0.4505995428284143,907.0,207.66666666666663,0.96,0.01246,979.0,988.0,0.0,0.0,0.0,0.0,0.0,0.0,0.0,0.0,1.0,Baixo Risco
7ba762452afd5b3dbca683c366092196c176e6e15860f742be04bf46cd1ac136,5221400.0,SP,0.8795900975815778,0.6586883583374713,635.0,161.98581560283688,0.79,0.12205,944.0,987.0,0.0,0.0,0.0,0.0,0.0,0.0,0.0,0.0,1.0,Baixo Risco
3a158e0cb0bfa3a89387f970442954b00c0bb09a9e16825b7ff358c072ad07c9,4686901.0,SP,0.7364445445947462,0.9445568216514348,355.0,71.96296296296296,0.62,0.15767,129.0,983.0,0.0,0.0,0.0,0.0,0.0,0.0,0.0,0.0,1.0,Baixo Risco
a793014857154792986d6dc380de646fdf4bacf4995d6c3668aaf4c750b5e58c,7112000.0,PR,0.9341222159757036,0.5301911316109463,906.0,215.49411764705883,0.95,0.04551,966.0,989.0,0.0,0.0,0.0,0.0,0.0,0.0,0.0,0.0,1.0,Baixo Risco
63134491fb28b2f773e1ecbaf283e6cebc39bffba4db615c426d001744fcf936,4644301.0,SP,0.792310485635451,0.932472060130823,891.0,215.74137931034485,0.91,0.01799,977.0,988.0,2.0,570.1,570.1,0.0,0.0,0.0,0.0,56.0,1.0,Baixo Risco
e4b7d4eb9b48229650486b0677c815efa878aacde547122921a2551a7770a7e5,4642701.0,Sem Info,0.9413259685357732,0.8675833589912264,947.0,186.0,0.97,0.0,979.0,988.0,1.0,133.5,133.5,1.0,1.0,0.0,0.0,28.0,1.0,Baixo Risco
cb194daaf18df8b5c54381d19154bd14f62c60d4aec02448af1fa4d3722dd49e,2441502.0,SP,0.7385128194935647,0.5910450402986218,890.0,119.0,0.95,0.33259,975.0,989.0,0.0,0.0,0.0,0.0,0.0,0.0,0.0,0.0,1.0,Baixo Risco
29e58bfb628569fcf4aba421debabfc02cd0fe67cf2eb5219c0f389520025c35,1322700.0,SP,0.6628058234896852,0.5225719380584648,812.0,93.84285714285714,0.92,0.06415,980.0,988.0,0.0,0.0,0.0,0.0,0.0,0.0,0.0,0.0,1.0,Baixo Risco
c895cf1e998d431681a7505dc148f99ea16b385d0783220c1beaa86a80b3716e,4771702.0,SP,0.7903767122616112,0.8530041727895563,752.0,138.23076923076923,0.85,0.33129,951.0,988.0,0.0,0.0,0.0,0.0,0.0,0.0,0.0,0.0,1.0,Baixo Risco
60608b6bd4e2dc72906d170f5349d9cd0a3530e7db1933b2cf4935962b942c26,4781400.0,MA,0.9114532718501042,0.8530041727895563,381.0,230.5,0.86,0.21185,661.0,959.0,0.0,0.0,0.0,0.0,0.0,0.0,0.0,0.0,1.0,Baixo Risco
70101f4eb0fbb41bd1e427b2cfbaade9763b5167ec9d43b8d504fad5e9cef1ed,4742300.0,SC,0.9839875000159952,0.7367467188583677,948.0,200.2121212121212,0.98,0.04783,968.0,988.0,0.0,0.0,0.0,0.0,0.0,0.0,0.0,0.0,1.0,Baixo Risco
53c489e63cac3ac47a561b6483536a7a83a352326dc598df8f4e87cd6984cd8f,4781400.0,SE,0.1774671904837162,0.8530041727895563,317.0,87.5,0.81,0.41539,101.0,923.0,0.0,0.0,0.0,0.0,0.0,0.0,0.0,0.0,1.0,Baixo Risco
13cc0e2b39f1ab9695a018460c23736cc53cc3d0330fac472d4d08a28e7b6299,1412601.0,SC,0.9767233453199544,0.8918485074491413,964.0,246.56,0.96,0.00606,983.0,988.0,1.0,39600.0,39600.0,2.0,1.0,0.0,0.0,101.0,1.0,Baixo Risco
ca0c65526591f8814586d2847ee18f64917b0161d23c558a7d0a6df9757ed8e5,1071600.0,RJ,0.560484968658135,0.698732539258938,928.0,181.69194312796208,0.93,0.02978,972.0,987.0,1.0,988.26,988.26,0.0,0.0,0.0,0.0,28.0,1.0,Baixo Risco
c6e2484c0cc0ec029e7b421ccae0d2a79cf93374e70a6d315ee91ef2adcffecd,4731800.0,TO,0.2999117819227016,0.7105065648505465,394.0,57.74305555555556,0.69,0.28036,620.0,974.0,1.0,108502.01,0.0,62.0,1.0,0.0,108502.01,1005.0,1.0,Baixo Risco
aecbe9437289257630c3109a02b66b25a495d4bc05b2df9c33a60a4e54206f09,4781400.0,RS,0.9849460584760796,0.8530041727895563,925.0,193.0,0.97,0.0,964.0,987.0,0.0,0.0,0.0,0.0,0.0,0.0,0.0,0.0,1.0,Baixo Risco
b4419736b0c287b8666901dd3c16029cb0247cfa16a1f12f043f5884b118daf9,4321500.0,SC,0.9172715247274532,1.0,943.0,0.0,0.97,0.0,976.0,988.0,0.0,0.0,0.0,0.0,0.0,0.0,0.0,0.0,1.0,Baixo Risco
f10333c266e841e4a4912abe6c477d264e184b9f7888143c3c5b045aee4d6e42,1412602.0,AL,0.3328773330357704,0.8530041727895563,460.0,176.57894736842104,0.87,0.02507,913.0,987.0,0.0,0.0,0.0,0.0,0.0,0.0,0.0,0.0,1.0,Baixo Risco
bac443f2c4719f8f63e0d82da50cb98444dbb8caf8fae4102960682571bc8aa5,4771701.0,MS,0.9974998059730886,0.8530041727895563,939.0,224.6153846153846,0.99,0.01072,981.0,988.0,0.0,0.0,0.0,0.0,0.0,0.0,0.0,0.0,1.0,Baixo Risco
2aaba6c1526fec689b55e2494cbaeda7dd614689871b300c3d43a079a51adee1,4771701.0,PR,0.785185306304563,0.9662917184337788,808.0,160.3,0.84,0.1229,965.0,986.0,0.0,0.0,0.0,0.0,0.0,0.0,0.0,0.0,1.0,Baixo Risco
dac1f2885aa99c0692f1d501b52d7fb98e16babe2a4de03a2c0d759cda362ffc,4712100.0,BA,0.9845189294930357,1.0,964.0,224.9607843137255,0.97,0.04391,981.0,989.0,0.0,0.0,0.0,0.0,0.0,0.0,0.0,0.0,1.0,Baixo Risco
6fc0dd26b44f79f42ccfa04f0d9a75c5cf6395c0343fbf281f3282ae56d67e76,4639701.0,RJ,0.940530233267425,0.6245980821087751,751.0,94.0,0.83,0.06081,955.0,987.0,0.0,0.0,0.0,0.0,0.0,0.0,0.0,0.0,1.0,Baixo Risco
f5fe92721356486d2dd25032645fabd3423f28faf6ad8d9981eabc063a2a2a8a,1412601.0,RS,0.9014900425652834,0.8352337282312264,921.0,166.83333333333334,0.87,0.04307,940.0,988.0,0.0,0.0,0.0,0.0,0.0,0.0,0.0,0.0,1.0,Baixo Risco
c2e1ea2fff79c2f5997eff6261c5b531fdd454a249c379b73572d1bc680c732e,8610101.0,SE,0.6666409670900578,0.2095015373856887,335.0,98.21330589849109,0.77,0.05506,974.0,986.0,0.0,0.0,0.0,0.0,0.0,0.0,0.0,0.0,1.0,Baixo Risco
d795007f38b5f8105f073e857ba69cd0e65ea136fef4d757bcd5050c7b87a354,4781400.0,PR,0.9668606664839412,0.8530041727895563,931.0,159.875,0.92,0.11964,976.0,989.0,0.0,0.0,0.0,0.0,0.0,0.0,0.0,0.0,1.0,Baixo Risco
5d91d28c135a6720202bd3d02f909c4ec6b1b407b1344f04ac87d054e997a501,2943300.0,SP,0.5937194647205898,0.8530041727895563,200.0,98.51030927835052,0.67,0.07621,381.0,988.0,0.0,0.0,0.0,0.0,0.0,0.0,0.0,0.0,1.0,Baixo Risco
7e936c4b4eae6e05ae84562059bce50e292fdeb592249df2978fe832dd05f711,4641901.0,SC,0.9971634214923284,0.6278513761125614,891.0,91.0,0.76,0.0,932.0,988.0,1.0,592.25,607.63,3.0,1.0,0.0,-15.379999999999995,63.0,1.0,Baixo Risco
0b057b9bde17c211b0e24e24929716327c205118ff5a6b097f7a9e9af7f7627b,4771701.0,PR,0.9787921460593356,0.8530041727895563,953.0,253.37313432835825,0.98,0.0,982.0,988.0,0.0,0.0,0.0,0.0,0.0,0.0,0.0,0.0,1.0,Baixo Risco
888b0c40082945763a1db757657bde6e942bcdb666868e89bb8c2281fa0485e2,6203100.0,SP,0.0872790622378381,0.6672557009432896,390.0,175.60824742268042,0.78,0.00295,903.0,445.0,0.0,0.0,0.0,0.0,0.0,0.0,0.0,0.0,1.0,Baixo Risco
fab6856a3c9ef04db29a0b599aadd22204836f3eccbde9a95fa871562b62c2c3,5611201.0,GO,0.9760105243494722,0.8530041727895563,948.0,115.28571428571428,0.97,0.30398,979.0,988.0,0.0,0.0,0.0,0.0,0.0,0.0,0.0,0.0,1.0,Baixo Risco
8a27bde79b535a1b7b9e8fe3005aad5709dc850ebda9533d84f9931a89ca3410,4731800.0,SP,0.9982922725734936,0.9444427263247438,948.0,243.62222222222223,0.97,0.00351,969.0,988.0,0.0,0.0,0.0,0.0,0.0,0.0,0.0,0.0,1.0,Baixo Risco
4c85e716804c2ef01e855f56e1e8defc8dfa697879a6e14da7f1d2006c058f60,4321500.0,Sem Info,0.3620765827336717,0.8530041727895563,554.0,68.76016260162602,0.66,0.11183,242.0,986.0,0.0,0.0,0.0,0.0,0.0,0.0,0.0,0.0,1.0,Baixo Risco
6710c29fd0e512e4785a793fe041cad79193bced40db63b127829a08f4fc58d6,7739099.0,MT,0.8814697966731636,0.8530041727895563,791.0,160.875,0.88,0.39474,904.0,984.0,0.0,0.0,0.0,0.0,0.0,0.0,0.0,0.0,1.0,Baixo Risco
2f40c11afd8d3a4a9ac64ba3a2dec74c8ce58054afddd826cbd46522fdf66e08,4712100.0,RS,0.9330070372000856,0.8530041727895563,924.0,243.96666666666667,0.95,0.0,952.0,988.0,0.0,0.0,0.0,0.0,0.0,0.0,0.0,0.0,1.0,Baixo Risco
08b8f70f5080ad0b29f9da7645762851a8ec05546d800ec1b3ea1ecd0cc44f62,4771701.0,PR,0.9888571518147212,0.8530041727895563,953.0,259.3448275862069,0.97,0.0,984.0,987.0,0.0,0.0,0.0,0.0,0.0,0.0,0.0,0.0,1.0,Baixo Risco
4c18f0e74588e35e281a3e0a3c7087ee59dfb827ba599a2286affacdbaa8c86a,4781400.0,BA,0.8900314955214078,0.8530041727895563,927.0,115.46666666666668,0.96,0.14216,982.0,984.0,0.0,0.0,0.0,0.0,0.0,0.0,0.0,0.0,1.0,Baixo Risco
f39d29a8e4b43ea052d2decda2845da3a22b9d316a0ed8280ccb0f04fe95bede,113000.0,SP,0.7882268013496917,0.7143162850417291,949.0,185.4494382022472,0.95,0.00249,979.0,989.0,0.0,0.0,0.0,0.0,0.0,0.0,0.0,0.0,1.0,Baixo Risco
db3dc4e30bfb64414d90bfa27f8c4505811aa4d577cc77654d7383fc928d58d3,2710403.0,Sem Info,0.3985738611362673,0.9179214051968464,184.0,116.7016317016317,0.69,0.26208,85.0,981.0,2.0,4571.86,4571.86,0.0,0.0,0.0,0.0,29.0,1.0,Baixo Risco
c8daf5e6d695147406b76b125b9311eecafd2b660db5717643263001b761c810,4771701.0,PR,0.9958714863776734,0.8530041727895563,935.0,271.0769230769231,0.98,0.0,968.0,989.0,0.0,0.0,0.0,0.0,0.0,0.0,0.0,0.0,1.0,Baixo Risco
7f8cbca2a1faf68a30a22015915b5ab489550052fad235df561208046d4cf9fa,4781400.0,MA,0.9885376918695318,0.8530041727895563,838.0,100.33333333333331,0.9,0.07168,923.0,988.0,0.0,0.0,0.0,0.0,0.0,0.0,0.0,0.0,1.0,Baixo Risco
8f9a8357bb4f34d7070633c7417b22fa731bf6af0ebbcc7038496cd3bbe970e7,2930102.0,RS,0.954638460652205,0.2768054128872401,939.0,169.83870967741936,0.97,0.00634,978.0,988.0,0.0,0.0,0.0,0.0,0.0,0.0,0.0,0.0,1.0,Baixo Risco
351cd6d52683f34b2a903ecf54a05a979b8aaebc0651609fe819cc42db9c06a3,4771701.0,PR,0.9752801260927112,1.0,950.0,208.7058823529412,0.97,0.10119,979.0,989.0,0.0,0.0,0.0,0.0,0.0,0.0,0.0,0.0,1.0,Baixo Risco
77a17b796c29ae0046e91a1a1b10c62da00597522926970465b9a2637ab40ac5,5819100.0,PR,0.9943541240260736,1.0,950.0,242.5185185185185,0.97,0.0,982.0,988.0,1.0,39513.6,39513.6,0.0,0.0,0.0,0.0,42.0,1.0,Baixo Risco
27f4dc5e23809bd29cd11f7be5eff93a4913e88799e9198145f9b679a6a59d95,9511800.0,SP,0.6455721140549476,0.9733679947024212,526.0,50.42857142857143,0.75,0.0,823.0,979.0,0.0,0.0,0.0,0.0,0.0,0.0,0.0,0.0,1.0,Baixo Risco
5486a8e963a529e04e19b0313946ce5588f2aa27e52b3bb8c8a5bb9811112617,2330399.0,SC,0.5835632613817728,0.9434763964321732,722.0,164.25,0.87,0.81541,953.0,986.0,0.0,0.0,0.0,0.0,0.0,0.0,0.0,0.0,1.0,Baixo Risco
723f26e3a24d6749fa5978b8c4f8874004c1e3ff1a5cd1cc4ed8bed24fcbe20f,4771701.0,PR,0.9906145113756564,0.8530041727895563,948.0,190.2,0.98,0.23366,982.0,988.0,0.0,0.0,0.0,0.0,0.0,0.0,0.0,0.0,1.0,Baixo Risco
e702e45cc474f593086a345189cf7da9dc0d69ccd3fd3afb052059477b917b17,2423702.0,MG,0.4443163508101514,0.7627033943415662,277.0,135.3364705882353,0.47,0.13044,228.0,988.0,9.0,78723.85,78284.42,0.0,0.0,0.0,439.4300000000003,63.55555555555556,1.0,Baixo Risco
fef78c241f855550405891f22ba25fb855207fd81cc947c32ba6408a209dfb81,4679604.0,Sem Info,0.05,0.8530041727895563,34.0,71.45454545454545,0.09,0.51995,130.0,307.0,1.0,6846.45,6846.45,0.0,0.0,0.0,0.0,120.0,1.0,Baixo Risco
f864d8f28e7829dcae4d955d80c561d1710217bbf7088d68e38f76aa34124b9a,4679604.0,Sem Info,0.05,0.8530041727895563,895.0,0.0,0.05,0.0,968.0,988.0,2.0,4062.98,4062.98,1.0,0.5,0.0,0.0,30.0,1.0,Baixo Risco
8dcb9c65eec66ecd78f29224de44b10a3e9b93fc7b5ca6bf67abf1fc82dbde57,4930202.0,RS,0.9992469417571136,1.0,910.0,167.5,0.95,0.0,968.0,988.0,0.0,0.0,0.0,0.0,0.0,0.0,0.0,0.0,1.0,Baixo Risco
9f6e8600ef24c07f71c8e47a0541969f7705b4629bf2af6e3552793e16118c04,4761003.0,MG,0.9888681143812748,1.0,958.0,197.54,0.98,0.02492,983.0,989.0,0.0,0.0,0.0,0.0,0.0,0.0,0.0,0.0,1.0,Baixo Risco
9982b91d6f6b89d2ef9d299822bf9430de2ebbcd1de72470375c360437dfe203,4774100.0,SC,0.6196949800975361,0.8530041727895563,823.0,111.85714285714286,0.9,0.33782,980.0,988.0,0.0,0.0,0.0,0.0,0.0,0.0,0.0,0.0,1.0,Baixo Risco
47efca9f7ec0529680460dbbe6049fb34d87afe60c7f04e174ccc11c646e0897,4686902.0,SP,0.984738396603603,0.8855484967490477,894.0,167.33333333333334,0.96,0.07699,963.0,989.0,0.0,0.0,0.0,0.0,0.0,0.0,0.0,0.0,1.0,Baixo Risco
a8616a12ae85f7934846fd41b768095aef3cb3be191cdb5e22c9827a48a6ca69,1032599.0,GO,0.1876836801150795,1.0,670.0,146.31034482758622,0.88,0.00135,948.0,924.0,1.0,435000.0,435000.0,0.0,0.0,0.0,0.0,67.0,1.0,Baixo Risco
4f57dcfe185da9c3f143acbbd99be4215992308ed17192274111780fc8254ac6,4782201.0,RR,0.7338318619432793,0.8530041727895563,388.0,193.9642857142857,0.85,0.16746,953.0,986.0,0.0,0.0,0.0,0.0,0.0,0.0,0.0,0.0,1.0,Baixo Risco
1cdb74fc595880f8e458a82c36efee67826df70a07255ab681d7eefab2506c5a,4771701.0,PR,0.9741218278711996,0.8530041727895563,953.0,248.22727272727272,0.98,0.0,974.0,988.0,0.0,0.0,0.0,0.0,0.0,0.0,0.0,0.0,1.0,Baixo Risco
d280866a002c7f91375d621211801b440b206830acf1afa5ce3e636bda579234,4781400.0,MG,0.9759613186712708,0.8530041727895563,912.0,141.71428571428572,0.98,0.113,984.0,988.0,0.0,0.0,0.0,0.0,0.0,0.0,0.0,0.0,1.0,Baixo Risco
b5afd713e4cd3317ba6c737bb0b7452e46ad4a6f9a5ab3783e652fe16ac8a751,1359600.0,RJ,0.5724902234213172,0.8583081174559402,407.0,62.483870967741936,0.86,0.44454,550.0,984.0,1.0,1700.0,1700.0,0.0,0.0,0.0,0.0,11.0,1.0,Baixo Risco
a662c039fb7a982e005d8984e7d4feacf03f60aa43ea2f4048587c0c7bccb224,1412601.0,SC,0.9448697232543688,0.8530041727895563,944.0,251.41747572815532,0.94,0.09065,977.0,989.0,0.0,0.0,0.0,0.0,0.0,0.0,0.0,0.0,1.0,Baixo Risco
a75d1191b1a89ec649e1f272f0703c659c21dfc09a70e79feae80f2a557d1320,4661300.0,SP,0.9408838982181772,0.7278657250073471,913.0,231.05882352941177,0.95,0.01077,980.0,985.0,1.0,632.75,650.46,2.0,1.0,0.0,-17.710000000000036,32.0,1.0,Baixo Risco
5cb302da75138a453fe69b9042a7b0dcac34343d565a968a013ce905ff578577,9521500.0,SC,1.0,1.0,956.0,0.0,0.99,0.0,986.0,988.0,0.0,0.0,0.0,0.0,0.0,0.0,0.0,0.0,1.0,Baixo Risco
754d3bdeab19ebeb43358644cb67dee77e97852badbb867479da27002b713875,4723700.0,DF,0.971605049531719,0.8530041727895563,543.0,16.0,0.25,0.0,737.0,969.0,0.0,0.0,0.0,0.0,0.0,0.0,0.0,0.0,1.0,Baixo Risco
d7d569377b95cba446ca999f710e35303af0a18436d5ed396c17331069b9effa,1096100.0,SP,0.6133600039415381,0.6575404723807894,870.0,140.0,0.9,0.38034,916.0,985.0,1.0,1488.35,1488.35,0.0,0.0,0.0,0.0,13.0,1.0,Baixo Risco
8c0f60583dd703873be273f4aa20e88f75e713f5fdda9bf46ab913c063baeb78,4771701.0,PR,0.9931787436072118,0.05,950.0,245.1071428571429,0.99,0.02489,981.0,988.0,0.0,0.0,0.0,0.0,0.0,0.0,0.0,0.0,1.0,Baixo Risco
869e34357e737e93069cddb4e09ef3065be14bb6f415f9d922d21b8ea7c7e593,4771701.0,PR,0.8826769144090746,0.8530041727895563,918.0,205.04225352112675,0.97,0.0,962.0,986.0,0.0,0.0,0.0,0.0,0.0,0.0,0.0,0.0,1.0,Baixo Risco
da42e501bb561ba8c0366a9ee659c142b2b16cb61bdb7fed1392fd4b5960b0f2,8122200.0,SP,0.4906854913864492,0.1620125644377533,735.0,87.83333333333333,0.78,0.31396,830.0,981.0,1.0,4121.31,4121.31,0.0,0.0,0.0,0.0,30.0,1.0,Baixo Risco
d3c1ba38a008fa55f006395c8ed151094d5b88c6b080cfe1dc5d5da9d55888cc,1412601.0,PE,0.9077740380185318,1.0,704.0,224.28571428571428,0.82,0.14256,965.0,989.0,0.0,0.0,0.0,0.0,0.0,0.0,0.0,0.0,1.0,Baixo Risco
ed4a543bd88d5f9fbe0ad08e8625664dcbf48a88f0c74be5e3c75345581946d8,4772500.0,PR,0.4719813391285763,0.3829787234042553,365.0,177.125,0.8,0.65667,826.0,974.0,0.0,0.0,0.0,0.0,0.0,0.0,0.0,0.0,1.0,Baixo Risco
c41b0268ef69a2e2c05858b1732c60efe82edf05c4b15bbd1ee0571464bd0ca3,4781400.0,GO,0.97791752295346,0.8530041727895563,868.0,84.0,0.96,0.0,975.0,988.0,0.0,0.0,0.0,0.0,0.0,0.0,0.0,0.0,1.0,Baixo Risco
0d2a086b9e5fecbd502a2ddba9853a4daccf5267860f6a571cb7ca61bf4054ac,2592601.0,SP,0.9461421571742584,0.9145641129633548,918.0,206.14285714285717,0.95,0.0,980.0,988.0,0.0,0.0,0.0,0.0,0.0,0.0,0.0,0.0,1.0,Baixo Risco
9a6a9f581602049c6d320a4e3563c37b5909e2af70ccaf064c618ad410849d19,1412601.0,Sem Info,0.0506233681261661,0.1409722497037727,58.0,61.12337662337662,0.39,0.20176,57.0,478.0,7.0,4926.36,5076.21,2.142857142857143,0.5714285714285714,0.0,-149.84999999999997,45.57142857142857,1.0,Baixo Risco
0a8d1c2604b471b77545936cba778afeee8f26d5d2dae99b749c217a91a182f2,4744001.0,SC,0.9375317078606964,0.8530041727895563,882.0,252.0,0.96,0.08407,976.0,989.0,0.0,0.0,0.0,0.0,0.0,0.0,0.0,0.0,1.0,Baixo Risco
7432709908b6fba786c4c8a1a791ee6490c49308d44bcc14d79b1e43a29e0ab6,4930203.0,SP,0.4396033395728859,0.7785693396318447,868.0,224.9705882352941,0.94,0.00129,962.0,986.0,1.0,1276.77,1276.77,0.0,0.0,0.0,0.0,15.0,1.0,Baixo Risco
17108f5413fc4b27b9c585ed1ade325864a903f177074fbf1ae60bbf3e8afd0a,4520001.0,PR,0.978491885958663,0.6159579607163703,951.0,211.7142857142857,0.97,0.0,984.0,989.0,3.0,38195.92,0.0,0.0,0.0,0.0,38195.92,6.666666666666667,1.0,Baixo Risco
80edcf1fbba0b04ab76b4d0366fbc07a46c64697c9c7c923d33c2d2ad386eb60,1359600.0,SP,0.9073601647634404,0.912075576426676,946.0,213.34782608695653,0.93,0.00369,984.0,988.0,2.0,996.86,580.33,34.5,1.0,0.0,416.53,73.0,1.0,Baixo Risco
280777c3a0f1aa73b2ae21cc34577489807f04505502f81f67c5209068b8acc2,4781400.0,MG,0.9871832811473524,0.8530041727895563,960.0,145.66666666666666,0.99,0.18808,981.0,988.0,0.0,0.0,0.0,0.0,0.0,0.0,0.0,0.0,1.0,Baixo Risco
ba94bd5c4b453af30d8f98b578ba75f5ed97e8b177125f0e3eaffbb0c2411d77,2512800.0,SP,1.0,0.8530041727895563,72.0,245.0,1.0,0.0,581.0,846.0,0.0,0.0,0.0,0.0,0.0,0.0,0.0,0.0,1.0,Baixo Risco
e0324639671b6688a1407945dcf062fddb1a8305085d5565cb093dc7ccefd802,4617600.0,SP,0.7379348940526701,0.9160090990112344,848.0,152.88888888888889,0.93,0.15499,962.0,989.0,1.0,64476.0,64476.0,0.0,0.0,0.0,0.0,31.0,1.0,Baixo Risco
9410aa45b78b9debf871f6f02f3a1b3648f5d171a80dcd1303464dc465b9aa0a,4782201.0,PR,0.8046006011120975,0.8530041727895563,598.0,200.58064516129036,0.9,0.02897,947.0,986.0,0.0,0.0,0.0,0.0,0.0,0.0,0.0,0.0,1.0,Baixo Risco
76cabb76991d5422d77a09309b2ea4743c4e7c88a1f7782c87f6e45e76b6d873,4781400.0,MT,0.9579859621063732,0.8530041727895563,950.0,173.0,0.95,0.00081,983.0,989.0,0.0,0.0,0.0,0.0,0.0,0.0,0.0,0.0,1.0,Baixo Risco
32d9864b23824f555daaf37e96bf6dd3c624f7207da009ded14b97155c2a6542,4771701.0,PR,0.2551673625352003,0.8530041727895563,158.0,82.1923076923077,0.54,0.26342,71.0,904.0,0.0,0.0,0.0,0.0,0.0,0.0,0.0,0.0,1.0,Baixo Risco
e6935d223f5df6ee3d36505c8de3308c993e846db48a0bc05a7e6fba74b60a85,4711301.0,SP,0.8119142735087146,0.8350360806344219,427.0,147.28571428571428,0.8,0.0,658.0,988.0,0.0,0.0,0.0,0.0,0.0,0.0,0.0,0.0,1.0,Baixo Risco
ec4543349a12eaddef6a2310530756a7cd0246b3b12ac9f69ca296e576eefe5b,4663000.0,RS,0.9877233304321008,0.9305636916956552,955.0,207.05882352941177,0.95,0.04049,982.0,989.0,0.0,0.0,0.0,0.0,0.0,0.0,0.0,0.0,1.0,Baixo Risco
9d093e1766143f39051ea312baa4275083ddfd7751e4f07bc13d0f67916bdffb,4541206.0,CE,0.717520835871636,0.8530041727895563,689.0,272.0,0.96,0.0,678.0,964.0,0.0,0.0,0.0,0.0,0.0,0.0,0.0,0.0,1.0,Baixo Risco
b29dda40dd36b37ef80aca80a6b742ce4c8f7856e2e1874aa6927218d66bfbd3,4623109.0,ES,0.8510958157935256,0.7671861641380078,866.0,232.82901554404145,0.93,0.01212,979.0,986.0,0.0,0.0,0.0,0.0,0.0,0.0,0.0,0.0,1.0,Baixo Risco
fadddfeb8c8c27ef20543cb6ded62dc77313b10abce6d87962aac1d94398c9e7,1052000.0,RJ,0.981777715901882,0.5905774666431637,213.0,110.8051948051948,0.71,0.09673,598.0,987.0,1.0,7393.44,7393.44,0.0,0.0,0.0,0.0,35.0,1.0,Baixo Risco
b328c359d195c05f6921151757db143cc98f0fb00f516ab686c192badc189328,1095300.0,Sem Info,0.4408156987067376,0.2133086344720922,536.0,92.29032258064515,0.78,0.21737,515.0,963.0,1.0,330.8,330.8,0.0,0.0,0.0,0.0,34.0,1.0,Baixo Risco
5ad22b19543d8e0a7e95e6d3189a58b86fbf9667ed153f362fd0c1bf83222f17,4782201.0,MA,1.0,0.8530041727895563,951.0,142.0,0.96,0.0,970.0,988.0,0.0,0.0,0.0,0.0,0.0,0.0,0.0,0.0,1.0,Baixo Risco
55f24607a6f6ad9a60c5bbe71ba1fffd4e3c79af4424a4c47d15db406bf50211,4771701.0,PR,0.6695478740900013,0.8530041727895563,905.0,97.72222222222224,0.94,0.29612,983.0,988.0,0.0,0.0,0.0,0.0,0.0,0.0,0.0,0.0,1.0,Baixo Risco
743fcd8f7bffa06c7ca12ded676a32a69ec035709f9de74280dfe15f11da94fe,4321500.0,SC,0.3249103980051108,1.0,940.0,250.55555555555557,0.94,0.0,982.0,988.0,0.0,0.0,0.0,0.0,0.0,0.0,0.0,0.0,1.0,Baixo Risco
a5675d23718f07ee2ea9beae6964a6e6e5fda082a99dc4c29c7c14919b92cdab,4789099.0,SC,0.944980873515798,0.8530041727895563,927.0,237.28571428571428,0.98,0.0,982.0,987.0,0.0,0.0,0.0,0.0,0.0,0.0,0.0,0.0,1.0,Baixo Risco
64d6b6e0356ef1ec5e5f2161945f31d393193125cb262f497e071b091ddd3900,4530701.0,SC,0.96333742159102,0.6101956692900226,932.0,182.3181818181818,0.93,0.15826,982.0,989.0,1.0,1018.0,1018.0,0.0,0.0,0.0,0.0,7.0,1.0,Baixo Risco
81f997a26192597b95b6107c9e88d777a13f82c507d1a50bd87c0840fbc1d760,1011201.0,MS,0.9927407262531962,0.9838889600971892,961.0,276.0,0.94,0.0,983.0,988.0,4.0,702868.8,702868.8,0.0,0.0,0.0,0.0,5.0,1.0,Baixo Risco
c4c8f0bcec0deed3f2ec21b528725cd3265cf137ddfee6aa4fa40e7c3058620b,4781400.0,SP,0.9800581949192224,0.8530041727895563,901.0,160.08333333333334,0.97,0.0,980.0,988.0,0.0,0.0,0.0,0.0,0.0,0.0,0.0,0.0,1.0,Baixo Risco
aaa62c4e989a1b89509dd7466088d9092075299eb5017d88c633c882f26ce3cf,6491300.0,Sem Info,0.9098608896471034,0.8266190325024644,782.0,188.83333333333331,0.8,0.0,928.0,986.0,1.0,1250.0,1250.0,0.0,0.0,0.0,0.0,45.0,1.0,Baixo Risco
4b559ae47aab27df4c7d8e904fedcf25f569545e47c7ce3f3639274c077a0fe5,4639701.0,DF,0.8667790272946345,0.592290130978956,859.0,196.52941176470588,0.88,0.06891,959.0,989.0,1.0,783.1,783.1,0.0,0.0,0.0,0.0,20.0,1.0,Baixo Risco
cf921ff88dd3841993de41afb7cd64824e2763d6f1e684c3f256abf6db1b3f53,2063100.0,SE,0.9684710982316936,0.8270580944679956,945.0,215.6,0.97,0.0,982.0,989.0,0.0,0.0,0.0,0.0,0.0,0.0,0.0,0.0,1.0,Baixo Risco
7c438fe950675cffade114104cd947fea3485559d240c9dfdfe78c367640aa04,5510801.0,GO,0.7429079386232512,0.8530041727895563,559.0,191.0,0.87,0.0,804.0,984.0,0.0,0.0,0.0,0.0,0.0,0.0,0.0,0.0,1.0,Baixo Risco
a67978d51352c4b0842ed13a9e0f800d36efd4859c9c3f02c653c7117c18c234,4774100.0,PR,0.8965591618281028,0.8530041727895563,950.0,270.75,0.88,0.0,968.0,989.0,0.0,0.0,0.0,0.0,0.0,0.0,0.0,0.0,1.0,Baixo Risco
3436c377830cf6cbbf6c9fdecdfe59bccf23365fac715e3a83b8c29948c65f6e,4771701.0,MA,0.769291405466409,0.8530041727895563,895.0,175.71428571428572,0.89,0.53078,863.0,985.0,0.0,0.0,0.0,0.0,0.0,0.0,0.0,0.0,1.0,Baixo Risco
60b79723aae9e993d294d641dde2c271a9b1c917a59e740fce98c88e0d608ef3,4781400.0,RJ,0.9630154467771994,0.8530041727895563,934.0,35.5,0.95,0.0,966.0,989.0,0.0,0.0,0.0,0.0,0.0,0.0,0.0,0.0,1.0,Baixo Risco
766ad6d506f32b037ad9edcd6ff15d3177cd20d2544bd0f5b302bd62e000a914,4782202.0,Sem Info,0.8084918224023564,0.7666849072403971,908.0,129.42857142857142,0.94,0.59846,972.0,989.0,2.0,4459.0,4464.02,0.5,0.5,0.0,-5.019999999999982,63.0,1.0,Baixo Risco
f1e7904b806709f76ac06a6c42d32e097d84c112abfb045483ba16b7916880f8,4782201.0,CE,0.9450021537326578,0.8530041727895563,923.0,205.0909090909091,0.88,0.14804,951.0,989.0,0.0,0.0,0.0,0.0,0.0,0.0,0.0,0.0,1.0,Baixo Risco
2368ba4c33367298a1c7b11d185d0262e3624f2849d362d11e44b3d17b11e301,5611201.0,DF,0.9331544859616469,0.8530041727895563,944.0,40.333333333333336,0.95,0.79039,977.0,989.0,0.0,0.0,0.0,0.0,0.0,0.0,0.0,0.0,1.0,Baixo Risco
b57c33fe392ca734edb29780bc1028d982a8620b90a3924ff575fc143bb08a31,4645101.0,Sem Info,0.1159747870389319,0.1782893664502474,66.0,175.62121212121212,0.4,0.02886,37.0,706.0,1.0,27752.59,0.0,22.0,1.0,0.0,27752.59,108.0,1.0,Baixo Risco
855ef09279343b74edaed29874cedee7a462bf8f6e78a54160c24bd1989cf1e3,1052000.0,GO,0.8654479343036968,0.9545862752787664,953.0,241.0,0.96,0.0,978.0,988.0,3.0,38000.0,38430.65,1.6666666666666667,0.3333333333333333,0.0,-430.64999999999964,45.0,1.0,Baixo Risco
4cfd9d7e0c7363824a11fc37b1dcdb39aac327dcf8eeeb3778454b3858a34c8a,4771701.0,PA,0.9756438370064336,0.8530041727895563,906.0,273.63157894736844,0.97,0.06895,975.0,988.0,0.0,0.0,0.0,0.0,0.0,0.0,0.0,0.0,1.0,Baixo Risco
3b83966c9d01dc84d645ff1cf3a05e73f80642a6f4ea7d5d2824e8be2979521b,4781400.0,MG,0.8450368117563161,0.8530041727895563,950.0,192.0,0.96,0.0,978.0,988.0,0.0,0.0,0.0,0.0,0.0,0.0,0.0,0.0,1.0,Baixo Risco
70ab899705be23176b008824d8a25bb42eb23268025719fb3ea7c39662bb56b7,4742300.0,SC,0.9679225931076556,0.727593192584781,960.0,197.92857142857144,0.97,0.01819,976.0,988.0,0.0,0.0,0.0,0.0,0.0,0.0,0.0,0.0,1.0,Baixo Risco
58792256211021ccec56f67d76ca3487a7aa647b9b98590898253f973020dae4,4744001.0,SC,0.9406665494822462,0.8530041727895563,840.0,33.46153846153846,0.97,0.18002,983.0,988.0,0.0,0.0,0.0,0.0,0.0,0.0,0.0,0.0,1.0,Baixo Risco
08a356fcca453cbefe24598c176fdba97f89ebd6356be6e280f96462c5426ac7,4651601.0,Sem Info,0.7106008807058938,0.3435735498079562,615.0,140.875,0.74,0.0,259.0,982.0,1.0,1833.33,1833.33,1.0,1.0,0.0,0.0,63.0,1.0,Baixo Risco
27cc0543f19b570896419d7bead2c10a5a98a275c3f15160fefcc8d7b4f5b6c2,1414200.0,ES,0.7704101298434258,0.3460896314274826,889.0,265.9166666666667,0.97,0.00052,976.0,988.0,4.0,3233.25,3313.39,3.5,0.75,0.0,-80.14000000000004,74.0,1.0,Baixo Risco
29397059bc263d25944a7df7a8cf7b51e0a3307244aba98ec4b7669fb9ca035a,1411801.0,RJ,0.5581643846626224,0.909103316801824,487.0,130.51933701657458,0.79,0.19233,858.0,986.0,252.0,222811.97,214269.72999999998,2.2103174603174605,0.20238095238095238,0.003968253968253968,8542.24,86.39682539682539,1.0,Baixo Risco
ba522b46f74d319ccf83e0817850f3ee687cf674d03eee261cfb973857de5c77,1412601.0,SP,0.1521813591636054,0.9458091511958152,126.0,157.3846153846154,0.41,0.01424,55.0,790.0,1.0,943.34,943.34,1.0,1.0,0.0,0.0,62.0,1.0,Baixo Risco
5e72116ca6f61f052c9595018a7579490eed0f178771a79a9d5036ae8a692b15,4771701.0,PR,0.9810507203951092,0.8530041727895563,951.0,222.69230769230768,0.98,0.0,976.0,987.0,0.0,0.0,0.0,0.0,0.0,0.0,0.0,0.0,1.0,Baixo Risco
af4ada4e26a6478eaca2ec87bd30d8b0b1b616078236d2e2ad7e9f141f9414d7,1533500.0,SP,0.8300018570382027,0.7033488072236064,777.0,100.06172839506172,0.68,0.0781,966.0,980.0,1.0,555.13,555.13,0.0,0.0,0.0,0.0,95.0,1.0,Baixo Risco
fb98305bb7466c07054384b19a2411562b569e6d9a40e03de22a9e64cf100031,4781400.0,TO,1.0,0.8530041727895563,962.0,251.33333333333331,0.94,0.0,972.0,988.0,0.0,0.0,0.0,0.0,0.0,0.0,0.0,0.0,1.0,Baixo Risco
5f2b89d256cd00d899230c50a373b5b718cfd79330e9235eb95b87d2f12025bd,4921301.0,SP,0.9895700027632602,0.8530041727895563,812.0,94.0,0.92,0.0,919.0,983.0,0.0,0.0,0.0,0.0,0.0,0.0,0.0,0.0,1.0,Baixo Risco
22c745cd82c45f94845e903330773753bdbef7b5d3e99b835ec85d2ed7d06ff4,1411801.0,SP,0.7007649553697783,0.8530041727895563,861.0,213.2692307692308,0.91,0.07317,919.0,986.0,0.0,0.0,0.0,0.0,0.0,0.0,0.0,0.0,1.0,Baixo Risco
862c917043acffe9b08481cb1c00e5590c70218de6d1c5c40a8ba2797da1975c,4639701.0,Sem Info,0.7818354541648119,0.8824096025155879,685.0,116.52721088435374,0.87,0.19963,975.0,988.0,1.0,351.6,358.87,4.0,1.0,0.0,-7.269999999999982,24.0,1.0,Baixo Risco
291c0257b01d70c33cc627801692e5f74b17a2cea17680467937f1d1bc84a503,2710401.0,Sem Info,0.7666400532624812,0.8530041727895563,901.0,53.0,0.95,0.0,972.0,988.0,0.0,0.0,0.0,0.0,0.0,0.0,0.0,0.0,1.0,Baixo Risco
c1bf2a1c8645a0d9658d0dbebb41156453f3d3e634359cc4eaa47f9f2247832c,4744001.0,SC,0.6673092809450404,0.8530041727895563,737.0,246.55172413793105,0.94,0.17869,266.0,984.0,0.0,0.0,0.0,0.0,0.0,0.0,0.0,0.0,1.0,Baixo Risco
b26f3b08949895e21b25303177e135a85587c1bad543a6c6c10051f124488ec9,4671100.0,GO,0.3981740912427516,0.8530041727895563,377.0,121.60162601626016,0.66,0.08759,556.0,984.0,5.0,422972.8,0.0,62.0,1.0,0.0,422972.8,612.0,1.0,Baixo Risco
d6510f9c2aaa507caedecf8f9a0283f10c05e070aa32eb6c69d0288e2977a794,4292801.0,SP,0.290353518077405,0.8530041727895563,102.0,155.15942028985506,0.31,0.0227,52.0,814.0,1.0,1214.22,1214.22,0.0,0.0,0.0,0.0,35.0,1.0,Baixo Risco
1094fad294cf8c6cfab94c1e623e890d7a98eb6c394b482fbd116bb334762f98,4930202.0,SP,0.8300298836704038,0.9312316767547756,744.0,96.33333333333331,0.89,0.0,912.0,985.0,3.0,22957.78,22957.78,11.0,1.0,0.0,0.0,45.0,1.0,Baixo Risco
cd461a72083bdfb487f1797bf0b6edb2b2f03d785f0e91b754ea9a349c78db03,4771701.0,GO,0.5262903041191562,0.8530041727895563,438.0,73.6923076923077,0.77,0.48293,28.0,823.0,0.0,0.0,0.0,0.0,0.0,0.0,0.0,0.0,1.0,Baixo Risco
0fb9122b8070f3af4002358e28f343469ead798f05b1a7ee4696d50b1cfe123d,4321500.0,SC,0.9565786955428088,1.0,739.0,84.5,0.8,0.0,881.0,986.0,0.0,0.0,0.0,0.0,0.0,0.0,0.0,0.0,1.0,Baixo Risco
dc4a75979190f9e33790e475663514e753ce3975efacad28f096d7ad35926598,4761001.0,SP,0.1352298026609925,0.3367606819281395,137.0,65.16580310880829,0.74,0.06616,127.0,869.0,1.0,149.11,149.11,2.0,1.0,0.0,0.0,24.0,1.0,Baixo Risco
27d27b48044caab9cb88f5975859708a0a697f644bd50e4dfb99f1fd03af8fcb,4637199.0,SP,0.9311093280732164,0.8530041727895563,863.0,169.06896551724137,0.91,0.0,980.0,989.0,0.0,0.0,0.0,0.0,0.0,0.0,0.0,0.0,1.0,Baixo Risco
10ce1d7a3a0cc43bf1c3a24eae2b3f0d828766afee4277e5d65556bad84dc232,4771701.0,PR,0.9817136211678136,1.0,964.0,289.7142857142857,0.98,0.0,980.0,989.0,0.0,0.0,0.0,0.0,0.0,0.0,0.0,0.0,1.0,Baixo Risco
c749c7a7a9ed0d9b9d13e50f0668d66ecee5df38aa213062926bb22dc9a03a86,5819100.0,RJ,0.9365970365155892,0.8530041727895563,535.0,134.5,0.5,0.067,140.0,689.0,0.0,0.0,0.0,0.0,0.0,0.0,0.0,0.0,1.0,Baixo Risco
484de2d090affcb21520f3f50ab7f9fd9023fea4a34ac3b05554710a44c4ef18,4754702.0,SP,0.0983320741365688,0.8530041727895563,124.0,113.06666666666666,0.35,0.38981,35.0,387.0,0.0,0.0,0.0,0.0,0.0,0.0,0.0,0.0,1.0,Baixo Risco
259aa3010757ac4a51f75fbb874dc7e0a7192d193b3e78cdaf49ed90ff6cf50d,2062200.0,MT,0.437979814068353,0.9617956064947468,738.0,142.1320754716981,0.88,0.14048,890.0,983.0,2.0,8593.0,8593.0,0.0,0.0,0.0,0.0,26.0,1.0,Baixo Risco
7f42089d3d4c566f47a065f54337423d40915954a35c838e474d153a7e7f92ef,8211300.0,RJ,0.8381394042019858,0.4607485277656105,509.0,66.33333333333333,0.75,0.0416,552.0,979.0,0.0,0.0,0.0,0.0,0.0,0.0,0.0,0.0,1.0,Baixo Risco
852e1fd66f5ddd7a8dc80b8a4381add66a5bfd9fb8cd458fa7ff26994b9b0bbd,4782201.0,GO,0.9397047669493486,0.3357819493890676,892.0,132.42857142857142,0.96,0.65331,918.0,985.0,0.0,0.0,0.0,0.0,0.0,0.0,0.0,0.0,1.0,Baixo Risco
006f986ab24b52fb10bfbebdb511ad20e28c042bc4c0321d1a2ff4cfe6cffb72,4685100.0,SP,0.8471235424444234,0.8530041727895563,959.0,214.3636363636364,0.95,0.0,983.0,988.0,0.0,0.0,0.0,0.0,0.0,0.0,0.0,0.0,1.0,Baixo Risco
4bc546dcbf302c716a42ef45a9b449c93e06012b2a227dd438ecce0cb19faabf,4693100.0,ES,0.922026272847952,0.4711661953968942,953.0,184.4782608695652,0.96,0.12702,980.0,988.0,0.0,0.0,0.0,0.0,0.0,0.0,0.0,0.0,1.0,Baixo Risco
a65b83042f38ca96cb4c086ab6f8dd77e330b42e0fdbb9747101104f8da27c90,4781400.0,SP,0.9187684627764438,0.8530041727895563,729.0,356.0,1.0,0.0,728.0,957.0,0.0,0.0,0.0,0.0,0.0,0.0,0.0,0.0,1.0,Baixo Risco
b843fbf21309a57614ae781ee6342f7b8c866914f24fac92b19a3bb08b7190f2,4771701.0,PR,0.9845468396736684,0.7705601750579881,964.0,241.57142857142856,0.97,0.0,982.0,988.0,0.0,0.0,0.0,0.0,0.0,0.0,0.0,0.0,1.0,Baixo Risco
515b98cc5c456f79b604368dd2e1992d20ebc602a1ac76a10c96c50430d1c0e6,2063100.0,SP,0.6980355204954072,0.886733837920284,442.0,40.43333333333333,0.86,0.65145,450.0,979.0,2.0,72267.15,72091.09,0.0,0.0,0.0,176.0599999999995,30.5,1.0,Baixo Risco
4dcf670b2c2b5df48685a5862db65154ace8278434ec69253fca7667b0a21e95,4711302.0,RS,0.9891095297742758,0.8530041727895563,942.0,166.4375,0.98,0.00484,982.0,988.0,0.0,0.0,0.0,0.0,0.0,0.0,0.0,0.0,1.0,Baixo Risco
1f218bf7dbf67ec880e878940497345a0f140f858cf1e6b153953e0f1eaf1486,4729699.0,SP,0.9339628135169112,1.0,806.0,179.0,0.94,0.12374,954.0,988.0,0.0,0.0,0.0,0.0,0.0,0.0,0.0,0.0,1.0,Baixo Risco
4f0c0f7b949a148695b1b25589bd0d1702aa314e2fe5bf614fbba4c98480fc19,4781400.0,RS,1.0,0.8530041727895563,597.0,202.33333333333331,0.76,0.0,697.0,976.0,0.0,0.0,0.0,0.0,0.0,0.0,0.0,0.0,1.0,Baixo Risco
409053baa48f14d5ffe9a79e2d7128b90465adc591e91000f41e27df14ed6e3d,4644301.0,MS,0.5062752485390741,0.5802407221179539,184.0,127.90322580645162,0.55,0.20761,494.0,980.0,0.0,0.0,0.0,0.0,0.0,0.0,0.0,0.0,1.0,Baixo Risco
5be4aa60f07c4efacead62231f3305355d10bdee14ceb6b7c26319410185528a,4781400.0,PI,0.9747563432930212,0.8530041727895563,920.0,185.39285714285717,0.97,0.00809,981.0,988.0,0.0,0.0,0.0,0.0,0.0,0.0,0.0,0.0,1.0,Baixo Risco
60c7836d7d15a0dd098d62ab98dbc11d3c7791e9bd25006f878a07f45b4794cd,2063100.0,RJ,0.3852328297005131,0.906726300353218,701.0,102.65,0.88,0.38191,128.0,972.0,1.0,1642.28,1642.28,0.0,0.0,0.0,0.0,62.0,1.0,Baixo Risco
215e25caa140aeb01f594672e69f023c74c184753eff286dfc9714c8b9dbc1ae,1020101.0,MG,0.9111689922514692,1.0,824.0,24.5,0.82,0.76174,801.0,983.0,0.0,0.0,0.0,0.0,0.0,0.0,0.0,0.0,1.0,Baixo Risco
ee4bc9d92d36ba08800341f1c5b4b6860cbe82d24149e5823af182984f4275c1,2599302.0,Sem Info,0.3180429208214737,0.0827124127528293,557.0,97.42857142857144,0.78,0.38332,214.0,953.0,1.0,12925.0,12925.0,0.0,0.0,0.0,0.0,33.0,1.0,Baixo Risco
00d6c5d14f66f7663cfb52ad4f7a237305afdef39922fe04d3c0363524878739,4712100.0,PR,1.0,0.8530041727895563,954.0,281.5,0.96,0.0,928.0,984.0,0.0,0.0,0.0,0.0,0.0,0.0,0.0,0.0,1.0,Baixo Risco
295aa8494ef7a083b3512e0f85a4f489682f6ecbee2a31d8571e64e981d90250,1359600.0,Sem Info,0.5020824478655566,0.8530041727895563,164.0,100.32394366197182,0.77,0.08352,163.0,979.0,5.0,4497.18,4540.9400000000005,0.2,0.2,0.0,-43.75999999999999,85.4,1.0,Baixo Risco
41fb3a72c5a347ecce3aa9158a7e01058c083ceb335641f54c659dd20b233f37,4771701.0,SP,0.6725869821926522,0.8530041727895563,842.0,189.14285714285717,0.95,0.03325,880.0,988.0,0.0,0.0,0.0,0.0,0.0,0.0,0.0,0.0,1.0,Baixo Risco
9621d89ca64cb4e333e568d16048297343d4242cd1a918a3b91b31766f133db4,4782201.0,SP,0.9733925339094944,0.8530041727895563,936.0,226.0952380952381,0.97,0.0,982.0,988.0,0.0,0.0,0.0,0.0,0.0,0.0,0.0,0.0,1.0,Baixo Risco
26f76c6294781591c0961bbb30b189432d7c8365bdde5ffa5fef3f416ba95141,4722901.0,SP,0.9619771002311512,0.8530041727895563,954.0,209.95833333333331,0.91,0.03748,979.0,989.0,0.0,0.0,0.0,0.0,0.0,0.0,0.0,0.0,1.0,Baixo Risco
03a96499773502afde5d8196f52121136be8832f060b9ebaea7615209d644b0a,4781400.0,MA,0.9239387160579976,0.8530041727895563,963.0,307.75,0.98,0.0,980.0,986.0,0.0,0.0,0.0,0.0,0.0,0.0,0.0,0.0,1.0,Baixo Risco
7aba9bc8ca45f493992ac6b9971308c4327a7715e00bcfb860a792ba667e4fa4,3832700.0,SP,0.9627650017192944,1.0,794.0,24.0,0.96,0.0,969.0,986.0,0.0,0.0,0.0,0.0,0.0,0.0,0.0,0.0,1.0,Baixo Risco
8f599fe578b699373d222c7200624d282910745fb1aaccdaed0364954afd9ff4,4771701.0,PR,0.1075292895960946,0.8530041727895563,452.0,97.07058823529412,0.8,0.26508,34.0,444.0,0.0,0.0,0.0,0.0,0.0,0.0,0.0,0.0,1.0,Baixo Risco
afeb7224d6063a38cefbd97ba34bf541167c4f5d019da87d18e3b9c8da197a25,4754701.0,RS,0.943141943048146,0.8530041727895563,942.0,232.2,0.96,0.24975,979.0,986.0,0.0,0.0,0.0,0.0,0.0,0.0,0.0,0.0,1.0,Baixo Risco
87b896787893b5654620db14be1e364c0523dbfca27045daf5f29dabd6148ce8,5611203.0,SC,0.8216625347494905,0.8530041727895563,830.0,124.26666666666668,0.88,0.21291,893.0,988.0,0.0,0.0,0.0,0.0,0.0,0.0,0.0,0.0,1.0,Baixo Risco
4998c297b9c4baab1abadfaa116b1cede91df8d9b52c34cbcac016c30d4239a0,4712100.0,BA,0.927997623902214,0.8530041727895563,930.0,192.4318181818182,0.96,0.06802,978.0,989.0,0.0,0.0,0.0,0.0,0.0,0.0,0.0,0.0,1.0,Baixo Risco
5fd85e3d9f917cf832a898176972669193740d675c0ea8ac2e279c1b2aa8765e,4644301.0,SC,0.9911739536614392,0.9862937457721436,950.0,215.2173913043478,0.98,0.00731,984.0,989.0,0.0,0.0,0.0,0.0,0.0,0.0,0.0,0.0,1.0,Baixo Risco
36bb0b80646c7b7a5258146f13da7b9830cac081ff5a1879c793c2e6b79f3852,2593400.0,SP,0.965055225840437,0.6975074831555605,953.0,230.24242424242425,0.95,0.07165,979.0,988.0,0.0,0.0,0.0,0.0,0.0,0.0,0.0,0.0,1.0,Baixo Risco
bf417583dd8b7c7bc5e6d5fd27c9a0a3e3375958c1b8f6df62aa580bf8674189,1412601.0,SP,0.1154513082452873,0.05,124.0,120.58333333333331,0.36,0.17131,97.0,979.0,1.0,108.0,108.0,0.0,0.0,0.0,0.0,105.0,1.0,Baixo Risco
0729793d98f26bcc2977eb187cb87ad1453687a4307f75143a2c759bc392e454,4651601.0,SP,0.7325265409844512,0.4611954814560957,73.0,65.66666666666667,0.38,0.2258,93.0,751.0,1.0,1894.75,0.0,21.0,1.0,0.0,1894.75,99.0,1.0,Baixo Risco
fec741b91da7a76d8ac26d45fc644a05a6d1c6cb9be39f66b04c6a4ddb1b03ad,4712100.0,SP,0.8886319063364261,0.8530041727895563,898.0,193.5,0.94,0.05505,980.0,989.0,0.0,0.0,0.0,0.0,0.0,0.0,0.0,0.0,1.0,Baixo Risco
fc0f7c7233449ddbcbbc85b499e130cb386ca1f3800fc279cbda993af94e7e42,4781400.0,SP,0.8987391967447567,0.8530041727895563,922.0,129.0,0.94,0.0,965.0,987.0,0.0,0.0,0.0,0.0,0.0,0.0,0.0,0.0,1.0,Baixo Risco
fcb393c510c689c5e6333559dad2e879f4435778237f41015baf58d392b7d273,4782201.0,MT,0.98932398216358,0.8530041727895563,950.0,17.0,0.93,0.0,974.0,989.0,0.0,0.0,0.0,0.0,0.0,0.0,0.0,0.0,1.0,Baixo Risco
a934810dce62b663d6121fc705aeb9bce7c19cea13e70d7ebab165c2bddc5f47,2822402.0,SP,0.9856541468279574,0.8816096293170306,958.0,228.2701612903226,0.97,0.00949,983.0,988.0,0.0,0.0,0.0,0.0,0.0,0.0,0.0,0.0,1.0,Baixo Risco
d907685f695a0846fd8937b49adf84deec7eef812ee5f1d16570f64cdd2f59ce,4781400.0,RS,1.0,0.8530041727895563,845.0,117.5,0.99,0.0,972.0,987.0,0.0,0.0,0.0,0.0,0.0,0.0,0.0,0.0,1.0,Baixo Risco
fc4d476a0f1a8b8ef6dd94b985880b55e091f54e9149ebd9d72c806e0f5d05e4,8512100.0,SP,0.913888817432472,0.889290684766583,913.0,199.625,0.94,0.0,979.0,989.0,0.0,0.0,0.0,0.0,0.0,0.0,0.0,0.0,1.0,Baixo Risco
b0d65dcb7ecb6965473ae6b1b5583f3124c553cbe9c1c6930e28186edde20b81,2229302.0,PR,0.1621414463128384,0.8530041727895563,469.0,80.04444444444445,0.76,0.1879,812.0,985.0,3.0,65942.34,19204.5,11.333333333333334,0.6666666666666666,0.0,46737.84,48.0,1.0,Baixo Risco
9b767f2a3d8debbbe074d0f2f4858ecd86b050d745486843109d2f8a314c12d0,2512800.0,SP,0.4725902113041238,0.8594821834183762,176.0,96.16363636363636,0.7,0.31639,85.0,942.0,6.0,5918.34,5958.400000000001,1.0,0.3333333333333333,0.0,-40.06,88.66666666666667,1.0,Baixo Risco
b753e3d6ab50f722e2b16274be023f80ddf30b02ba9a1c4d691b832604f575d2,2790299.0,SP,0.9980063041366304,0.986960688058944,958.0,221.125,0.97,0.0,981.0,988.0,0.0,0.0,0.0,0.0,0.0,0.0,0.0,0.0,1.0,Baixo Risco
4a693f4e6029249201e55b6cad923aebf236bf08afa1096d9863c3dd4b3ed68f,5611203.0,GO,0.7539890646037769,0.8530041727895563,867.0,173.8,0.89,0.2535,976.0,989.0,0.0,0.0,0.0,0.0,0.0,0.0,0.0,0.0,1.0,Baixo Risco
e0d4cea18dbd773ff769e2ca331a5053b08e183717e980f70cd3066a597067d8,4722901.0,Sem Info,0.9802590164197788,0.8530041727895563,914.0,189.0,0.74,0.55659,919.0,987.0,0.0,0.0,0.0,0.0,0.0,0.0,0.0,0.0,1.0,Baixo Risco
05dba64dfa88a6761d1c3c4551f5837b2eca86be0f9d38748481788b1b850285,2123800.0,SP,0.9270941677969048,0.8511623954638883,853.0,140.73684210526315,0.91,0.37528,963.0,988.0,0.0,0.0,0.0,0.0,0.0,0.0,0.0,0.0,1.0,Baixo Risco
1c76dcc55c6f4795f38e6b1b33b068e2b679f8a4d79c2ded4efc8a5c64c2cc7e,1094500.0,MG,0.8328451935934289,0.6230261716524552,929.0,149.5625,0.91,0.0,978.0,988.0,1.0,117532.8,117532.8,0.0,0.0,0.0,0.0,31.0,1.0,Baixo Risco
c025fa214297cb40c20d48446f8156ac0cdd1c161ffa3ba37077994d2c1fcd08,4782201.0,GO,0.6150697296137612,0.8530041727895563,683.0,127.36842105263158,0.98,0.31761,956.0,987.0,0.0,0.0,0.0,0.0,0.0,0.0,0.0,0.0,1.0,Baixo Risco
298870ef9c9de797ab3774b086ee8cf1149e713b2dfd2e320dd3822eba1753f0,3250703.0,SP,0.6939452796893507,0.4503361454339358,949.0,185.6935483870968,0.94,0.22651,966.0,986.0,1.0,3357.22,3357.22,1.0,1.0,0.0,0.0,29.0,1.0,Baixo Risco
d3492b07cc11232a61ec87dc7da1cdffe368051c173b45ab7e9fe9c03adc7da5,4781400.0,SP,0.9837992751211492,0.8530041727895563,895.0,201.6,0.97,0.10128,961.0,988.0,0.0,0.0,0.0,0.0,0.0,0.0,0.0,0.0,1.0,Baixo Risco
4b2682d4dcccceb4dcf39d9dfbcb5615c8c0d30a0783fdd4c4f6fb0e59a1cf13,2949299.0,SP,0.9813580573654346,0.7698092156642918,947.0,191.8571428571429,0.94,0.00685,972.0,989.0,0.0,0.0,0.0,0.0,0.0,0.0,0.0,0.0,1.0,Baixo Risco
8a59ac31229c828c93c46832ec9767f79a2cb60fdb01b3c8262e8b09b45f051e,2733300.0,SP,0.975091099291852,0.9772920046276126,952.0,227.5744680851064,0.96,0.00056,981.0,989.0,0.0,0.0,0.0,0.0,0.0,0.0,0.0,0.0,1.0,Baixo Risco
df895e96080fcac3310c5ff089992723219f700e1e63def5d95f0d7dfb98e073,4789099.0,SP,0.8764345189493028,0.8530041727895563,800.0,60.0,0.86,0.0,798.0,984.0,0.0,0.0,0.0,0.0,0.0,0.0,0.0,0.0,1.0,Baixo Risco
0722b5855a91445d70e18e7587e120dab5e25591132484946b3a1629b5c068ac,4672900.0,SP,0.8163056214500294,0.9049893650944272,957.0,199.0,0.94,0.00049,975.0,989.0,2.0,2143.31,2143.31,0.0,0.0,0.0,0.0,44.0,1.0,Baixo Risco
90dac4b1349cca6474b6c51bce14ee79ddbeb73f082b25a5ee76f35a2190c14b,2229301.0,Sem Info,0.9684674601018176,0.8357784101813939,957.0,227.51754385964912,0.95,0.0,979.0,988.0,0.0,0.0,0.0,0.0,0.0,0.0,0.0,0.0,1.0,Baixo Risco
edbaa2fc67a836d894bf2d8800b27512497ab6e16d661719a4ecc9f9eed268fb,4921302.0,MG,0.9788473146619606,0.7721021627629475,959.0,161.88,0.94,0.03706,982.0,988.0,0.0,0.0,0.0,0.0,0.0,0.0,0.0,0.0,1.0,Baixo Risco
2d423e948f39b82a999ed325a7c77b3265a7cdb43b153ba2f6dcbdcb2dc04b85,1533500.0,Sem Info,0.6055592350509065,0.5484058805209509,804.0,202.30769230769232,0.88,0.09065,973.0,989.0,2.0,1894.2,1963.63,5.0,1.0,0.0,-69.42999999999995,95.0,1.0,Baixo Risco
a1725d86a1f9371b38b1a02591d54355fa29bfe8ea9d26df565c28a313325b12,4672900.0,SP,0.9636294649482792,0.905845002572296,816.0,60.23498694516972,0.78,0.00039,956.0,988.0,0.0,0.0,0.0,0.0,0.0,0.0,0.0,0.0,1.0,Baixo Risco
bee6295e42eab553f95725aa2f345e21e10d98d62af3d42692b3a12f051886c3,1013901.0,SP,0.9777147611913496,0.9528320587051256,962.0,226.66666666666663,0.97,0.00642,976.0,989.0,0.0,0.0,0.0,0.0,0.0,0.0,0.0,0.0,1.0,Baixo Risco
fa9587dbe5ba49471886aad084e6768ee421fe1cee92ce78d5418ee1bdfb1c24,4681801.0,Sem Info,0.9882649594116778,0.8530041727895563,806.0,194.7,0.65,0.0,780.0,967.0,2.0,77118.5,51399.0,1.5,0.5,0.0,25719.5,7.0,1.0,Baixo Risco
292298a8bdfbf7aaf0a94bec686556784d4745027fa8ea02bea4f15ce337533d,4781400.0,SP,0.8766267163132669,0.8530041727895563,877.0,146.1851851851852,0.97,0.32932,982.0,988.0,0.0,0.0,0.0,0.0,0.0,0.0,0.0,0.0,1.0,Baixo Risco
feb3fb1890413307baa44ea29b07980115a0fdc7279e277aa75126227e2affd6,1052000.0,MG,0.9777002605538366,0.9880413313181132,957.0,223.3921568627451,0.95,0.0,979.0,987.0,0.0,0.0,0.0,0.0,0.0,0.0,0.0,0.0,1.0,Baixo Risco
4385d463ac5477f2794303319d788d6eeb34a900f940ef5df7454d32b5ab4a30,4644301.0,MG,0.7890115561943499,0.8876698549599806,850.0,223.1865284974093,0.97,5e-05,981.0,988.0,5.0,1596.43,1296.3700000000001,12.8,0.4,0.0,300.06,82.4,1.0,Baixo Risco
5d769181f8ebac8609f7ec4477bd6758877e4cf41487badf9b5f48dde770f7d2,4782201.0,PR,0.9521501456703584,0.8530041727895563,902.0,218.0,0.85,0.0,975.0,989.0,0.0,0.0,0.0,0.0,0.0,0.0,0.0,0.0,1.0,Baixo Risco
c164b58e486d5cfe9891e9916e97aba6ce9e38df582378da955e1feaae713254,4633801.0,SP,0.9304814018321916,0.9884203568014251,939.0,222.53072625698323,0.97,0.03403,980.0,986.0,0.0,0.0,0.0,0.0,0.0,0.0,0.0,0.0,1.0,Baixo Risco
ef3c16049a923b996db59ff3adfe2c78a38b5d875b57707a8b51dbd844a1d28b,4744099.0,CE,0.8324121791258158,0.5479178418580913,832.0,137.83333333333334,0.91,0.017,938.0,987.0,0.0,0.0,0.0,0.0,0.0,0.0,0.0,0.0,1.0,Baixo Risco
77fb2f9ff0420216d5d62942b42a642ba0ad2316ebcc825a2f61e1e1dd61f7c5,4771701.0,PR,0.1306699702806247,0.8530041727895563,143.0,112.97619047619048,0.78,0.19416,25.0,492.0,0.0,0.0,0.0,0.0,0.0,0.0,0.0,0.0,1.0,Baixo Risco
82eee411c86c27e4acb64532e0241a16140ae4c9b9505daec643ade316002e8c,2071100.0,SP,0.6832319500843309,0.9693024672978428,884.0,198.5233644859813,0.93,0.01204,981.0,989.0,4.0,26362.489999999998,26362.489999999998,0.0,0.0,0.0,0.0,47.0,1.0,Baixo Risco
1c84506899780c156c28d89bbc6fde188b04b271a542c33a1f2596df85817e8e,2229302.0,MS,0.2836082139569734,0.9623841381662798,175.0,136.1578947368421,0.74,0.33941,547.0,979.0,1.0,6311.0,6311.0,0.0,0.0,0.0,0.0,56.0,1.0,Baixo Risco
93e0c3768a3a60ecf4c98ffde63a1afd8c7ad02f6336f9089cabc3a03d2b7319,1412601.0,SP,0.9960444157784007,0.8530041727895563,714.0,59.71428571428572,0.55,0.01597,825.0,984.0,0.0,0.0,0.0,0.0,0.0,0.0,0.0,0.0,1.0,Baixo Risco
980667f9103797510dc7fb2373771252d5a4cefa8bfe9a6193ddb554d55f6068,4771701.0,PR,0.7301745264577626,1.0,841.0,154.72916666666666,0.91,0.1998,216.0,976.0,0.0,0.0,0.0,0.0,0.0,0.0,0.0,0.0,1.0,Baixo Risco
93e388a3294b587a37fc545e98ded87760bb42a78aba0e58dfb9fb4a1d84071b,1412601.0,PR,0.5272205180185069,0.5691842918577872,396.0,179.05128205128204,0.68,0.0651,166.0,984.0,0.0,0.0,0.0,0.0,0.0,0.0,0.0,0.0,1.0,Baixo Risco
59322a64760e4158ebbdd7279247d9779787d38af6e6ccc157e711830660a1d3,2032100.0,ES,0.976055028620482,0.8811151785730399,931.0,141.74683544303798,0.92,0.02144,978.0,988.0,0.0,0.0,0.0,0.0,0.0,0.0,0.0,0.0,1.0,Baixo Risco
2c4ddcfa323677b2430120492e4b16269067b707c00dc1a8f81914eae15f9a72,2823200.0,PR,0.7588445790762979,0.5293898186991606,875.0,184.36327608982828,0.94,0.02651,956.0,989.0,0.0,0.0,0.0,0.0,0.0,0.0,0.0,0.0,1.0,Baixo Risco
a75bb571a79daec5245fb4a9c4e04734e2540a88522d8675d9525cc66a48c9a4,4771701.0,PR,0.9849266001059468,0.8530041727895563,944.0,236.825,0.98,0.03541,982.0,988.0,0.0,0.0,0.0,0.0,0.0,0.0,0.0,0.0,1.0,Baixo Risco
3e069a3004476e6f9e777ad24bf9c990848ef4c20983af875ddc3fb884c72d13,4661300.0,SP,0.9920553269688244,0.4930791944546275,916.0,155.12946428571428,0.95,0.00037,964.0,988.0,0.0,0.0,0.0,0.0,0.0,0.0,0.0,0.0,1.0,Baixo Risco
4179a4a777369c9aa8ea24b7fb83505c0110b597625b6c928c42329ef00e0d2d,4645103.0,SP,0.9397342142149904,0.9574085311460976,778.0,138.72727272727272,0.89,0.22291,959.0,988.0,2.0,691.25,691.25,1.0,0.5,0.0,0.0,91.0,1.0,Baixo Risco
3f12a50652e3f98327be429e8fd242b33788b0cba0620ebb7b62d5a45f5e5d88,4781400.0,PR,0.9274119468926372,0.8530041727895563,954.0,195.38888888888889,0.95,0.10221,973.0,989.0,0.0,0.0,0.0,0.0,0.0,0.0,0.0,0.0,1.0,Baixo Risco
efcc48c99330de4d2d240e9ef9063105dadb05771ff3444faf334c59fc29a637,4771701.0,PR,0.9801682198698496,0.8530041727895563,964.0,250.7142857142857,0.98,0.02957,981.0,989.0,0.0,0.0,0.0,0.0,0.0,0.0,0.0,0.0,1.0,Baixo Risco
95627b26669115784aeba720a8e6e023cfcd78d4b60bf92657a01bb1f009c6b1,4781400.0,SC,0.9151882729197862,0.8530041727895563,877.0,229.55555555555557,0.97,0.0,966.0,988.0,0.0,0.0,0.0,0.0,0.0,0.0,0.0,0.0,1.0,Baixo Risco
7a11f6a92fd6647cf4d022da7a56017a7e5d380517712b66ee4ddfccb0642ee2,4771701.0,PR,0.9813451852365216,0.8530041727895563,946.0,259.7692307692308,0.98,0.0,981.0,988.0,0.0,0.0,0.0,0.0,0.0,0.0,0.0,0.0,1.0,Baixo Risco
782493e0663d472405ae788568ecbe5ff81214ea0b90534dc549a79eaa621c35,2423702.0,SP,0.4353907782218248,0.8836183112472384,220.0,62.454078549848944,0.75,0.07562,771.0,987.0,3.0,106255.29,27499.14,1.6666666666666667,0.3333333333333333,0.0,78756.15,31.666666666666668,1.0,Baixo Risco
621d3ac9855d0b2b0892b6e54ef92b7bfa00ddd3f11a285b88df5ad3ae84faae,2099199.0,PR,0.9252050961204076,0.930373918224878,958.0,248.17021276595744,0.94,0.00263,979.0,988.0,0.0,0.0,0.0,0.0,0.0,0.0,0.0,0.0,1.0,Baixo Risco
8748cdc07409ead0fc0fa1d290e4a8d6ff2bccc3b9adea8c09ac1dfeeacc8911,4781400.0,GO,0.9340874732502072,0.8530041727895563,949.0,171.25,0.89,0.07839,983.0,988.0,0.0,0.0,0.0,0.0,0.0,0.0,0.0,0.0,1.0,Baixo Risco
9b3d078a828e96d83c68bd041cf75d974dd8af4bc8ce8e08d528e286672596ac,1412601.0,Sem Info,0.8594530933021028,0.6255321780250511,950.0,201.21621621621625,0.95,0.05622,983.0,989.0,3.0,1625.95,1635.79,0.3333333333333333,0.3333333333333333,0.0,-9.840000000000032,67.33333333333333,1.0,Baixo Risco
73b9db7a68832c88105bc6c680ca8b0b882dbe073bb75d5d99b5d754340deda1,1412601.0,Sem Info,0.9153218224992264,0.9843000670256912,957.0,238.75675675675677,0.97,0.08301,982.0,988.0,3.0,2779.16,2796.77,2.0,0.3333333333333333,0.0,-17.610000000000014,112.0,1.0,Baixo Risco
5ef295ddcc180c736174532236ef799c23b8fd263b428bda19ca8e29394307fa,1330800.0,SC,0.995384637950294,0.8530041727895563,923.0,220.5,0.95,0.0,973.0,988.0,0.0,0.0,0.0,0.0,0.0,0.0,0.0,0.0,1.0,Baixo Risco
7a854bc28629387e6539f0098cf81ab6e7244dfcfa98904cfba014e61052d220,1065101.0,PR,0.9620287419008546,0.9125061871792984,941.0,221.3030303030303,0.96,0.00155,979.0,988.0,0.0,0.0,0.0,0.0,0.0,0.0,0.0,0.0,1.0,Baixo Risco
7d6be7f1e376e8cf65346feb153d3b74c91a5a52f9c726b22156b4fc91f11b9c,1351100.0,SP,0.8302964551922957,0.9033498184909192,920.0,168.3181818181818,0.93,0.02638,982.0,987.0,3.0,5185.8,4314.7,6.666666666666667,0.3333333333333333,0.0,871.1,130.0,1.0,Baixo Risco
bdf54ff3d4b5c209ccf4642f127a204cec84b98f9fd6645d529b3d9e184a61df,4742300.0,SC,0.8689957914458071,0.8530041727895563,572.0,150.33333333333334,0.9,0.13334,831.0,988.0,0.0,0.0,0.0,0.0,0.0,0.0,0.0,0.0,1.0,Baixo Risco
872a9621d5ad607608b5e1f7ee49795063909779d12001470c7bd5f09518f72b,4781400.0,SC,1.0,0.8530041727895563,960.0,231.33333333333331,0.56,0.0,902.0,986.0,0.0,0.0,0.0,0.0,0.0,0.0,0.0,0.0,1.0,Baixo Risco
49eed3f25429176033da2f1702a726d745c45315c4ebf51679d950a685dcad64,1052000.0,Sem Info,0.7879402338069891,0.8499351016172197,703.0,161.1081081081081,0.88,0.04132,980.0,986.0,1.0,64627.93,64177.7,0.0,0.0,0.0,450.2300000000032,44.0,1.0,Baixo Risco
de7a39f172504657ba282061cabc54f0e0da82a726019933262eb565caeda0ea,2452100.0,Sem Info,0.7615196162124107,0.94803876185841,923.0,165.4318181818182,0.93,0.05512,981.0,989.0,2.0,5436.23,5436.23,0.0,0.0,0.0,0.0,120.0,1.0,Baixo Risco
74b4fb5622187840a269a983170f74c2ce6b3b1d1bb472404eb2c165dd7834d5,3102100.0,Sem Info,0.8887843164436793,0.8563098001642321,957.0,232.984126984127,0.97,0.06229,977.0,987.0,1.0,355.44,355.44,0.0,0.0,0.0,0.0,100.0,1.0,Baixo Risco
ccebbe563c0920dbe804597608301179025e37b2fd37a1d6dab3996d48779e0f,4744099.0,SC,0.0672015073597989,0.8530041727895563,155.0,130.42857142857142,0.47,0.00023,99.0,493.0,2.0,98545.20999999999,102850.4,22.0,0.5,0.0,-4305.190000000002,1071.0,1.0,Baixo Risco
ad5d4274db5c3298a84aaa980feac087b4447ba776207098c4c38a987581394d,4781400.0,SC,0.5169605017128563,0.8530041727895563,797.0,217.8,0.92,0.0,966.0,986.0,0.0,0.0,0.0,0.0,0.0,0.0,0.0,0.0,1.0,Baixo Risco
ff5b597c79b10ff7b6dfc2c079575ae4cded005b2afce565d3ae17decd816620,4771701.0,PR,0.983068329495398,0.8530041727895563,961.0,248.66666666666663,0.97,0.0,970.0,986.0,0.0,0.0,0.0,0.0,0.0,0.0,0.0,0.0,1.0,Baixo Risco
0251a7ab34d05aa321aa54bfdec9b6aec83a19dd6ef12c59b792c37424d83d72,2212900.0,GO,0.9317836200057906,0.8434777619441348,960.0,198.6153846153846,0.97,0.08059,981.0,988.0,0.0,0.0,0.0,0.0,0.0,0.0,0.0,0.0,1.0,Baixo Risco
eb4ccf4a5b6040a06948a3bcb56078b2e2ca26f7af2185a3d273724a79fe9f15,4771701.0,PR,0.8469556793470296,0.5614632144750487,954.0,242.83333333333331,0.98,0.0,978.0,988.0,0.0,0.0,0.0,0.0,0.0,0.0,0.0,0.0,1.0,Baixo Risco
9c9f0e75b7de78cb71f31f62fc861cf3763c4bbea45230017dbb45841399db2d,8650004.0,BA,0.05,0.8530041727895563,49.0,30.5,0.05,0.0,968.0,988.0,0.0,0.0,0.0,0.0,0.0,0.0,0.0,0.0,1.0,Baixo Risco
0a52bb4ade9769e4bfe625ba50c3d49d823c9e784af7b1e6ff52f4d2141b75ab,8650004.0,BA,0.05,0.8530041727895563,46.0,30.5,0.05,0.0,968.0,988.0,0.0,0.0,0.0,0.0,0.0,0.0,0.0,0.0,1.0,Baixo Risco
c39110a3b1817c429565f5e8e68e39394d648a4f957e7dfdc5a8e4a9f5e3237e,4771701.0,PR,0.9757594026061952,0.8994881311090036,950.0,167.07843137254903,0.97,0.09712,981.0,989.0,0.0,0.0,0.0,0.0,0.0,0.0,0.0,0.0,1.0,Baixo Risco
caffe0d4a23dd33ec1099e1e2f63b6209797b3cbbc9810aab9a067ce1500af3d,1099699.0,SP,0.8082911195529092,1.0,560.0,122.2,0.63,0.1574,242.0,873.0,1.0,1620.55,1620.55,0.0,0.0,0.0,0.0,35.0,1.0,Baixo Risco
69bdd9035401073f20b61aae8a580541bdb19c09ac347f1b76987ded873699c4,1011201.0,GO,0.8459087622496113,0.3587558157539148,888.0,23.81081081081081,0.88,0.30807,924.0,986.0,2.0,107458.81999999999,107458.81999999999,0.0,0.0,0.0,0.0,19.0,1.0,Baixo Risco
e53454511be0976355144fafb72874295593f9f44673aaac379dcd1f67f19fc3,4711302.0,GO,0.5122432663236769,0.8530041727895563,408.0,103.42857142857144,0.79,0.29425,78.0,970.0,0.0,0.0,0.0,0.0,0.0,0.0,0.0,0.0,1.0,Baixo Risco
a9a9e33763b4420fc9713de4f316c23bc3ebe1901a10279b1ee125fcb013d3e6,4782201.0,GO,0.9810643554081578,0.8530041727895563,964.0,247.33333333333331,0.98,0.0,979.0,988.0,0.0,0.0,0.0,0.0,0.0,0.0,0.0,0.0,1.0,Baixo Risco
7e6656c308486924a1f26ebef3f715aa2c8f93762906c5a50a071465a8d6a80b,4744001.0,RJ,0.9303503066956724,0.910792550546724,899.0,111.15106382978723,0.92,0.00486,982.0,989.0,4.0,4082.9599999999996,4082.9599999999996,0.0,0.0,0.0,0.0,26.5,1.0,Baixo Risco
ad582a1154ae30cf1699164f42fdccf5331fd83866a962197f2faa6214e9c1b7,4782201.0,CE,0.8273820570854292,0.8530041727895563,934.0,144.85714285714286,0.96,0.0,972.0,988.0,0.0,0.0,0.0,0.0,0.0,0.0,0.0,0.0,1.0,Baixo Risco
17e12d122ab40a515e7b222b7e88ed33d738f3ee01792315f72bcc6559eb3be8,4930202.0,Sem Info,0.7503435914318969,0.6992483215956588,873.0,144.44274809160305,0.85,0.05595,962.0,988.0,1.0,14465.4,14465.4,0.0,0.0,0.0,0.0,52.0,1.0,Baixo Risco
de2b3c42060cf3762e0260948c8ebc845daf002ba0e24595f0231d9e27328e1d,4781400.0,SP,0.8275997540369329,0.8530041727895563,875.0,120.6,0.89,0.0,941.0,988.0,0.0,0.0,0.0,0.0,0.0,0.0,0.0,0.0,1.0,Baixo Risco
c5f78a5f3115985504e5427558c1814341adb73e30cfa6f455318d043afe0230,4771701.0,PR,0.9648545753900892,0.6947373547233391,927.0,221.31034482758625,0.98,0.3468,974.0,988.0,0.0,0.0,0.0,0.0,0.0,0.0,0.0,0.0,1.0,Baixo Risco
5e479fcc0656083fd264e41f02f93e618ff56f23e1b8f2f710f0b1284707318d,4771701.0,PR,0.9826546558232124,1.0,951.0,229.08823529411765,0.99,0.02772,980.0,989.0,0.0,0.0,0.0,0.0,0.0,0.0,0.0,0.0,1.0,Baixo Risco
e02c4409e8df3932a143a08b02f81e84a2dd86da2848e804850b02381ee08fbc,2722801.0,SP,0.9806413874991904,0.791657786567006,965.0,242.42937853107344,0.99,0.00041,983.0,987.0,0.0,0.0,0.0,0.0,0.0,0.0,0.0,0.0,1.0,Baixo Risco
1832377cafcbbd38112b75cb5de0c6be5c0ebfdd942fc3d1cc18fd3d13812717,2349401.0,PE,0.9399024394603808,0.4100001712490368,911.0,176.375,0.95,0.01617,982.0,988.0,1.0,652.65,671.58,3.0,1.0,0.0,-18.930000000000064,48.0,1.0,Baixo Risco
06af502d03985c9b97e998e703d52bb961b4e7eeb346e0e4af1ca077598c8a6a,6470101.0,Sem Info,0.212071128598553,0.8570460515597068,394.0,72.16666666666667,0.54,0.25034,138.0,467.0,1.0,468.26,468.26,0.0,0.0,0.0,0.0,66.0,1.0,Baixo Risco
3edd9d3b7c92232e678b2c3e1f4b5822f41bb4d203f82ebed67e0bf5c3fa7ee4,1412601.0,SP,0.3969241733157296,0.8530041727895563,234.0,112.15151515151516,0.49,0.02803,141.0,942.0,1.0,1171.0,1171.0,0.0,0.0,0.0,0.0,103.0,1.0,Baixo Risco
db8e624552dd3d994125a378cc9259453be09ce1ec270993055f44ac4d06ec7c,4751201.0,SC,0.8992008498024735,0.8852579302593686,762.0,267.1428571428572,0.81,0.0,910.0,987.0,0.0,0.0,0.0,0.0,0.0,0.0,0.0,0.0,1.0,Baixo Risco
07a00a5766e74e92a938bc00cf9caa1e7a033b1257ee8e040dbe24e36e7e6037,1031700.0,PA,0.8852957111924903,0.7620732993918445,918.0,164.71153846153845,0.92,0.00367,975.0,989.0,0.0,0.0,0.0,0.0,0.0,0.0,0.0,0.0,1.0,Baixo Risco
565c909f383457d14d33ac74df3f78a53d4f45fae0a3f3c413afa75659f0bca3,4771701.0,PR,0.8442447360814701,0.8530041727895563,666.0,181.1,0.94,0.14601,902.0,986.0,0.0,0.0,0.0,0.0,0.0,0.0,0.0,0.0,1.0,Baixo Risco
d291d8a3769ea9e2a6ecb6358e04d56431b467afc81485f05f4b2de652665164,4644301.0,SP,0.179691561703028,0.872255033132659,224.0,60.60869565217392,0.72,0.09587,867.0,967.0,1.0,7453.95,7453.95,0.0,0.0,0.0,0.0,44.0,1.0,Baixo Risco
e5aef9ad61ad573c6e04174ea995bfb876bfb47406dd2eaba460b6bda2c896cc,2599399.0,RJ,0.8845544956024505,0.8530041727895563,326.0,53.317241379310346,0.71,0.26884,979.0,988.0,1.0,18419.37,18419.37,1.0,1.0,0.0,0.0,46.0,1.0,Baixo Risco
7eaaed3f16c4e6f08cf444234dd43811572ccea514a0d37c82004daf8f364c6c,1412601.0,CE,0.9642270402353392,1.0,933.0,178.0,0.91,0.0,982.0,989.0,0.0,0.0,0.0,0.0,0.0,0.0,0.0,0.0,1.0,Baixo Risco
167f3db283f8cb6fd5ed7c0358c962cf45b1607c519ec3db811690623724cb86,4771701.0,PR,0.8595242954081093,1.0,847.0,194.6,0.93,0.12718,842.0,978.0,0.0,0.0,0.0,0.0,0.0,0.0,0.0,0.0,1.0,Baixo Risco
0963b1110c5af6dea1f196e362250e5f5c35f3a72c9f2e551006883beb4afbd2,4744099.0,AC,0.8921198629639262,0.4618455979922964,926.0,199.4090909090909,0.95,0.02021,977.0,987.0,0.0,0.0,0.0,0.0,0.0,0.0,0.0,0.0,1.0,Baixo Risco
ea39176607a2c3be28da05437bb51f8db24fbef312ea936df9e5b52ddda57ea5,1031700.0,SP,0.7151272838506177,0.8937838830308205,475.0,133.1031746031746,0.83,0.13476,223.0,985.0,0.0,0.0,0.0,0.0,0.0,0.0,0.0,0.0,1.0,Baixo Risco
001535d58bce027835cab82ba9cdee5b8f4ecf6a2a1623414eed7e26c601dc83,4744099.0,SC,0.984678730992808,0.9231392770653402,953.0,286.0,0.89,0.05959,977.0,988.0,0.0,0.0,0.0,0.0,0.0,0.0,0.0,0.0,1.0,Baixo Risco
e1cce65dd07793186091132119ae2c8ff259811787b5ee2af24af7514213cffe,4781400.0,SP,0.7516425226890737,0.8530041727895563,890.0,98.88888888888889,0.86,0.04826,972.0,989.0,0.0,0.0,0.0,0.0,0.0,0.0,0.0,0.0,1.0,Baixo Risco
60565ba7c1058b1fae1386da3d335abe88a0ac82236552d799cdbda6f2b9cf46,4771701.0,PR,0.992321406889732,0.8530041727895563,916.0,244.6086956521739,0.98,0.0,982.0,989.0,0.0,0.0,0.0,0.0,0.0,0.0,0.0,0.0,1.0,Baixo Risco
fd7b03a76de959496c2d06fed68cf62d5486dac4a20e50248129c8b2a876b550,1011201.0,MS,0.9919131815589366,0.873720430675617,923.0,201.95833333333331,0.95,0.01413,980.0,988.0,0.0,0.0,0.0,0.0,0.0,0.0,0.0,0.0,1.0,Baixo Risco
8c33020c5f1070f66955069be1e22fb929c723525fc53d1490bae3f9c0116394,4771701.0,PR,0.9812450386588762,0.8530041727895563,951.0,235.07692307692307,0.98,0.04764,982.0,988.0,0.0,0.0,0.0,0.0,0.0,0.0,0.0,0.0,1.0,Baixo Risco
cd6a0905ff37dc1b618fe3916b88dc8e5daefff0d163939a55ab19c37dccdd40,4761003.0,SP,0.8445974093749001,0.9883095862289928,564.0,11.0,0.88,1.0,930.0,986.0,1.0,630.0,630.0,0.0,0.0,0.0,0.0,35.0,1.0,Baixo Risco
d12a63edec064f7722292a32d458f06dfaa8f547593d326663b62438b66dbe8a,1351100.0,SC,0.9493528105325264,0.9054039777189724,964.0,272.9212598425197,0.97,0.02112,983.0,988.0,1.0,9432.01,9432.01,0.0,0.0,0.0,0.0,164.0,1.0,Baixo Risco
667709471dc24a0b88dd04f2c9fe932bc25b2a132a23797cc33afcf367486d0e,2539001.0,SP,0.2424299127322716,0.8530041727895563,114.0,129.8913043478261,0.37,0.26773,59.0,897.0,1.0,23076.06,0.0,102.0,1.0,0.0,23076.06,270.0,1.0,Baixo Risco
3edb7c5d736a632f6908486c99df49f8c97c2e1c67106c48b88d2fad40ec54e1,4711302.0,SP,0.9733641643696784,0.8530041727895563,954.0,205.34337349397592,0.97,0.08127,982.0,988.0,0.0,0.0,0.0,0.0,0.0,0.0,0.0,0.0,1.0,Baixo Risco
df48278c0d10f7c467e1b2fe389207565df394e1e535a98fc9518b72619d14b9,2229399.0,AL,0.9852250575159114,0.4974200629184854,827.0,218.2463768115942,0.86,0.0,981.0,987.0,2.0,2759.32,2759.32,0.5,0.5,0.0,0.0,41.5,1.0,Baixo Risco
22119a5969e284878e8a8afd16c01186dfec781225c8c205ea4c0c9c24e5c89a,4930202.0,SC,0.8420395507551465,0.4152047842643541,234.0,171.47341772151898,0.44,0.04042,146.0,988.0,0.0,0.0,0.0,0.0,0.0,0.0,0.0,0.0,1.0,Baixo Risco
e7cf8732985621c70cb6d6092c34520445128099a7608907ca38d3625d014ebd,4646001.0,SP,0.4009587371577767,0.8530041727895563,51.0,267.25,0.44,0.0218,419.0,825.0,1.0,483.79,483.79,0.0,0.0,0.0,0.0,40.0,1.0,Baixo Risco
24cdcdae33b8a9ab8cf6bd8f89ee1b30cf0e745dea008088b170021419c08f5a,4782201.0,MG,0.8544269856868753,0.8530041727895563,876.0,131.36363636363637,0.93,0.02998,974.0,985.0,0.0,0.0,0.0,0.0,0.0,0.0,0.0,0.0,1.0,Baixo Risco
3d76f86530a6c7742114143f25d4818c695801f9f27804dd7b85d4e29d55f60c,2091600.0,SC,0.997421068369905,0.4877391420600696,945.0,204.14285714285717,0.96,0.02096,977.0,988.0,1.0,4023.9,4023.9,0.0,0.0,0.0,0.0,28.0,1.0,Baixo Risco
92e5a99771a474fbe1dae61746a6e8ae0196a9925f66b1f395c456bcaebefb84,4711302.0,RS,0.9759980029477427,0.7906945306914851,960.0,223.7578125,0.98,0.00497,982.0,988.0,0.0,0.0,0.0,0.0,0.0,0.0,0.0,0.0,1.0,Baixo Risco
86fab43fcbfd52509dab234c08bd06bc7ab898098eda31d5a704f5de16435842,3313999.0,SP,0.9342010787682844,0.348657453075625,882.0,195.78571428571428,0.97,0.09424,975.0,988.0,0.0,0.0,0.0,0.0,0.0,0.0,0.0,0.0,1.0,Baixo Risco
095b0dbac4018ada3cca5a7a042d85ec2b01d9a80a52da1c394f5b2bc99a7e75,2539002.0,SP,0.4553317080868387,0.8847625164283841,759.0,31.7,0.82,0.21867,504.0,979.0,1.0,5936.63,5936.63,0.0,0.0,0.0,0.0,28.0,1.0,Baixo Risco
0f590c3af0c6ebd664515db0d80bd84ff96b582e4d9e0b0c66973da2cfd21bdf,4530701.0,RS,0.7923788330135845,0.9590413122096504,920.0,120.0,0.9,0.82465,957.0,989.0,0.0,0.0,0.0,0.0,0.0,0.0,0.0,0.0,1.0,Baixo Risco
6a12e3072a9ac1715851747c5f31ac7e488a48f002b098db3bfe3ab6a2b77cb2,4686902.0,SP,0.571157841569197,0.8914581589607437,490.0,194.534693877551,0.78,0.00948,757.0,979.0,3.0,17225.03,17225.03,0.3333333333333333,0.3333333333333333,0.0,0.0,35.333333333333336,1.0,Baixo Risco
4cf2ea5ef44eda84a6598c4bc2b3a69b27e4ab60c3d9f08718750178ce5aa9a3,1412601.0,SP,0.9741414483324012,0.9629643309733984,926.0,254.125,0.93,0.0,978.0,989.0,0.0,0.0,0.0,0.0,0.0,0.0,0.0,0.0,1.0,Baixo Risco
5bb1e90034f9d341ab329e5c809434395b08e22cf6c6830b2db688557569ec1d,4644301.0,MS,0.3636487398098146,0.7305352229423826,111.0,74.16666666666667,0.46,0.19287,76.0,981.0,1.0,252.48,252.48,0.0,0.0,0.0,0.0,45.0,1.0,Baixo Risco
67b4bed678014446e38be15e5ac39dd6514b91e64995171adb17f6fd9fc14355,4781400.0,PR,0.8402290055847544,0.8530041727895563,928.0,177.247311827957,0.98,0.04979,972.0,986.0,0.0,0.0,0.0,0.0,0.0,0.0,0.0,0.0,1.0,Baixo Risco
f69c33336880a42000b5929d82e7ffd12f2d30f51b23d49031d07fe6e94c6744,4639701.0,PA,0.3710933827848308,0.6404561400033756,206.0,101.02380952380952,0.71,0.32934,29.0,929.0,3.0,3074.79,3167.79,2.6666666666666665,0.6666666666666666,0.0,-93.0,26.666666666666668,1.0,Baixo Risco
96294c03c2ed8a3988fdd26c81e126354b10e4518777c5eeb53f1e587db452b8,4771701.0,PR,0.925811176422314,0.8530041727895563,909.0,165.23333333333332,0.91,0.05587,838.0,985.0,0.0,0.0,0.0,0.0,0.0,0.0,0.0,0.0,1.0,Baixo Risco
a3c18632f9b20130f5979f8cfeda61194a1d50fe30f11a44ff053c94b9aaf5d0,1533500.0,SP,0.5767108164471932,0.05,615.0,176.3082191780822,0.79,0.22909,216.0,982.0,1.0,727.09,776.54,7.0,1.0,0.0,-49.44999999999993,73.0,1.0,Baixo Risco
c21300bf6b501b98ed02886bab2eebb8833b92587606a57bac0cf0dac5f7c4d1,1013902.0,Sem Info,0.8211399205217489,0.8530041727895563,914.0,196.9,0.9,0.0,977.0,986.0,1.0,175996.0,0.0,0.0,0.0,1.0,175996.0,0.0,1.0,Baixo Risco
6f78cd3be2a1d5da53fc06290fbaf73c9ad16abb583a517fdc0900a85a24ec03,4623109.0,PR,0.9691966721433936,0.9274131482387128,955.0,213.46153846153845,0.94,0.0,982.0,989.0,2.0,4239.42,4239.42,1.0,1.0,0.0,0.0,27.5,1.0,Baixo Risco
4566380e9f4166f18ac8bb0615dabb567ffd714310ff5aa967ae64a760a10f97,1031700.0,RN,0.6558544826266299,0.8530041727895563,156.0,118.875,0.41,0.11946,127.0,948.0,1.0,7490.08,7490.08,0.0,0.0,0.0,0.0,40.0,1.0,Baixo Risco
bb86149705493df7f473d703299bdb1986ae8baf49d8aa4e17db65f4389769b8,1011201.0,MG,0.7982025443203165,0.6745816327164784,759.0,80.16666666666667,0.64,2e-05,850.0,983.0,0.0,0.0,0.0,0.0,0.0,0.0,0.0,0.0,1.0,Baixo Risco
d56c5e91db40dc0178e225189733eaae16854391db0989058ba2d4e9f5525eab,4930202.0,RS,0.9138124435633416,0.9066902954053958,938.0,249.83333333333331,0.94,0.0,980.0,988.0,0.0,0.0,0.0,0.0,0.0,0.0,0.0,0.0,1.0,Baixo Risco
eb8711638d27a5a887c87ee1c02e29169664b4f6aa1ab8588f575690b3b1c80a,8211300.0,RJ,0.2430944697175365,0.8530041727895563,45.0,139.58635703918722,0.17,0.06926,116.0,944.0,8.0,11564.04,11303.53,0.625,0.375,0.125,260.51,35.625,1.0,Baixo Risco
c38eaa2f2b4a9d1869861847875f1b2543ec1c532c44871ecca26137ed2cd2fa,4744099.0,SC,0.9761936589270368,0.8530041727895563,885.0,269.44444444444446,0.97,0.0,974.0,988.0,0.0,0.0,0.0,0.0,0.0,0.0,0.0,0.0,1.0,Baixo Risco
93e5aa242198e7bb7b81f279e09db5fb2646c2f617c6141c8818e341b35475a8,2222600.0,SP,0.5932567591041642,0.7427779385404574,909.0,184.95652173913044,0.9,0.0,950.0,985.0,1.0,1314.33,1314.33,0.0,0.0,0.0,0.0,29.0,1.0,Baixo Risco
2dfc28b8b999d3979c3225b82303ccd623db3a0295ba4236f983ccf69a161a0b,4679604.0,Sem Info,0.9989170824063522,0.8530041727895563,743.0,0.0,0.72,0.0,745.0,981.0,1.0,1477.68,1477.68,1.0,1.0,0.0,0.0,31.0,1.0,Baixo Risco
af7c27868c4d7f118db62fb3793fde077ba3075d08f2b4caffbbd965b3638909,2452100.0,PR,0.05,0.8530041727895563,20.0,154.12,0.22,0.00054,110.0,357.0,6.0,440641.91000000003,0.0,20.666666666666668,0.3333333333333333,0.0,440641.91000000003,221.66666666666666,1.0,Baixo Risco
9942abcc54ab939bda0c4c5858a0989ebf121bee9c519d007146a61566efa065,2121101.0,Sem Info,0.2279121529850074,0.8530041727895563,535.0,162.64,0.83,0.16771,798.0,766.0,2.0,2857.88,2980.3900000000003,4.5,1.0,0.0,-122.51000000000022,78.5,1.0,Baixo Risco
4f265855c88c5d176482dbeff969773e8a242d53fea554f421c8ba0795703b24,2062200.0,AL,0.7901842971191217,0.7387247712905487,931.0,224.8571428571429,0.94,0.0,982.0,988.0,0.0,0.0,0.0,0.0,0.0,0.0,0.0,0.0,1.0,Baixo Risco
d64d4ea0fb6a2493033822e99df4efe53e5932e72de4412744af4959542df685,3102100.0,SP,0.5513770973202592,0.874374192239287,650.0,133.64077669902912,0.9,0.32657,847.0,986.0,2.0,17841.6,17841.6,1.0,0.5,0.0,0.0,91.5,1.0,Baixo Risco
a14edabe219bf3988ce7e2d7d8c9d9327af63418b1ea8bfa0a2ac93d7c557529,3811400.0,MG,0.9808007964338132,0.765260826693733,939.0,224.8543689320388,0.96,0.01669,979.0,987.0,0.0,0.0,0.0,0.0,0.0,0.0,0.0,0.0,1.0,Baixo Risco
67b7270b4e0d7c618b18cf17b2ff5c533e9a20e04684346f5bf5269e72df27ae,1071600.0,MG,0.8842091221535116,0.9994008417497072,950.0,233.8771929824561,0.89,0.01313,982.0,989.0,0.0,0.0,0.0,0.0,0.0,0.0,0.0,0.0,1.0,Baixo Risco
22b5f233539b4ec6eb8357a8483e1a0765ea33cf7cf71ae61770f25e87c622a0,4672900.0,PR,0.9950392810006384,0.8964314313814818,949.0,276.90909090909093,0.96,0.0,975.0,989.0,0.0,0.0,0.0,0.0,0.0,0.0,0.0,0.0,1.0,Baixo Risco
44d419407a5df0ed6b2d2057aa90ef9730afeec420267fb6cb5a04cfb7983058,4292802.0,SP,0.6213869788133938,0.0845164013070499,728.0,111.22222222222224,0.84,0.70105,419.0,986.0,0.0,0.0,0.0,0.0,0.0,0.0,0.0,0.0,1.0,Baixo Risco
496cf622b025597431c9cf39cd885594357c5bc6c053c29974e98d794f52217f,4755502.0,CE,0.993988444655023,0.6671332031169145,817.0,0.0,0.66,0.0,874.0,984.0,0.0,0.0,0.0,0.0,0.0,0.0,0.0,0.0,1.0,Baixo Risco
b7f62d4970582538470c2b73e821b535e5792d2cead9f7b6e75012cf5a8b5bf9,4771701.0,PR,0.9758548047074108,0.8530041727895563,897.0,159.26666666666668,0.96,0.03454,973.0,989.0,0.0,0.0,0.0,0.0,0.0,0.0,0.0,0.0,1.0,Baixo Risco
b8291c12d03cd9662053ca4511575d447bffe4aa67c9123917205f2a09d7f112,1013902.0,PR,0.1237605021525986,0.8530041727895563,81.0,51.85935483870968,0.33,0.23656,28.0,703.0,0.0,0.0,0.0,0.0,0.0,0.0,0.0,0.0,1.0,Baixo Risco
7faf4145b50ca343247d420839bbd3f51b71466ab98a38a98e8df30f18fc44d8,4781400.0,MG,0.96661208021321,0.8530041727895563,690.0,118.28571428571428,0.66,0.0,889.0,988.0,0.0,0.0,0.0,0.0,0.0,0.0,0.0,0.0,1.0,Baixo Risco
663fe061790ed7f27e81a145f01153d2fe6c342a7e85a3021c946049be043039,4693100.0,SP,0.9976261674830385,0.9677773358156374,790.0,134.8,0.86,0.03227,931.0,987.0,1.0,69871.67,69871.67,2.0,1.0,0.0,0.0,28.0,1.0,Baixo Risco
03cc399315efb0e3d30fb28422ecfbd83315025747ca0fb096368bb230af4a7e,4742300.0,SC,0.9228812463061687,0.7633206122400803,767.0,30.0,0.92,0.49017,979.0,987.0,0.0,0.0,0.0,0.0,0.0,0.0,0.0,0.0,1.0,Baixo Risco
04a7902b1bd94f26b2d49eca270b3ef118260724784b259e021ec4503f9bcf33,4729699.0,GO,0.9309947219500588,0.8312020460358056,959.0,216.28571428571428,0.95,0.00288,969.0,989.0,0.0,0.0,0.0,0.0,0.0,0.0,0.0,0.0,1.0,Baixo Risco
4618546875dc7d859ab6675d10f5ce95e2f5279c29c5036e9ef2e6be38c80053,4649406.0,SP,0.2685297695502099,0.9590354700288014,848.0,174.94444444444446,0.84,0.12035,928.0,987.0,3.0,3727.12,3727.12,0.3333333333333333,0.3333333333333333,0.0,0.0,14.0,1.0,Baixo Risco
53a6656a89b534085e48557c6449ada3c8a2fc81e381389c1580ca1592131bf2,4712100.0,PR,0.05,0.8530041727895563,31.0,0.0,0.05,0.0,54.0,134.0,0.0,0.0,0.0,0.0,0.0,0.0,0.0,0.0,1.0,Baixo Risco
215c27503250582da1d08c34668236a3caa2f7c89fe62ba81e76f1604ebdc937,1412601.0,SC,0.685605692644361,0.6506772783512386,867.0,161.79661016949152,0.93,0.2947,946.0,986.0,2.0,2445.64,2445.64,0.0,0.0,0.0,0.0,56.0,1.0,Baixo Risco
b116471a4b077c1b8e30db3158c8e9f34e124b64df1a8c5108a51511dc7155ed,4781400.0,RS,0.9020737613947178,0.6932826908828295,756.0,275.4736842105263,0.93,0.0,944.0,987.0,0.0,0.0,0.0,0.0,0.0,0.0,0.0,0.0,1.0,Baixo Risco
3ef91f421aa98f293bab97759d0e5b929bf03c792552280e04ac338778e6d4aa,4644301.0,SE,0.5936666422174356,0.8867626965530484,963.0,105.35632183908046,0.99,0.32783,980.0,988.0,0.0,0.0,0.0,0.0,0.0,0.0,0.0,0.0,1.0,Baixo Risco
2491f8e4cf0dc98546944ad14301670630fda9730141601cca348c84d107945d,4782201.0,MG,0.8724863203886181,0.8530041727895563,941.0,134.94736842105263,0.97,0.03967,983.0,989.0,0.0,0.0,0.0,0.0,0.0,0.0,0.0,0.0,1.0,Baixo Risco
f4a5fa38cddf9af0310513d30dd558edf3ca913c49272e4fbc21eba808b3fe7d,1813001.0,SP,0.9150422145560916,0.6284011789326941,921.0,163.77777777777777,0.91,0.44924,970.0,989.0,0.0,0.0,0.0,0.0,0.0,0.0,0.0,0.0,1.0,Baixo Risco
93c566cf8f12a0682597877b0c73c09084f50543584c379d540efcb31277fae9,2599399.0,MG,0.9586904308621328,1.0,958.0,249.33333333333331,0.97,0.0146,980.0,988.0,1.0,100284.06,102008.94,4.0,1.0,0.0,-1724.8800000000047,32.0,1.0,Baixo Risco
d41bc5f62cb06790a0d729c55f117dfbc7628df364e8599c02a5fc2582644b7c,5819100.0,SP,0.9634061288791496,0.8156259737752289,935.0,193.77777777777777,0.95,0.17955,974.0,988.0,0.0,0.0,0.0,0.0,0.0,0.0,0.0,0.0,1.0,Baixo Risco
106f9c4f0a2eb60730ea631273abb72a6466c0eaaa86bf8b2937c20dfda05e61,1013901.0,MG,0.795429036474081,0.7008321109019781,920.0,195.0126582278481,0.96,0.04365,976.0,988.0,0.0,0.0,0.0,0.0,0.0,0.0,0.0,0.0,1.0,Baixo Risco
3e2a2e6910515562f96fc904f5e34ae4813dc881f3a31f2453fcec306c841616,4771701.0,PR,0.1356375487190307,0.8530041727895563,132.0,164.203125,0.67,0.45589,35.0,479.0,0.0,0.0,0.0,0.0,0.0,0.0,0.0,0.0,1.0,Baixo Risco
9901705403e59d16c713bc4b71fc7d9dd0638160697b6a26df6e8519ff4b1569,4789004.0,BA,0.6395523196816533,0.8530041727895563,889.0,11.0,1.0,1.0,894.0,983.0,0.0,0.0,0.0,0.0,0.0,0.0,0.0,0.0,1.0,Baixo Risco
540258dac52852bc92d524a489bf0b113865eeebae97a0d8bcc970cc71033fe8,4771701.0,PR,0.9880045704749654,0.8530041727895563,965.0,228.0497737556561,0.99,0.05763,983.0,988.0,0.0,0.0,0.0,0.0,0.0,0.0,0.0,0.0,1.0,Baixo Risco
4fc3bc6fa6b3ccccba391236966db690f047ad2e746fae1eb620141bdf8d1f68,4772500.0,SP,0.8937932729442263,0.8530041727895563,852.0,212.30769230769232,0.91,0.0,965.0,988.0,0.0,0.0,0.0,0.0,0.0,0.0,0.0,0.0,1.0,Baixo Risco
bad113db12e4a2eb94f7c05093652a529e6d66eaf130461706d639bbbbaee68d,4744001.0,MT,0.9229046025926074,0.7071402441296998,948.0,231.3230769230769,0.95,0.0,983.0,989.0,0.0,0.0,0.0,0.0,0.0,0.0,0.0,0.0,1.0,Baixo Risco
46edea84235b7808ebe51dabeeb2252598968a1233e3d65ead549a90cf996c27,8211300.0,GO,0.1234511209736561,0.391213757657614,356.0,70.38461538461539,0.54,0.14994,114.0,763.0,6.0,7550.25,6241.139999999999,6.5,0.6666666666666666,0.0,1309.1100000000001,31.5,1.0,Baixo Risco
f1777d88e9a577309d2eedaa5862abdddcef72448246d4742713e7f275da0df3,4637199.0,BA,0.05,0.8530041727895563,81.0,20.0,0.33,0.0,161.0,138.0,0.0,0.0,0.0,0.0,0.0,0.0,0.0,0.0,1.0,Baixo Risco
e12751b7c8476c1f9248e2de27313936c2620135d6d30b82f481ee1dd3c9a9fc,8610102.0,BA,0.6480659637458561,0.2694566163549342,377.0,107.05823927765238,0.85,0.05398,976.0,986.0,0.0,0.0,0.0,0.0,0.0,0.0,0.0,0.0,1.0,Baixo Risco
4a09d0aa41fa0e8ea2a63f1f9d17cedd682bfc5258939c50bf818af198bba7b0,4782201.0,RJ,0.9543216277836872,0.8530041727895563,959.0,195.96774193548387,0.95,0.0,980.0,989.0,0.0,0.0,0.0,0.0,0.0,0.0,0.0,0.0,1.0,Baixo Risco
8cf76be43a5d3f3d9f26f4a8683a9e858c8761c5b0d053a10c61654054d09dad,4761003.0,RJ,0.967594472449325,0.8530041727895563,946.0,251.4,0.96,0.0,968.0,989.0,0.0,0.0,0.0,0.0,0.0,0.0,0.0,0.0,1.0,Baixo Risco
98d99b09a833e668afb2b0ccc53ddf75ab9aa54bfec89070fc20050b81cf9ab5,4772500.0,TO,0.8806198100983713,0.6124469475449157,213.0,159.46666666666667,0.68,0.72252,562.0,983.0,0.0,0.0,0.0,0.0,0.0,0.0,0.0,0.0,1.0,Baixo Risco
68e2f86d28f2c669a32bc255c129b4a4cfcfecde42abcda382fcf4a4abd17f95,4789004.0,PR,1.0,0.8530041727895563,941.0,345.42857142857144,0.95,0.0,970.0,989.0,0.0,0.0,0.0,0.0,0.0,0.0,0.0,0.0,1.0,Baixo Risco
7192523166f2b68d66803c9e6da131a8afd26ac7e0005c9dd0e33eea76ac695d,4781400.0,MG,0.8576796891818468,0.8530041727895563,467.0,141.625,0.69,0.0031,816.0,982.0,0.0,0.0,0.0,0.0,0.0,0.0,0.0,0.0,1.0,Baixo Risco
db72e7b8f0292d4d7aa455219c6c4e34ad1855e43b59b8d673c0976f7b575d8e,4649499.0,PA,0.1974857637305176,0.8530041727895563,152.0,168.88571428571427,0.53,0.44751,28.0,353.0,1.0,1937.0,1944.75,1.0,1.0,0.0,-7.75,46.0,1.0,Baixo Risco
d8b66706c33bb32e0f7152c039a0e3aa44a286983c7f37eecc0554aaff5bb826,4771701.0,GO,0.990744848656112,0.8530041727895563,944.0,259.79411764705884,0.98,0.08083,983.0,989.0,0.0,0.0,0.0,0.0,0.0,0.0,0.0,0.0,1.0,Baixo Risco
48552203d9a141165b92e331a8303393708f815f7ddfe6ff12b8d29929f23894,1052000.0,PA,0.7249653653864093,0.9042302080824997,828.0,209.5,0.89,0.04211,972.0,986.0,1.0,177000.0,177000.0,0.0,0.0,0.0,0.0,46.0,1.0,Baixo Risco
6cde51ceec7da591b9edba23bbf753624f646cf5a8122547819ab6b96a7b6931,4646001.0,SP,0.5467583865705834,0.8087672814599304,463.0,79.08823529411765,0.81,0.04596,914.0,987.0,1.0,405.84,413.94,10.0,1.0,0.0,-8.100000000000023,46.0,1.0,Baixo Risco
e254c78498f92eff518c675560008c4871282604c7cf0d1ea084c719b9d0346c,4781400.0,BA,0.9478046397229112,0.8530041727895563,940.0,82.57142857142857,0.97,0.08704,975.0,988.0,0.0,0.0,0.0,0.0,0.0,0.0,0.0,0.0,1.0,Baixo Risco
3118812d006e8b313669641c6abe5b3d9a6c01afd6be9a787b31a08d880fd563,4771701.0,PE,0.8016410627246692,0.8530041727895563,497.0,110.99014778325125,0.93,0.09523,849.0,980.0,0.0,0.0,0.0,0.0,0.0,0.0,0.0,0.0,1.0,Baixo Risco
79e6d341872b959924ae93ae9dcdffec1e0fef3eba604901521b4771715c71e8,1312000.0,PE,0.9058423487565384,0.8530041727895563,811.0,0.0,0.93,0.0,763.0,872.0,0.0,0.0,0.0,0.0,0.0,0.0,0.0,0.0,1.0,Baixo Risco
fa389afffe5b3a12361d23216bdbc258fe427e15fd0da018db67fd329ce53301,1092900.0,SP,0.3921521322170147,0.870093392378458,878.0,148.45238095238096,0.88,0.00093,980.0,986.0,1.0,4954.43,4954.43,0.0,0.0,0.0,0.0,42.0,1.0,Baixo Risco
b58e3ad39539dbf12a45d9343c42b6a516f4f5516f31352bd18797956c928c31,5611201.0,RJ,0.7581285892080054,0.8530041727895563,619.0,90.75714285714284,0.85,0.11903,703.0,985.0,0.0,0.0,0.0,0.0,0.0,0.0,0.0,0.0,1.0,Baixo Risco
1b4fa3fc1a86ff923a945504ac2e18d0cbf2266e4405bab54db64f1364faf92c,4771701.0,PR,0.8933211605392012,0.8530041727895563,950.0,203.96666666666667,0.97,0.12284,980.0,987.0,0.0,0.0,0.0,0.0,0.0,0.0,0.0,0.0,1.0,Baixo Risco
5541aadf87b936286a5f641aa3a799f0d8d83e81c67e8baf4b61b8c979e8c630,4771701.0,PR,0.97879060375522,0.8530041727895563,950.0,203.35294117647055,0.98,0.00514,973.0,988.0,0.0,0.0,0.0,0.0,0.0,0.0,0.0,0.0,1.0,Baixo Risco
b05d00f08fd5536aa8bf549b8853869959698b9dfcb245e58f720cfecd5adebd,4782201.0,AL,0.9722645458536996,0.8530041727895563,924.0,223.91666666666663,1.0,0.0,977.0,988.0,0.0,0.0,0.0,0.0,0.0,0.0,0.0,0.0,1.0,Baixo Risco
9c33021459e8ab15475a717644ce1b1f6334c75b4487ba08ea78d0f2158a9a01,1095300.0,SP,0.9739596767465531,0.663069182521463,955.0,252.35294117647055,0.93,0.0,972.0,989.0,0.0,0.0,0.0,0.0,0.0,0.0,0.0,0.0,1.0,Baixo Risco
57d30e4893a1345b4a94c1314447aa2f10aa84d577a7f355acb047e275ac6600,4321500.0,CE,0.5518044320440996,0.8530041727895563,252.0,29.11111111111111,0.86,0.44837,120.0,899.0,0.0,0.0,0.0,0.0,0.0,0.0,0.0,0.0,1.0,Baixo Risco
b476058effe8dcc00f4cdaa7b4528fe1a445555897bc341e69ca78a408b19085,1066000.0,MG,0.9347284425318608,0.8538243367647872,958.0,225.97368421052636,0.94,0.0,973.0,987.0,0.0,0.0,0.0,0.0,0.0,0.0,0.0,0.0,1.0,Baixo Risco
833462ff30746f9aa2ac64bd410a9498dc12a2dcbc1d67d3dc8a5b82fd14fdbe,4712100.0,PA,0.6453911181990306,0.8530041727895563,401.0,116.83870967741936,0.77,0.28027,84.0,955.0,0.0,0.0,0.0,0.0,0.0,0.0,0.0,0.0,1.0,Baixo Risco
582830277ed2d32ad3fa8786fb03eca59ec5694bda1b10831413f929873a9004,4754701.0,SP,0.9453157840947978,0.8530041727895563,963.0,175.91304347826087,0.97,0.03798,977.0,988.0,0.0,0.0,0.0,0.0,0.0,0.0,0.0,0.0,1.0,Baixo Risco
432822c126eba60cadea84ebd3b4e07b2a7dfd6ca8c18f909448911ec921e7c3,4782201.0,BA,0.8557473184243567,0.8530041727895563,781.0,225.95670995670997,0.82,0.01036,914.0,988.0,0.0,0.0,0.0,0.0,0.0,0.0,0.0,0.0,1.0,Baixo Risco
9c26c35d704a7814d8aafe407b3209f41153e9e83b873098d0d1cac639993fa0,4741500.0,RJ,0.4515085562292617,0.9113548092300664,321.0,90.6153846153846,0.88,0.39553,71.0,924.0,1.0,2985.0,2985.0,0.0,0.0,0.0,0.0,24.0,1.0,Baixo Risco
da99df2c9e5676f9c61c92ba9600f826d6ed0fcdf5d0fc62335dbe6f53a64f49,7490199.0,SP,0.8502366272153185,0.6924705285695191,898.0,259.39130434782606,0.93,4e-05,983.0,989.0,241.0,42762242.5,41875697.56,1.053941908713693,0.0995850622406639,0.0,886544.94,54.190871369294605,1.0,Baixo Risco
dac7a73d35920d79528f1a2ba2e42c352eebdbefd46fc7e119784dbf5b9eb0e4,4781400.0,Sem Info,0.7259419033128366,0.8530041727895563,421.0,107.53333333333332,0.76,0.01289,742.0,977.0,0.0,0.0,0.0,0.0,0.0,0.0,0.0,0.0,1.0,Baixo Risco
62683f3fd53b658f89e12b49147aebc86569bfbd83faf4a0e313444fb07f1290,4742300.0,SC,0.9333649165980256,0.5178555577965008,934.0,187.07692307692307,0.98,0.0,982.0,988.0,0.0,0.0,0.0,0.0,0.0,0.0,0.0,0.0,1.0,Baixo Risco
3b87138ca0a903fdef1a5d0e924ad68100888dd6196fee20639260970507c8ce,4781400.0,MG,0.7063865826669131,0.8530041727895563,320.0,61.6,0.86,0.11292,527.0,967.0,0.0,0.0,0.0,0.0,0.0,0.0,0.0,0.0,1.0,Baixo Risco
e50a7cda9ded9b1197cdf626c8824c7659aae6694b9b906f7f957157fcb73e74,4713004.0,PE,0.9688857152704178,0.8530041727895563,940.0,222.2,0.96,0.21284,979.0,989.0,0.0,0.0,0.0,0.0,0.0,0.0,0.0,0.0,1.0,Baixo Risco
5895a44b47f24da085bbeb80c0bd089abee83fb92353958f716d2ba4a4cc8fdb,4771701.0,PR,0.9492516311681124,0.8530041727895563,662.0,184.2923076923077,0.88,0.00176,869.0,976.0,0.0,0.0,0.0,0.0,0.0,0.0,0.0,0.0,1.0,Baixo Risco
74506515d0cf600a69598b7a825b76ae85cf320dd364d91089e07f84bea0998f,5620102.0,PR,0.8646321455308312,1.0,924.0,50.0,0.75,0.0,395.0,985.0,0.0,0.0,0.0,0.0,0.0,0.0,0.0,0.0,1.0,Baixo Risco
7d512e0efe56a3e9220656d08e40c03343023f06bb550051c2bb33a1cdccb195,2610800.0,SP,0.3009482098407606,0.05,178.0,158.1315789473684,0.68,0.06458,460.0,932.0,1.0,39071.0,39071.0,0.0,0.0,0.0,0.0,35.0,1.0,Baixo Risco
e5676ec2f480956abb0e043650ceff8cfd270d46ceea3a97a1b785b6103a8036,2229301.0,RJ,0.7657902873275279,0.912973811211682,834.0,228.53333333333333,0.87,0.49507,961.0,985.0,0.0,0.0,0.0,0.0,0.0,0.0,0.0,0.0,1.0,Baixo Risco
b0aef9992329f1bc4a365f778f7f1009bd5d56e95a957f957b610e6426884f09,3299004.0,SP,0.05,0.05,70.0,50.833333333333336,0.07,0.35452,56.0,497.0,1.0,22451.94,0.0,8.0,1.0,0.0,22451.94,41.0,1.0,Baixo Risco
060ad8d429acf5afc7c397a16f70c9b2e9c68f8f6e85001255d327b784a47a59,1099699.0,RJ,0.7974173632151141,0.8530041727895563,853.0,141.0,0.83,0.0,951.0,988.0,0.0,0.0,0.0,0.0,0.0,0.0,0.0,0.0,1.0,Baixo Risco
48b9e605108c273c6e5871c399a48e2e09383f4797d83c7e39029eda145dae25,4771701.0,PR,0.9010544351081492,0.8530041727895563,912.0,225.0,0.97,0.09714,973.0,988.0,0.0,0.0,0.0,0.0,0.0,0.0,0.0,0.0,1.0,Baixo Risco
766789d3b0035421fc0a854d6cb8bccbef6a8b834b0077196eb2df9c273c73bf,4789099.0,SP,0.6789641730220207,1.0,207.0,26.0,0.83,0.0,359.0,875.0,0.0,0.0,0.0,0.0,0.0,0.0,0.0,0.0,1.0,Baixo Risco
c1bdcd559bb7cfb5a4e14fbd044dc88ce59d10097a152cb53802ec81d05fce8d,4771701.0,PR,1.0,0.8530041727895563,926.0,233.1764705882353,0.99,0.0,986.0,989.0,0.0,0.0,0.0,0.0,0.0,0.0,0.0,0.0,1.0,Baixo Risco
2f4c7906a570c325be31a5c12a1976734798d24b4f4157ad570fff900c9713f3,4651602.0,ES,0.8887001208828712,0.8530041727895563,863.0,115.0625,0.93,0.00512,966.0,989.0,1.0,803.12,803.12,0.0,0.0,0.0,0.0,36.0,1.0,Baixo Risco
b298e0c61e85f32efe204e282deed9fbebfa30f33d5426eb43bac52b44c9af37,4754702.0,RJ,0.4844270749599481,0.8530041727895563,505.0,89.0,0.8,0.13247,872.0,951.0,0.0,0.0,0.0,0.0,0.0,0.0,0.0,0.0,1.0,Baixo Risco
4e38e9e67082fb8520bcab975274869ccb5d23806e90c72c6998360662264fa6,4789004.0,BA,0.9515675099600104,0.8530041727895563,955.0,304.0,0.96,0.0,982.0,988.0,0.0,0.0,0.0,0.0,0.0,0.0,0.0,0.0,1.0,Baixo Risco
dfd9ca152bf25e8ccad29a8abdfc41e1408c0a2d038eccf05e703529c91ccbb4,4711302.0,SP,0.930960588349986,0.400727127221772,950.0,229.88372093023256,0.95,0.32847,979.0,989.0,0.0,0.0,0.0,0.0,0.0,0.0,0.0,0.0,1.0,Baixo Risco
399eb4a2b080d58daeba88c26ccc1d3187871d327d842596430f16ddeb18543e,1742799.0,SC,0.6143937982181026,0.7145145179939824,477.0,111.67796610169492,0.82,0.24664,773.0,964.0,4.0,10267.099999999999,10289.51,1.5,0.25,0.0,-22.409999999999968,50.0,1.0,Baixo Risco
5f9209a25d2bb470067053e2532cbffb18c7200d1983b3ddb28740deebf0211d,4744099.0,SC,0.987485011278884,0.714962406257297,941.0,219.5,0.98,0.08176,979.0,988.0,0.0,0.0,0.0,0.0,0.0,0.0,0.0,0.0,1.0,Baixo Risco
355617e7fab77eb1b4834f51315fd7004d19a98f2173d2ab8aedd009463fc8a0,4644301.0,CE,0.2797183895424981,0.7729879772914416,349.0,86.29032258064517,0.69,0.25057,176.0,974.0,0.0,0.0,0.0,0.0,0.0,0.0,0.0,0.0,1.0,Baixo Risco
0ceed77758f84fde1038edf52a043f50064910d01b877920b1d9cf2beeaae75b,4789099.0,SP,0.6131580007646199,0.7130140215967288,954.0,204.45454545454547,0.96,0.11255,969.0,988.0,0.0,0.0,0.0,0.0,0.0,0.0,0.0,0.0,1.0,Baixo Risco
9b61e3df4150eaffecf90c1b27344cd1eaf249ab0132aa518f1e76f97d166958,2399101.0,MG,0.3564019473525658,0.8530041727895563,649.0,123.83333333333331,0.77,0.0,636.0,945.0,0.0,0.0,0.0,0.0,0.0,0.0,0.0,0.0,1.0,Baixo Risco
c92ad7d77ee729301a3e16a8a5efedcdf042e650259a12c85d43711c40077b20,4771701.0,Sem Info,0.9970914337827268,0.8530041727895563,960.0,263.6666666666667,0.99,0.0,975.0,987.0,0.0,0.0,0.0,0.0,0.0,0.0,0.0,0.0,1.0,Baixo Risco
586c2d8a753f6e2e0935d78da49ce19749299d1adfb40d2853e4caa38f00110a,4771701.0,PR,0.8677854303736361,0.8530041727895563,938.0,229.89655172413796,0.98,0.0,977.0,988.0,0.0,0.0,0.0,0.0,0.0,0.0,0.0,0.0,1.0,Baixo Risco
8942a0fe00c5d7aba07f9e659bef5f04f5a801bbc160f8f768c684872d7d6939,1811302.0,SP,0.9384953593174128,0.8530041727895563,442.0,244.0,0.97,0.0,259.0,957.0,0.0,0.0,0.0,0.0,0.0,0.0,0.0,0.0,1.0,Baixo Risco
3d7f1170fd367a69f78192c66857bbe5db4f2af9e2b71a291552db67c0d8606f,4712100.0,CE,0.05,0.8530041727895563,244.0,133.25,0.75,0.38968,63.0,841.0,0.0,0.0,0.0,0.0,0.0,0.0,0.0,0.0,1.0,Baixo Risco
7510f8cfa8622b15b5dd78f0f880908140dc17443d110044370c4449f29e58b4,4686902.0,ES,0.8296964815501175,1.0,938.0,0.0,0.85,0.0,980.0,989.0,1.0,7361.0,7743.77,2.0,1.0,0.0,-382.77000000000044,41.0,1.0,Baixo Risco
159e34fe17aa87043ac2cd9cbd087fefbf15d67499801af4cd610a397d68b11d,4711302.0,SP,0.9811391723129512,0.9251615848981822,958.0,203.50331125827816,0.96,0.01407,978.0,989.0,0.0,0.0,0.0,0.0,0.0,0.0,0.0,0.0,1.0,Baixo Risco
d042e94c3a47dde48f9c1f174d938bd34d7752b338119deeefd84129b5ddc44f,2221800.0,SP,0.3462184098277542,1.0,548.0,154.0,0.82,0.0,350.0,950.0,0.0,0.0,0.0,0.0,0.0,0.0,0.0,0.0,1.0,Baixo Risco
90bf78a935b00e7fb7b165c78888967036e8278dea4a4bd2236aba279fae77c0,4689399.0,SP,0.6247248787459712,0.7539145959920883,856.0,52.0,0.78,0.0,878.0,986.0,1.0,66725.31,0.0,1.0,1.0,0.0,66725.31,40.0,1.0,Baixo Risco
00f964acc9fc0d42177e95037cf82bcea2a03b100214c6580a2e9689aa8081d4,2869100.0,SP,0.05,0.9593735909139006,45.0,69.33333333333333,0.05,0.09217,145.0,205.0,1.0,1576.68,1576.68,0.0,0.0,0.0,0.0,35.0,1.0,Baixo Risco
e1d36d407b000c5802b692df650c459fee3068ddb1ae6e08f447a64c0cf0337c,2342701.0,BA,0.1594535172483119,0.5153617459113997,91.0,108.16329704510107,0.4,0.06418,33.0,711.0,5.0,23090.81,23090.81,0.0,0.0,0.0,0.0,50.4,1.0,Baixo Risco
d9f422775e4438d0e26e3014977acdc17ba7dfb02ff804bfb6484a45137d7048,2599302.0,SP,0.953069328059647,0.9869309901763758,960.0,266.6,0.93,0.0,976.0,989.0,0.0,0.0,0.0,0.0,0.0,0.0,0.0,0.0,1.0,Baixo Risco
ef6c53a7249dd5a2d6e66d0245ccf215a10bd854183d7e4ddffa1cbe9645d394,6550200.0,SP,0.639750668740987,0.877379946136348,696.0,112.15121951219513,0.85,0.18529,975.0,988.0,0.0,0.0,0.0,0.0,0.0,0.0,0.0,0.0,1.0,Baixo Risco
0435cbc051f69223afa9fc4b66d46ff9c82b14e11bee604f69d7c7999b65a1dd,2532201.0,SP,0.8286154653981328,0.949619043348213,403.0,150.0,0.72,0.15075,132.0,978.0,0.0,0.0,0.0,0.0,0.0,0.0,0.0,0.0,1.0,Baixo Risco
92404ef60253d554456a5b48c1329da2e162bd968144d7c53942306e926d7169,1099699.0,SC,0.992878982932864,0.934377085034884,920.0,92.14285714285714,0.94,0.21922,977.0,988.0,0.0,0.0,0.0,0.0,0.0,0.0,0.0,0.0,1.0,Baixo Risco
b023f75d3788232d67333d23f87ed24e20cf4c0cd60a3f26beb68f05b6b2927c,4771701.0,PR,0.9186813268918606,0.8530041727895563,808.0,133.52272727272728,0.96,0.17414,862.0,986.0,0.0,0.0,0.0,0.0,0.0,0.0,0.0,0.0,1.0,Baixo Risco
587627d6aacc42c96cb9c4bbef9b428f43c78a4006f556b548846ca9d8990a2f,4781400.0,MA,0.4167777155020036,0.8530041727895563,175.0,51.0,0.66,0.493,189.0,982.0,0.0,0.0,0.0,0.0,0.0,0.0,0.0,0.0,1.0,Baixo Risco
2d586382d9663accc39f6ba7af1e7077f33f9bbc3679b3da9b28afffd9daba1b,4771701.0,PR,0.9415874743746404,0.8530041727895563,906.0,187.0,0.96,0.0,976.0,989.0,0.0,0.0,0.0,0.0,0.0,0.0,0.0,0.0,1.0,Baixo Risco
cb25524201df92e4d7c03e82694f72dd607b083b162e303635c8cad2b0ff7a56,4110700.0,SP,0.8364597144237319,0.8530041727895563,377.0,170.66326530612244,0.88,0.00893,962.0,988.0,0.0,0.0,0.0,0.0,0.0,0.0,0.0,0.0,1.0,Baixo Risco
da4152c42b32f88d66588ae7fcb4f03ae10d94636c32930c1d97cafd995cdb81,4672900.0,Sem Info,0.938733095246009,1.0,612.0,215.69230769230768,0.86,0.1267,821.0,983.0,1.0,1714.0,1714.0,0.0,0.0,0.0,0.0,30.0,1.0,Baixo Risco
185416ffacd26f640745331f544301ed360ad9fc9146ae25a5c281ad64120ae6,4744001.0,Sem Info,0.992179627511886,0.8530041727895563,948.0,201.125,0.98,0.02395,963.0,988.0,0.0,0.0,0.0,0.0,0.0,0.0,0.0,0.0,1.0,Baixo Risco
a1b6188decab86cb23655e5a8c99029ed76ff097249bf6bbc99abc05ae6d70a2,1051100.0,SP,0.62002512303762,0.9909510908473226,149.0,104.1358574610245,0.54,0.00527,500.0,986.0,0.0,0.0,0.0,0.0,0.0,0.0,0.0,0.0,1.0,Baixo Risco
134b2dcc5d96d1617d963b7013aae53b380cdbebba594be5a33d770300abe561,4712100.0,RJ,0.918050319161801,0.8530041727895563,838.0,133.95698924731184,0.94,0.07581,976.0,987.0,0.0,0.0,0.0,0.0,0.0,0.0,0.0,0.0,1.0,Baixo Risco
1374e32b45d9196c880c83c42d2fa3ea56222e54f404eeeb333e2237a11f1e7d,4744003.0,BA,0.5623879636489855,0.5559471189515911,863.0,92.0,0.92,0.0,953.0,989.0,0.0,0.0,0.0,0.0,0.0,0.0,0.0,0.0,1.0,Baixo Risco
059731019d67de9e150b3ce72050261d72841409190bc453afcfeef96fabb791,4520001.0,SP,0.9821031153482732,0.8530041727895563,896.0,192.0,0.94,0.0,961.0,982.0,0.0,0.0,0.0,0.0,0.0,0.0,0.0,0.0,1.0,Baixo Risco
9d4b868784f8b601337b41a0880c0d31995c0538e1bd88b9ca76ae250f2f0af5,2829199.0,MG,0.4606834004580649,0.8530041727895563,775.0,171.04347826086956,0.8,0.23765,678.0,984.0,0.0,0.0,0.0,0.0,0.0,0.0,0.0,0.0,1.0,Baixo Risco
7c5ddc411a597a26104ab7017ef0cf3ae389a3029c6d65c0ff71aa6b83d9ab46,1539400.0,Sem Info,0.3999671689691778,0.05,152.0,117.54857142857144,0.67,0.09241,158.0,920.0,1.0,1871.1,0.0,68.0,1.0,0.0,1871.1,191.0,1.0,Baixo Risco
0a80b24101a3a795c89d038f0d4c29c7663084397eefeec3db75a8317e4afbe2,4711302.0,SP,0.9774057056365526,0.9373341213747848,957.0,245.74074074074076,0.97,0.01822,983.0,989.0,0.0,0.0,0.0,0.0,0.0,0.0,0.0,0.0,1.0,Baixo Risco
48aa53376c8e8f39677b85cdac764871a361c5cbefdb9be5819f3b88e24053a1,1091101.0,SP,0.6999372705419163,0.8732678486896885,440.0,154.9090909090909,0.77,0.0,919.0,986.0,0.0,0.0,0.0,0.0,0.0,0.0,0.0,0.0,1.0,Baixo Risco
af1140bc32c8e89611bab425ef26a8e7649a69503dc41e70048c88bc2a41ca19,1412601.0,SP,0.9871263785576734,0.9928171533056326,960.0,248.7457627118644,0.97,0.0,982.0,989.0,2.0,10614.15,10614.15,0.5,0.5,0.0,0.0,46.0,1.0,Baixo Risco
2a843abddc956ca28ae7d6f10e5cc1e4c1016295fb1cfab770255fb8d7f068ef,4742300.0,SC,0.968698352405387,0.5810353325527887,764.0,57.6,0.9,0.60674,862.0,986.0,0.0,0.0,0.0,0.0,0.0,0.0,0.0,0.0,1.0,Baixo Risco
e6c12390d636b735fae6b3d15519ad172224e858cd548682c3550bdda9db2c56,4930201.0,DF,0.05,0.8530041727895563,53.0,39.0,0.05,0.0,27.0,324.0,0.0,0.0,0.0,0.0,0.0,0.0,0.0,0.0,1.0,Baixo Risco
0600c3f1a4a0d24faeabe67d27d495b487b1980e9236b37e54eea6b2549feba9,4639701.0,PR,0.8715793185470069,0.5588928567888659,845.0,112.28571428571428,0.9,0.35663,961.0,987.0,4.0,358380.46,218493.61000000002,3.25,0.5,0.0,139886.85,38.5,1.0,Baixo Risco
d9ca68ed216e99f1c829332947e6f16e11015e73e582817e5d26fb42a67838f7,4631100.0,SP,0.8746732835819123,0.847869304777862,925.0,164.90441176470588,0.94,0.00449,980.0,989.0,1.0,433.55,433.55,0.0,0.0,0.0,0.0,23.0,1.0,Baixo Risco
f43142972271e7bd84a6e92c70c38dfed7392d6a6cb6db1603e29107d9203c42,2813500.0,PR,0.7379380557313828,0.8472562012004466,866.0,169.0,0.95,0.27798,959.0,986.0,2.0,4389.16,4389.16,0.0,0.0,0.0,0.0,49.0,1.0,Baixo Risco
678706bd056a433116de4519b34b9cfa1172d93a033719e74c00a265b9e37250,4930201.0,SP,0.6372652764842686,0.9380839040453308,835.0,154.9655172413793,0.86,0.0658,965.0,988.0,1.0,2527.78,2527.78,0.0,0.0,0.0,0.0,14.0,1.0,Baixo Risco
3dc4aa71a53992600cfe385571829c17ddb714e296625b288528d87a424c3d7a,2930103.0,RS,0.917107498220726,0.926872592235272,946.0,258.4,0.95,0.00085,970.0,986.0,11.0,30712.34,30712.34,0.0,0.0,0.0,0.0,58.72727272727273,1.0,Baixo Risco
d1a60ec58240a6cb08dd5bc2c01bbc40d8636396f41ea98cbdf11688c4cbfebe,1531901.0,SP,0.9655314032886908,0.8431020905862391,945.0,256.6564885496183,0.99,0.0267,978.0,988.0,1.0,199369.06,199369.06,0.0,0.0,0.0,0.0,274.0,1.0,Baixo Risco
5f625db97b4b93e0ae5ae1cbb370b158bf12b722d0793dcf7757ece79795534c,4781400.0,PR,0.8200916488033536,0.05,900.0,218.5,0.9,0.00456,977.0,989.0,0.0,0.0,0.0,0.0,0.0,0.0,0.0,0.0,1.0,Baixo Risco
25535bc73963eee6a0839e3c2a93c5b885029d91d97fa3e3d7407dcd2c0c46f9,2829199.0,RJ,0.2182663085245336,0.8712355504212446,184.0,111.88888888888889,0.45,0.06886,193.0,986.0,1.0,1714.42,1714.42,0.0,0.0,0.0,0.0,29.0,1.0,Baixo Risco
8a64611475dc12837aa1b92e61a0c8e236339636d031cf714a59866029a1e982,4789099.0,SP,0.9688013603773704,1.0,923.0,193.16666666666663,0.96,0.0,964.0,989.0,0.0,0.0,0.0,0.0,0.0,0.0,0.0,0.0,1.0,Baixo Risco
da83171d2cc0da627bf66ddb73873a2ee4e5274ecb9b73376317e594af34391e,4789099.0,SP,0.7484795958746688,0.8530041727895563,950.0,183.7333333333333,0.96,0.13392,974.0,989.0,0.0,0.0,0.0,0.0,0.0,0.0,0.0,0.0,1.0,Baixo Risco
4660e43c72553c989706f1df4053bf452bef37e8acb6692c701139a64634a8ae,4711302.0,SP,0.948068777415086,0.921411223306713,957.0,239.74444444444444,0.97,0.05175,979.0,988.0,0.0,0.0,0.0,0.0,0.0,0.0,0.0,0.0,1.0,Baixo Risco
bc297bdad8014a3937819ad583614d7ccd65704e9816c71ab4021949e8b95b53,1359600.0,SP,0.9714604104225816,0.8530041727895563,958.0,206.0120481927711,0.97,0.00277,983.0,988.0,0.0,0.0,0.0,0.0,0.0,0.0,0.0,0.0,1.0,Baixo Risco
9a5ea78ac0b6e60bcea1d9956d0551553880453f489ef0cb516e54554ea04f50,2949299.0,SP,0.2978861625986049,0.4746191559469542,124.0,145.6019656019656,0.4,0.12306,151.0,964.0,1.0,6311.7,6311.7,2.0,1.0,0.0,0.0,32.0,1.0,Baixo Risco
9be776239d9fb88864ff57483d62362cf29b2524209115e0226f21d00c19aabf,4684299.0,SC,0.9497984205905416,0.5470139129789973,940.0,123.73684210526316,0.92,0.00029,978.0,989.0,1.0,2435.0,2435.0,0.0,0.0,0.0,0.0,45.0,1.0,Baixo Risco
267fff31686131d4f64a668fcb97d556669ed93c80b0861a8a980b92df52c7ce,1099699.0,SP,0.9883804562342028,0.8530041727895563,964.0,239.5873015873016,0.98,0.0,983.0,988.0,0.0,0.0,0.0,0.0,0.0,0.0,0.0,0.0,1.0,Baixo Risco
b7444e3e269584061a732b51b8d0301bba2f8d3bb6c4095f2590477437363743,2229302.0,SP,0.9937474820606108,0.8530041727895563,705.0,210.5,0.77,0.0,883.0,984.0,6.0,5896.89,5919.02,0.16666666666666666,0.16666666666666666,0.0,-22.13000000000011,47.0,1.0,Baixo Risco
7a7ce615d262d7623fe4d0f5836604f0c7c19a3f378a3d469349f6a144bbcd50,4639701.0,PE,0.8761421418641998,0.9241253424588992,938.0,167.31976744186048,0.96,0.09133,979.0,988.0,0.0,0.0,0.0,0.0,0.0,0.0,0.0,0.0,1.0,Baixo Risco
68466c8dcd981331d390cfb9f02009e4e56032293a1c59e021b016915a047c9a,8219999.0,SP,0.4389694982679005,0.9376297389881236,771.0,144.55,0.88,0.00021,970.0,987.0,4.0,1905.73,1880.1599999999999,0.0,0.0,0.0,25.57000000000002,30.0,1.0,Baixo Risco
fb7a680ac996526155eb5e331e54423c12e51ed10ac41d0099b2416430abbe24,4744005.0,SP,0.9925804629314868,0.9520971266197564,943.0,312.77570093457945,0.97,0.0,972.0,988.0,0.0,0.0,0.0,0.0,0.0,0.0,0.0,0.0,1.0,Baixo Risco
ab0ba05fcc2a411ff3509efa5270a1d9485159933af147d8851280a61a123ac5,2229399.0,SP,0.8529246601134186,0.6410778938021093,756.0,180.27027027027023,0.86,0.00825,970.0,988.0,1.0,25296.25,25296.25,0.0,0.0,0.0,0.0,30.0,1.0,Baixo Risco
046306c24eb7deb9de4130f21cb9254e05bb5636bbd1b39d9c49f60c8598aac1,4755502.0,BA,1.0,0.8530041727895563,962.0,241.0,0.94,0.0,973.0,989.0,0.0,0.0,0.0,0.0,0.0,0.0,0.0,0.0,1.0,Baixo Risco
04e884bda37cbb3f403800efef436300540b8aa66492e820dee6ec378dc2556c,4722901.0,GO,0.8239941010253152,0.8302514254826446,919.0,205.7037037037037,0.95,0.12151,975.0,988.0,0.0,0.0,0.0,0.0,0.0,0.0,0.0,0.0,1.0,Baixo Risco
eafc5101205faabc8b5b0a13b9cb92c7da058ef6c6b08dda123d2389c41bd467,4781400.0,GO,0.982644528362906,0.8530041727895563,916.0,0.0,0.89,0.0,816.0,985.0,0.0,0.0,0.0,0.0,0.0,0.0,0.0,0.0,1.0,Baixo Risco
11e782d2a5bf5fb7cba62e9a26a91dcabbc973c574bd81b42dde4acc75a2cbd7,4711302.0,GO,0.9809063901910064,0.3053033889312776,934.0,251.0829268292683,0.99,0.02687,975.0,988.0,0.0,0.0,0.0,0.0,0.0,0.0,0.0,0.0,1.0,Baixo Risco
dbfd8535aebe826f1baa2d018ed8cce40d88e141db595d9b5f9cd645a788aff4,4751201.0,SP,0.8887716408643066,0.8530041727895563,930.0,0.0,0.96,0.0,909.0,983.0,0.0,0.0,0.0,0.0,0.0,0.0,0.0,0.0,1.0,Baixo Risco
7143bb28ea792dbbb89dc7494267a353480d3fd2a1048bce5885189175899603,1412601.0,GO,0.9233063589112736,0.8464336405105702,956.0,226.1526717557252,0.97,0.09623,983.0,987.0,0.0,0.0,0.0,0.0,0.0,0.0,0.0,0.0,1.0,Baixo Risco
4626900d6009914f75a96b8c27a4ce7ca350a2bfffe0c1e503f1f7dc7e54bc14,4649499.0,SP,0.8567525584509534,0.7155767790561539,875.0,172.67241379310346,0.86,0.0181,981.0,989.0,13.0,7320.2300000000005,6972.47,2.4615384615384617,0.23076923076923078,0.07692307692307693,347.76,101.92307692307692,1.0,Baixo Risco
acae2cccb5c10f76ddc9e84ac4c7aedf1e05c0756aff1a8b93995196174cec96,4781400.0,BA,0.975497977230618,0.8530041727895563,944.0,209.8571428571429,0.97,0.0,975.0,988.0,0.0,0.0,0.0,0.0,0.0,0.0,0.0,0.0,1.0,Baixo Risco
f0867b7f0257a838723f74df6476dd22fcc8dcf5c75b75c57f9b578f9edb0542,4771701.0,PR,0.8833911359364045,0.6565132227457516,961.0,226.56521739130437,0.97,0.03574,964.0,986.0,0.0,0.0,0.0,0.0,0.0,0.0,0.0,0.0,1.0,Baixo Risco
a598aeb55bb615b47fbc95ae0c420fa735e8417d76f5458bafcbaf7354522c3f,4771701.0,PR,0.8745576627778453,0.8530041727895563,898.0,175.68,0.94,0.0,972.0,986.0,0.0,0.0,0.0,0.0,0.0,0.0,0.0,0.0,1.0,Baixo Risco
7b62147490d8e9c81d99d57db4b442c624bc5df58ba09226a83573c2723a3cc2,4530702.0,SP,0.9590640068604492,0.8980099120027561,955.0,183.5,0.94,0.00944,981.0,989.0,4.0,8448.34,1496.34,0.0,0.0,0.25,6952.0,24.5,1.0,Baixo Risco
6a406f0644f5b034fffd3a275a406b4968e04f4ce87f09f2a7008fc69ea5f9b2,4711302.0,PR,0.9974093447606076,0.8530041727895563,963.0,246.8947368421053,0.95,0.0,980.0,988.0,0.0,0.0,0.0,0.0,0.0,0.0,0.0,0.0,1.0,Baixo Risco
5c0f29f2944b4cb4b6f6a592cdfe920753d08fe11cbc2b0d33762337e93ee592,4771701.0,PR,0.9938366648119602,0.8530041727895563,923.0,244.7142857142857,0.99,0.0,986.0,989.0,0.0,0.0,0.0,0.0,0.0,0.0,0.0,0.0,1.0,Baixo Risco
3ec42a89b078902c554feaaf4dc27bc1596b7a98de982f96f0a99ed88c98ce37,2599399.0,SC,0.9890750230833256,0.9774923473461749,938.0,247.97435897435895,0.96,0.0,981.0,989.0,0.0,0.0,0.0,0.0,0.0,0.0,0.0,0.0,1.0,Baixo Risco
30cced298ce4f4f5a0008f99ee2a7ca03974decb7b4f17206c4694f765aed206,4711301.0,Sem Info,0.9632898957898088,0.9643197911500584,965.0,225.78205128205127,0.94,0.06522,982.0,988.0,0.0,0.0,0.0,0.0,0.0,0.0,0.0,0.0,1.0,Baixo Risco
a8556b337262c2b1d61f22a8b8e68b4ebf1823a6cfb8514d96ac19f7f870677d,9430800.0,PR,0.9565924949376944,0.9863987766752,942.0,232.3392857142857,0.96,0.0198,970.0,988.0,0.0,0.0,0.0,0.0,0.0,0.0,0.0,0.0,1.0,Baixo Risco
80309966999d42052e4d674415948fb21ced216d867a54492af7525875d07e34,4711302.0,GO,0.9674381056330184,0.8530041727895563,934.0,189.73469387755105,0.97,0.03664,979.0,988.0,0.0,0.0,0.0,0.0,0.0,0.0,0.0,0.0,1.0,Baixo Risco
ed8f528601a0983bc4a4045f8427be073fe0d79351ccc65a10423a28cb78540f,4771703.0,PR,0.9712879974838554,0.8530041727895563,951.0,229.51020408163265,0.97,0.0,982.0,988.0,0.0,0.0,0.0,0.0,0.0,0.0,0.0,0.0,1.0,Baixo Risco
955ab28614ce02232396d3fd555e9a28d578b0035f5ab915cae9ef77941afbf9,4782201.0,PR,0.9612718747477458,0.8530041727895563,918.0,231.93939393939397,0.95,0.00476,980.0,988.0,0.0,0.0,0.0,0.0,0.0,0.0,0.0,0.0,1.0,Baixo Risco
dfb44136f590ba87d4bd49b5818dfb3823635129b57175c468cec0e2a350e289,2829199.0,PR,0.9811183993830592,0.8303796113344267,883.0,257.8490566037736,0.93,0.00177,974.0,988.0,0.0,0.0,0.0,0.0,0.0,0.0,0.0,0.0,1.0,Baixo Risco
72320bf2cf6fd58592e7437563163be06b645305eedc985a7cd90addc93ae191,4755501.0,MA,0.9477210779886924,0.8530041727895563,916.0,149.42857142857142,0.92,0.0,913.0,985.0,0.0,0.0,0.0,0.0,0.0,0.0,0.0,0.0,1.0,Baixo Risco
a3dc83b056622d069e8f91228a45478f60da5ee5f2ab5224855e1075b25e1449,4120400.0,PR,0.8835027535637875,0.8530041727895563,641.0,170.91329479768785,0.86,0.01822,914.0,986.0,0.0,0.0,0.0,0.0,0.0,0.0,0.0,0.0,1.0,Baixo Risco
502d5d9b140fa1298727c0f91e0714b1679ef02407516e300bb6671f216a5802,1811302.0,MA,0.6527610840977224,0.8530041727895563,366.0,198.6206896551724,0.8,0.01289,96.0,975.0,0.0,0.0,0.0,0.0,0.0,0.0,0.0,0.0,1.0,Baixo Risco
cf3a178808312773d2d3b1846af1d43a8ad6d20ac5872c0822f0650b7d6930b1,4753900.0,SC,0.9891873384751384,1.0,932.0,166.25,0.91,0.11793,979.0,989.0,0.0,0.0,0.0,0.0,0.0,0.0,0.0,0.0,1.0,Baixo Risco
22bcb6f7aec2a60c3a1323907ab6ac7f39106f11ceec183f33dbc96c13d58e2a,4781400.0,SC,0.9879444902908951,0.8530041727895563,900.0,218.0,0.92,0.0,959.0,988.0,0.0,0.0,0.0,0.0,0.0,0.0,0.0,0.0,1.0,Baixo Risco
d0d90a09b17f3caecd3c49ce30f2346337a59ef619ba3e2e08f0efbc30e1411a,4781400.0,PR,1.0,0.8530041727895563,911.0,0.0,0.98,0.0,981.0,988.0,0.0,0.0,0.0,0.0,0.0,0.0,0.0,0.0,1.0,Baixo Risco
78bcc809c145232b0d29244b5207a3f0e7cec12fb1ba2171a268c151267f698b,4711302.0,PR,0.9453694211362929,0.8750036651574793,960.0,203.6153846153846,0.96,0.04053,982.0,988.0,0.0,0.0,0.0,0.0,0.0,0.0,0.0,0.0,1.0,Baixo Risco
264935b98a1642ce5f55fdde8e3416cc689f794495338d0b6ad44571e7a57b1f,4681805.0,Sem Info,0.96229785351616,0.8262946121094801,944.0,231.5862068965517,0.93,0.0,979.0,989.0,2.0,7574.83,7597.51,4.5,0.5,0.0,-22.67999999999995,42.5,1.0,Baixo Risco
73007e069e1fb1dd887b12e237e04620b947862578501f185fbf9dab0dcd206c,2063100.0,SP,0.882080373406573,0.2434703308030639,816.0,143.5897435897436,0.9,0.01281,979.0,988.0,0.0,0.0,0.0,0.0,0.0,0.0,0.0,0.0,1.0,Baixo Risco
cb741d0e73cbe4b4b38fc828a2de752ac92a714ea5a7140db506f0d81c1d0d2a,1412601.0,SC,0.2429332406898999,0.8530041727895563,354.0,131.72727272727272,0.85,0.07277,129.0,985.0,0.0,0.0,0.0,0.0,0.0,0.0,0.0,0.0,1.0,Baixo Risco
885084a1fade287de646154f37db2a72176b8c8f11565771567fd62bc45caf95,4789004.0,SC,0.7985919147273305,0.3956520459468441,873.0,138.375,0.96,0.12915,963.0,986.0,0.0,0.0,0.0,0.0,0.0,0.0,0.0,0.0,1.0,Baixo Risco
8c10e82b5602e4804702f876a340f7ace20012bc526a820fd7f27091e21fb9a9,4771701.0,PR,0.9485184479910076,0.8530041727895563,951.0,182.7692307692308,0.98,0.0,983.0,988.0,0.0,0.0,0.0,0.0,0.0,0.0,0.0,0.0,1.0,Baixo Risco
d824dd59c3d6b80c26566fc7d96ff4c93b34b05c20ba4843a54a358c4201affc,1340502.0,Sem Info,0.9852988030166812,0.948248410729284,957.0,253.28846153846155,0.97,0.0,979.0,989.0,0.0,0.0,0.0,0.0,0.0,0.0,0.0,0.0,1.0,Baixo Risco
0d991ac50e86597c4d121d13d31dada6d5731e6f1c6ae01e8a2979925bfb2287,4771701.0,PR,0.9652646748367472,1.0,950.0,193.61111111111111,0.99,0.07319,983.0,988.0,0.0,0.0,0.0,0.0,0.0,0.0,0.0,0.0,1.0,Baixo Risco
8ef6737d298b40e2c1406ecb6bf4c8c7d5d357beba8e91960d57e0c4b5f82cd3,4530701.0,PR,0.9182336372652974,0.940987428314837,935.0,169.5,0.94,0.06744,965.0,988.0,1.0,55943.81,55943.81,0.0,0.0,0.0,0.0,54.0,1.0,Baixo Risco
3de2c3b7782d6df92b6cadb1a2eae18694afe9eef6bf3424edc340229953a9ed,4530701.0,PR,0.9684764486591662,0.8769584695568859,935.0,231.3275862068965,0.96,0.0,979.0,987.0,3.0,3568.8500000000004,3568.8500000000004,0.6666666666666666,0.3333333333333333,0.0,0.0,57.333333333333336,1.0,Baixo Risco
6bd8fca5cfe0174a9ee973bc600710b0133c99ae1ebdba5c34aa52bf3e99e79c,4930202.0,Sem Info,0.8925932656329633,0.8530041727895563,767.0,228.4782608695652,0.89,0.03237,850.0,984.0,2.0,809.89,809.89,0.0,0.0,0.0,0.0,20.0,1.0,Baixo Risco
40c1285e3692716a312aaed9983375cf876467040d12156e9c2557d55aa61fb9,2219600.0,SC,0.8178104204212895,0.8530041727895563,785.0,218.17741935483872,0.92,0.44645,956.0,988.0,28.0,516310.38,309060.05,0.4642857142857143,0.2857142857142857,0.0,207250.33,36.892857142857146,1.0,Baixo Risco
fa3b553a4f0c360c27c1f1fcf21eb0b13a2bd822ed8060717e5d8c320d7f5914,1412601.0,SP,0.8372207736048343,0.8530041727895563,749.0,171.66666666666666,0.68,0.0,722.0,985.0,0.0,0.0,0.0,0.0,0.0,0.0,0.0,0.0,1.0,Baixo Risco
2820e73472cfd3e96c19b935b74dff735a7f8290b2e59975d7b89ab7f89b5f10,4771701.0,SP,0.9600207868471324,0.8466716163244904,953.0,211.0462962962963,0.98,0.01308,969.0,988.0,0.0,0.0,0.0,0.0,0.0,0.0,0.0,0.0,1.0,Baixo Risco
eb5de936c651e9d81fa151b45dd4d2e7b863c24dfad94145ecbab2254c0d1f9e,4691500.0,AP,0.7296821443560229,0.7756034257479871,728.0,108.88532110091744,0.91,0.27538,952.0,986.0,0.0,0.0,0.0,0.0,0.0,0.0,0.0,0.0,1.0,Baixo Risco
44fbb1ea6aea2fa692798df4b687464f57fa36bc21156763309a96ad59692b38,1012101.0,PR,0.770326220466596,0.8530041727895563,834.0,145.87012987012986,0.93,0.76878,979.0,988.0,0.0,0.0,0.0,0.0,0.0,0.0,0.0,0.0,1.0,Baixo Risco
88970870999096cd87222e3bfe0c269a055b7cb123b6be84d731796d5e30f59a,4691500.0,DF,0.94813099166395,0.9128753123056036,925.0,196.42696629213484,0.96,0.0,981.0,988.0,0.0,0.0,0.0,0.0,0.0,0.0,0.0,0.0,1.0,Baixo Risco
9afef0d5296637a374846803dda590f48a44f0e0d28335ee4a9d242d1b00c25b,4781400.0,SP,0.9693461033723084,0.8530041727895563,902.0,166.5,0.99,0.0,966.0,985.0,0.0,0.0,0.0,0.0,0.0,0.0,0.0,0.0,1.0,Baixo Risco
86b0b692c141ccc6e794e115936cae87c7d8325d4f657f320bb345b2448dd3f7,2592602.0,SP,0.989851297923993,0.9442759864570656,943.0,235.1304347826087,0.97,0.00136,981.0,989.0,0.0,0.0,0.0,0.0,0.0,0.0,0.0,0.0,1.0,Baixo Risco
b7356969b1bc55a360862f9e2888cd23f70a24ccf68ce482872f367a366d3475,4771701.0,PR,0.994600612284964,1.0,951.0,167.11111111111111,0.97,0.01108,979.0,987.0,0.0,0.0,0.0,0.0,0.0,0.0,0.0,0.0,1.0,Baixo Risco
5e2cbe888ed77b1e15b70030f47877539b9744d6dfc40915584f4cc80f3b8bcb,111302.0,RS,0.9495756994004064,0.9889846262016416,966.0,247.44827586206893,0.98,0.0,984.0,988.0,0.0,0.0,0.0,0.0,0.0,0.0,0.0,0.0,1.0,Baixo Risco
a9d1ee9648d1948b9679e93cf973782160d970d12e4e52c1dfd69c6273b1346c,4771701.0,PR,0.2726328592121901,0.8530041727895563,434.0,115.63636363636364,0.81,0.39172,70.0,792.0,0.0,0.0,0.0,0.0,0.0,0.0,0.0,0.0,1.0,Baixo Risco
bd551da4133daeba88ec1ca46c6aa1b5b43d2e4e75c381f2a507b3471537d87d,4781400.0,GO,0.908188384693114,0.8530041727895563,800.0,115.6,0.95,0.0322,955.0,987.0,0.0,0.0,0.0,0.0,0.0,0.0,0.0,0.0,1.0,Baixo Risco
7987242043847e2e5face5af8216a1af27bdb2d97e55060bc026e1ed14ec1fad,2943300.0,Sem Info,0.7748391771779067,0.9993147243066282,955.0,246.7894736842105,0.95,0.0,978.0,988.0,2.0,2010.0,2010.0,0.0,0.0,0.0,0.0,8.5,1.0,Baixo Risco
84aee5e8c53da012541b374d0497c9d32687e9cdd95ac2b8f620d1e947a3b620,2833000.0,RS,0.9652932982067676,0.5969565894845711,958.0,240.03521126760563,0.97,0.0507,981.0,989.0,0.0,0.0,0.0,0.0,0.0,0.0,0.0,0.0,1.0,Baixo Risco
65e7f89496fb1c30624ac9b2d62fbc9552f5b5a96afb60c4181ee5aa0b383319,4771701.0,PR,0.9516271458338752,1.0,911.0,240.16666666666663,0.94,0.0,960.0,987.0,0.0,0.0,0.0,0.0,0.0,0.0,0.0,0.0,1.0,Baixo Risco
600731ee3b31ddd21b64443b14684d2b95b888b29ff5826079e360ddf30a254d,4771701.0,PR,0.9972913291007022,0.8530041727895563,940.0,253.92592592592592,0.98,0.0,981.0,988.0,0.0,0.0,0.0,0.0,0.0,0.0,0.0,0.0,1.0,Baixo Risco
2448185102a81dfd99976ec246e09264748b58885eb8da2b7e36e130d7ca9fcd,4321500.0,SC,0.9180265920727037,0.8938851894304929,957.0,270.4347826086956,0.95,0.0,976.0,987.0,0.0,0.0,0.0,0.0,0.0,0.0,0.0,0.0,1.0,Baixo Risco
e8bb90867c305a4727fbbc62a51580aa49b98690bec600e5df5a37b7c4fc55d3,1091101.0,SP,0.9284452309417968,0.8666019817575418,817.0,175.39495798319328,0.88,0.01428,981.0,989.0,0.0,0.0,0.0,0.0,0.0,0.0,0.0,0.0,1.0,Baixo Risco
6c22008101528e56669fa5d33f140a080ca2179ac2c2846f739bddcfcd8e63da,4639701.0,PA,0.1714399693827129,0.6818968640017482,231.0,49.53875968992248,0.64,0.24949,94.0,972.0,69.0,64801.72,16539.67,47.231884057971016,0.782608695652174,0.0,48262.05,83.98550724637681,1.0,Baixo Risco
72dd13cbee2b3e3bf07eb49a5aab39b852b56a87a5398b616d01c4e6b8b13592,4679699.0,BA,0.8908057353208797,0.9138210453240028,964.0,191.47107438016528,0.97,0.02302,982.0,989.0,0.0,0.0,0.0,0.0,0.0,0.0,0.0,0.0,1.0,Baixo Risco
66b9b35bbf787aced3a404e95c212adf7debd14f4366fd11672a41f7afe9d542,4781400.0,BA,0.806132708223492,0.8530041727895563,902.0,82.65384615384616,0.94,0.08099,984.0,988.0,0.0,0.0,0.0,0.0,0.0,0.0,0.0,0.0,1.0,Baixo Risco
242ff53ad1a89f496c7306726b4e56c41e27469859ee8040f12bd2ebec42da9a,4771704.0,RS,0.9718022489289572,0.8535776875110704,945.0,213.0,0.99,0.0,978.0,988.0,0.0,0.0,0.0,0.0,0.0,0.0,0.0,0.0,1.0,Baixo Risco
b0e1046b8c358514553da7325bbf506414bf9a045732f51a0e83a9b836205898,4692300.0,RS,0.9293371525977492,0.7867650494956638,876.0,202.04,0.93,0.05897,982.0,989.0,0.0,0.0,0.0,0.0,0.0,0.0,0.0,0.0,1.0,Baixo Risco
0aa57c4ff0d6f83106f0c93c7f50f3c52d78d6b1b816c4791683020fb42708eb,2790299.0,PR,0.871338167082999,0.9906542459290903,906.0,252.875,0.95,0.05173,981.0,988.0,1.0,1552.05,1552.05,0.0,0.0,0.0,0.0,40.0,1.0,Baixo Risco
7a26ad2addd5a1b56313ca95fbc67e5e8e580c46405312f50507d3f4ddf0f8e3,4120400.0,RN,0.9525988509291092,0.8530041727895563,950.0,97.26666666666668,0.96,0.1753,978.0,989.0,0.0,0.0,0.0,0.0,0.0,0.0,0.0,0.0,1.0,Baixo Risco
03aa645c00de7228f276bd693054417f1d6ac185716a7a4247de02bf5173f819,4689301.0,SC,0.7842320116002299,0.4328564794956307,889.0,121.28571428571428,0.85,0.0,978.0,986.0,2.0,926222.85,538035.48,0.5,0.5,0.0,388187.37,61.5,1.0,Baixo Risco
4c6883ff57ef753d4c210a05a2d65c5fdaa2e1b17fc4f10f01a96e8835ac409b,4689399.0,SP,0.992050326282132,0.8530041727895563,900.0,148.0909090909091,0.94,0.0,927.0,988.0,0.0,0.0,0.0,0.0,0.0,0.0,0.0,0.0,1.0,Baixo Risco
7940310efb0d19608ebe647f47436bc64a82f588589c6e150a6b130885550d2b,4782201.0,PR,0.9232163964387994,0.05,935.0,192.02,0.97,0.00212,983.0,985.0,0.0,0.0,0.0,0.0,0.0,0.0,0.0,0.0,1.0,Baixo Risco
2d4fd03708a42e4d27dcb2f6f6c6d908cbd20c71a8cd59d1fa7edf41181dabf0,4644301.0,MA,0.9891823156168208,0.8989273738377178,961.0,258.2972972972973,0.98,0.00072,984.0,987.0,3.0,2096.69,2096.69,0.0,0.0,0.0,0.0,56.333333333333336,1.0,Baixo Risco
d49325b7e915c4ec65f5e4f91e58b77f5bf89c95f164c6e341f510f1b289e9c4,5611201.0,GO,0.978689380048154,0.8530041727895563,908.0,253.33333333333331,0.95,0.0,976.0,988.0,0.0,0.0,0.0,0.0,0.0,0.0,0.0,0.0,1.0,Baixo Risco
29e8077fcacdb8c7126a42d2fe1e58e6c1747735131b345b8c474861fb102ab3,4644301.0,SP,0.6963267216673563,0.6661743624979247,793.0,224.66666666666663,0.91,0.01355,915.0,985.0,1.0,369.2,369.2,0.0,0.0,0.0,0.0,45.0,1.0,Baixo Risco
271557e4f28e33d08eacb12b35709004f6b04f4763e4cf5a53b2fef2f5af23ca,4313400.0,PR,0.1223534205400455,0.8530041727895563,190.0,54.22222222222222,0.45,0.05708,457.0,921.0,0.0,0.0,0.0,0.0,0.0,0.0,0.0,0.0,1.0,Baixo Risco
4dba26bb408d344327ad366d693b7d03cf7de5de30ae5d0dc7a317f42b8ded26,4639701.0,SP,0.9022720511836716,0.9056168727724272,931.0,224.22222222222223,0.93,0.21423,978.0,989.0,0.0,0.0,0.0,0.0,0.0,0.0,0.0,0.0,1.0,Baixo Risco
bdc4798ac7da89b36a0d0a6c177d571a3c497c6033d9b9a53ee4366b027e1548,4781400.0,MT,0.9941701345581976,0.8530041727895563,956.0,175.5,0.86,0.0,972.0,988.0,0.0,0.0,0.0,0.0,0.0,0.0,0.0,0.0,1.0,Baixo Risco
f0a5ac9199d224c239374af175f02d6ca458ed45bb2d9fe3779c3198795a4547,2222600.0,SP,0.9763993054942316,0.3363114447596035,849.0,10.0,0.63,1.0,777.0,983.0,1.0,11815.0,11815.0,0.0,0.0,0.0,0.0,31.0,1.0,Baixo Risco
abe9fa31888e867557fd91dc1e6a60a6dd99c97d74bd457133379bb5dcdf383b,4782201.0,CE,0.9771451345526388,0.0778995964191152,961.0,186.0,0.9,0.16876,922.0,989.0,0.0,0.0,0.0,0.0,0.0,0.0,0.0,0.0,1.0,Baixo Risco
91af2445dcd87c7b10b649e5c25c993730156856b743ff05ea117a3d143ae8c4,4781400.0,MG,0.0934142813914672,0.8530041727895563,174.0,48.55555555555556,0.79,0.27104,149.0,885.0,0.0,0.0,0.0,0.0,0.0,0.0,0.0,0.0,1.0,Baixo Risco
6b61062caa086a6018d9bbcb2d59725269663efa12bcec9e8884ca3d6c59520e,4711302.0,RS,0.976652177013852,0.8530041727895563,936.0,223.83333333333331,0.96,0.00423,977.0,989.0,0.0,0.0,0.0,0.0,0.0,0.0,0.0,0.0,1.0,Baixo Risco
f84f6a931f842b1c8f3c84e09cf533afb9cef9a39c26830b18e508f5cba8b71b,1540800.0,Sem Info,0.9950087270034976,0.8530041727895563,780.0,187.0,0.74,0.02558,862.0,984.0,4.0,39393.47,39393.47,0.5,0.5,0.0,0.0,79.25,1.0,Baixo Risco
3311e1a1d6e584f4740ebf97d98aad9c0cb862726b5f425520ecc99f41d27403,4754703.0,SC,0.098320518441907,0.2841940848130788,114.0,122.88888888888889,0.6,0.12711,59.0,704.0,0.0,0.0,0.0,0.0,0.0,0.0,0.0,0.0,1.0,Baixo Risco
b9839bcdf9b71e8230670c5bfacdf9a1095245199a4798e2b5f02eee92ebb1ba,2710401.0,SP,0.8444019037687669,0.8530041727895563,792.0,149.625,0.9,0.13633,973.0,989.0,1.0,10016.65,10217.58,6.0,1.0,0.0,-200.9300000000003,34.0,1.0,Baixo Risco
a47ce52c75d91ca779a16777f80f78380a481b47e292071a1d130ebd715fab06,8599603.0,SP,0.9594636701468838,0.8530041727895563,778.0,205.5,0.93,0.0445,859.0,986.0,0.0,0.0,0.0,0.0,0.0,0.0,0.0,0.0,1.0,Baixo Risco
0f47d3cd69baa01507007a68e5fce913540b92ce40f0ce05557384630433a9db,4646001.0,RJ,0.2394499857635763,0.9591451114264544,269.0,78.65811965811966,0.38,0.10835,581.0,985.0,8.0,246950.66999999998,7897.67,17.0,0.25,0.125,239053.0,67.625,1.0,Baixo Risco
176424f334617d506f6fbb63911b560bc4956faf35b6b9d099758a953cc15f53,4755501.0,PE,0.6542303288178987,0.8530041727895563,787.0,114.33333333333331,0.87,0.0,810.0,973.0,0.0,0.0,0.0,0.0,0.0,0.0,0.0,0.0,1.0,Baixo Risco
4161bd190aab1b280e1b3a37a9d270b12c99700157ef9138bd214d290bdd6cf0,1091101.0,BA,0.9924791077531804,0.8883961966063263,958.0,234.8815789473684,0.94,0.02326,980.0,988.0,0.0,0.0,0.0,0.0,0.0,0.0,0.0,0.0,1.0,Baixo Risco
b4dedd894b952006fd38f4960b74e9b193a93fd6eb3ae35a6c83f6edad69bf8a,2813500.0,Sem Info,0.9520100598523972,0.8682267852011739,935.0,238.47368421052636,0.97,0.00026,980.0,989.0,2.0,7883.400000000001,7883.400000000001,0.0,0.0,0.0,0.0,97.5,1.0,Baixo Risco
21cbfa1e888f0e9143c89b385ff2c984c6bd1b848e5857e837aa2e5118255800,4641901.0,SP,0.9679537847824652,0.8530041727895563,573.0,159.6,0.76,0.0,855.0,988.0,0.0,0.0,0.0,0.0,0.0,0.0,0.0,0.0,1.0,Baixo Risco
1dc9cff8ba1c5afc40c4e6ed88265cf8e65b5a594034f5fad4da0011afece3dd,4686902.0,SP,0.4519914397093296,0.9670644257907454,196.0,40.0,0.43,0.0,215.0,696.0,1.0,2911.66,2911.66,0.0,0.0,0.0,0.0,27.0,1.0,Baixo Risco
586605a172717af6270164c729d3c22353cf392222477019a78de8a863d79f35,6920601.0,MG,0.9058423487565384,0.8530041727895563,180.0,0.0,0.93,0.0,185.0,505.0,0.0,0.0,0.0,0.0,0.0,0.0,0.0,0.0,1.0,Baixo Risco
3ec07317ab97562f635d394a755a2181c919ed5338d3bc47b1766b57570fb885,5611201.0,SC,0.8188776499855511,0.8530041727895563,602.0,101.92857142857144,0.87,0.14699,314.0,985.0,0.0,0.0,0.0,0.0,0.0,0.0,0.0,0.0,1.0,Baixo Risco
3694bcb61ad7fdc58eeec476e8f06aa2babee6541b2f0308e8116378a15992a8,4781400.0,GO,1.0,0.8530041727895563,965.0,256.09090909090907,0.98,0.0,984.0,988.0,0.0,0.0,0.0,0.0,0.0,0.0,0.0,0.0,1.0,Baixo Risco
197dd2efce9cafccf961b2e954a9b02579b72b6a96f447f406b21fcab9e98704,4782201.0,MG,0.8317380312324337,0.8530041727895563,876.0,210.5,0.96,0.0,899.0,985.0,0.0,0.0,0.0,0.0,0.0,0.0,0.0,0.0,1.0,Baixo Risco
e5f92e984e6a4e775d6bd0effee28a8dc6caf1c0339497d16252d6600aaae324,2222600.0,SP,0.8867649902204029,0.05,774.0,174.0958904109589,0.84,0.02978,978.0,988.0,1.0,10987.88,10987.88,0.0,0.0,0.0,0.0,35.0,1.0,Baixo Risco
d8fab739d22db3248b3125ce6ff18acfec49002220fbd97192a588c9e05ab388,4781400.0,Sem Info,0.9684623156177024,0.05,951.0,125.5,0.86,0.28631,944.0,987.0,0.0,0.0,0.0,0.0,0.0,0.0,0.0,0.0,1.0,Baixo Risco
421d221c08d3c1dcc830ca24eea86edca25f31a10caa600de5d685d751042a26,7490104.0,SP,0.2398272734988272,0.8530041727895563,259.0,82.625,0.52,0.34765,175.0,929.0,2.0,28116.800000000003,0.0,62.0,1.0,0.0,28116.800000000003,762.0,1.0,Baixo Risco
de864b7c011682f12f3b7d9cdf612a7cb0e4308eec40c6539bcd59366d6167dd,4729699.0,SP,0.8970163179505579,0.8025585337070515,847.0,144.3,0.91,0.00499,966.0,988.0,0.0,0.0,0.0,0.0,0.0,0.0,0.0,0.0,1.0,Baixo Risco
183a8d1e9d006e89deca062a38a8e6dff4ad14469a539b2caca2c49c86a72b0f,1822999.0,SP,0.7200756953292095,0.8530041727895563,138.0,214.0,0.78,0.0506,115.0,975.0,0.0,0.0,0.0,0.0,0.0,0.0,0.0,0.0,1.0,Baixo Risco
15e21f9e47ffd4099df94821ea1dd2e50e6ab0f29122cb4ef067ce6426555019,4781400.0,SP,0.9910898773490944,0.8530041727895563,943.0,201.5,0.99,0.0,977.0,988.0,0.0,0.0,0.0,0.0,0.0,0.0,0.0,0.0,1.0,Baixo Risco
fcad7f442064de55b081d955358cecdc9eaa363486bed08410ee5c85024acd96,5611203.0,SP,0.8359801755089251,0.8530041727895563,811.0,209.0,0.77,0.0,895.0,988.0,0.0,0.0,0.0,0.0,0.0,0.0,0.0,0.0,1.0,Baixo Risco
517df3ffd61d94722e52b4c9d3eec6bd93a7f277064e0ba4dde648e03ae8231c,4771701.0,PR,0.9686988353883684,0.8530041727895563,950.0,257.6666666666667,0.96,0.0,980.0,987.0,0.0,0.0,0.0,0.0,0.0,0.0,0.0,0.0,1.0,Baixo Risco
0e6c8491d8e1ad0b8f2df37ffe8634831872f599c0437a8219e833d5580b328e,4744005.0,BA,0.929238263759352,0.9406728137140138,802.0,153.83333333333334,0.57,0.0,924.0,988.0,0.0,0.0,0.0,0.0,0.0,0.0,0.0,0.0,1.0,Baixo Risco
3000e7c42ebaaabb6ad2d7b538468f6cad4f3db5db538ed6582e20bbe1e6311b,4771701.0,PR,0.8653012196369643,0.9375469793096608,954.0,189.27272727272728,0.97,0.09097,983.0,988.0,0.0,0.0,0.0,0.0,0.0,0.0,0.0,0.0,1.0,Baixo Risco
642bc7baca239828a5d88373640fc336939327ae508b9ff588c69d31be8933d2,2949201.0,RJ,0.9360645523692144,0.8530041727895563,780.0,276.1456953642384,0.91,0.01014,979.0,989.0,0.0,0.0,0.0,0.0,0.0,0.0,0.0,0.0,1.0,Baixo Risco
b159b7ade4009eef4afdd6e45d045208bdec2faff5144968c2ca2b5ebd151f8a,2824101.0,AM,0.7219326920490764,0.9331784053013836,923.0,146.75555555555556,0.89,0.39965,971.0,987.0,0.0,0.0,0.0,0.0,0.0,0.0,0.0,0.0,1.0,Baixo Risco
b1687928b0adba78f788a7aedb3dfe37fcff18a70d587552a990ddb216695f24,4632001.0,SP,0.943504804734592,0.9108782312898314,941.0,205.6451612903226,0.96,0.16562,973.0,989.0,0.0,0.0,0.0,0.0,0.0,0.0,0.0,0.0,1.0,Baixo Risco
6433124f8a153f9edc1f902f8bcbf76936b36d075258de5542bfb1168008b9e8,2790299.0,SP,0.6877308476768272,0.9908392489725794,791.0,246.50819672131144,0.76,0.0133,978.0,989.0,2.0,18064.57,7989.66,0.0,0.0,0.0,10074.91,29.5,1.0,Baixo Risco
f4652e1bf28262b6a376b93b84ff4daf7788f5ca5be3c96f0f95bc5845900a6e,6920601.0,SP,0.3917657295914731,0.8530041727895563,144.0,30.0,0.67,0.0,118.0,710.0,0.0,0.0,0.0,0.0,0.0,0.0,0.0,0.0,1.0,Baixo Risco
b2cce4cd758e53e14f9b118bdb796635066d7183d880a9c127201f6b9a92b665,4663000.0,SP,0.863909886185736,1.0,911.0,178.1875,0.96,0.19929,968.0,986.0,1.0,683.04,0.0,8.0,1.0,0.0,683.04,8.0,1.0,Baixo Risco
1fe631902fbb984c9a3dd14e9186795139b9497451ec8c9c41bcadf3e7435ae7,4781400.0,CE,1.0,0.5506105017836165,924.0,0.0,0.98,0.0,941.0,986.0,0.0,0.0,0.0,0.0,0.0,0.0,0.0,0.0,1.0,Baixo Risco
4f78bcea7a3af8f4d5357a3ee64e327b77bfe68c72d2849bdf200d871646ad7e,4771701.0,PR,0.9786226700710572,0.8530041727895563,963.0,251.8,0.98,0.01723,983.0,989.0,0.0,0.0,0.0,0.0,0.0,0.0,0.0,0.0,1.0,Baixo Risco
999dbd72a88e06fe3adc002506bd2ddbdae8c1e732c855ee635b145d08dfe76e,2330305.0,SP,0.2231808679676066,0.844588221960988,175.0,53.624413145539904,0.6,0.297,88.0,975.0,1.0,4037.5,4037.5,0.0,0.0,0.0,0.0,27.0,1.0,Baixo Risco
bf3ce14281ac6c51efa8abdaa0e1bfff3b6d5982db06827f21c30cd7dcbf4eea,1066000.0,SP,0.9654167405336078,0.1902349958581048,850.0,180.92,0.93,0.00528,976.0,987.0,5.0,3500.75,3500.75,1.2,0.6,0.0,0.0,31.4,1.0,Baixo Risco
e6242166b419c426e1638c7eb748154b34af23005c88758a3fe814ba63ab1004,7732201.0,MG,0.7389758570846693,0.5816742537399796,780.0,193.390243902439,0.8,0.13568,970.0,988.0,2.0,5280.35,5280.35,0.0,0.0,0.0,0.0,151.5,1.0,Baixo Risco
aecde72cde913966f0f6931846d586a1621534c301f47f1a8c15136a53efcbad,4781400.0,MG,0.9139703716901024,0.8530041727895563,899.0,137.3,0.96,0.16649,972.0,988.0,0.0,0.0,0.0,0.0,0.0,0.0,0.0,0.0,1.0,Baixo Risco
324f98945f61bc4493cf59ebfce36378098b4be3d4c4be15ebc89e9e1b443c70,4711302.0,GO,0.9576725990616136,0.8530041727895563,728.0,154.34782608695653,0.96,0.0,970.0,989.0,0.0,0.0,0.0,0.0,0.0,0.0,0.0,0.0,1.0,Baixo Risco
f1a5ee8b7b451812bddbb67a84d16e0d1bda5e0b7c4bf24dad19d2d4a7f2a925,4691500.0,MG,0.9875723097200804,0.9176531585424348,865.0,147.26315789473685,0.93,0.00916,952.0,988.0,0.0,0.0,0.0,0.0,0.0,0.0,0.0,0.0,1.0,Baixo Risco
f77ca405a3e69c050274ee930e83bc96d4e2ba7e9b700907ba52f95b943400fb,4771701.0,PR,0.9772256838640891,0.8530041727895563,964.0,226.33333333333331,0.98,0.05559,979.0,988.0,0.0,0.0,0.0,0.0,0.0,0.0,0.0,0.0,1.0,Baixo Risco
914dbac875a24c4dd8a71e980a49030a0ed47149073b7c68b5a380dd59e106f2,1412601.0,SC,0.9007784648961552,0.8530041727895563,946.0,261.25,0.93,0.0,978.0,988.0,0.0,0.0,0.0,0.0,0.0,0.0,0.0,0.0,1.0,Baixo Risco
46de7541a2bade19f1cb82878ca54cb1f2ab24b7130d60104ee1d3e5717b6777,2751100.0,MG,0.9546109295800664,0.8530041727895563,897.0,187.78453038674036,0.96,0.0729,955.0,989.0,0.0,0.0,0.0,0.0,0.0,0.0,0.0,0.0,1.0,Baixo Risco
79a3731857d8a1b92979b17e11318ccb7593a242378e8dd561519e5232527fd9,4691500.0,Sem Info,0.953482388284594,0.9324863956546569,961.0,263.55913978494624,0.98,0.0,983.0,989.0,0.0,0.0,0.0,0.0,0.0,0.0,0.0,0.0,1.0,Baixo Risco
9a67441a994cb91bcb3be3f0c31953fca9f297ee823f634eaacbed3ae61e5e0d,4211101.0,MG,0.7914119231997812,0.8530041727895563,609.0,120.43816631130063,0.89,0.01226,957.0,988.0,0.0,0.0,0.0,0.0,0.0,0.0,0.0,0.0,1.0,Baixo Risco
46181f98b1fccb17db07b40932ec7fb95d33bf8df28982392b860cd16af43cfd,4781400.0,SC,0.98501263453682,0.7354581093098262,957.0,235.76666666666668,0.98,0.0,983.0,986.0,0.0,0.0,0.0,0.0,0.0,0.0,0.0,0.0,1.0,Baixo Risco
692f4a39b00b8af6fc4a4b7f051b08b50c2eebc16d699de74ff0977e81bc0388,4642701.0,RN,0.2288897763558498,0.5544866588547996,183.0,56.142857142857146,0.73,0.28152,327.0,972.0,0.0,0.0,0.0,0.0,0.0,0.0,0.0,0.0,1.0,Baixo Risco
f2ed177f3b56c6cf7ca5b53aff7b491b4dc0562db65ad9d1ad8dbbb6a2d453f4,4619200.0,SP,0.9807328880064384,0.9339809962549356,909.0,230.66666666666663,0.87,0.0,976.0,987.0,3.0,47100.49,47100.49,0.0,0.0,0.0,0.0,39.666666666666664,1.0,Baixo Risco
4d1fd200c070ff4428de7938ecd182ef6776f3f1044e998a9c6d475c856719c2,4771701.0,PR,0.9858067701351192,0.8530041727895563,953.0,219.82142857142856,0.99,0.00078,981.0,988.0,0.0,0.0,0.0,0.0,0.0,0.0,0.0,0.0,1.0,Baixo Risco
5e0cdd86159c17f9050a31c55da07cc80e8a67527f562ca2be8c1474d136b24e,4781400.0,MG,0.9946914627263008,0.8530041727895563,964.0,10.0,0.94,1.0,983.0,988.0,0.0,0.0,0.0,0.0,0.0,0.0,0.0,0.0,1.0,Baixo Risco
8579c17df7012f440d44dd3fc1e94ab09984292429ad3f57f1e58d08ca1fcc15,4761003.0,PE,0.5127173154853711,1.0,675.0,107.13333333333334,0.9,0.32012,933.0,933.0,0.0,0.0,0.0,0.0,0.0,0.0,0.0,0.0,1.0,Baixo Risco
0291a2ae8a68779722d9a04ea4a5ffeb44460a3f06cfef776f9628e42dd8d092,2013402.0,ES,0.2991338991574617,0.8530041727895563,267.0,123.41208791208793,0.61,0.01472,197.0,942.0,1.0,24671.76,24671.76,0.0,0.0,0.0,0.0,90.0,1.0,Baixo Risco
f7b8669dc2162230b7ad4ed4f6c1bda2c0deb2c013905f2a1db6e27b6986ed45,4645101.0,SP,0.747577082910503,0.6021974924223343,795.0,255.1,0.91,0.0,972.0,987.0,1.0,564.78,564.78,0.0,0.0,0.0,0.0,28.0,1.0,Baixo Risco
663a9ce8b5d2d05daed465fb775b8f4c04b080ea3e94d7823d72899c3e3bb005,141501.0,MT,0.799093507409346,0.4768940689095607,561.0,167.88349514563106,0.8,0.00131,876.0,988.0,0.0,0.0,0.0,0.0,0.0,0.0,0.0,0.0,1.0,Baixo Risco
a36a327ca6c40ec608ab18162bd8daf7950824ef924217bd146b3a76dd7dfeec,6462000.0,SP,0.705202718857883,0.8530041727895563,943.0,237.0,0.86,0.27322,957.0,989.0,0.0,0.0,0.0,0.0,0.0,0.0,0.0,0.0,1.0,Baixo Risco
06b6e1b4af9fe1f6d970880ebc8be52e840a9ba93fe5333b18622c1c4c306280,4782201.0,MG,0.9133753457150046,0.8530041727895563,917.0,212.45454545454547,0.92,0.06751,981.0,988.0,0.0,0.0,0.0,0.0,0.0,0.0,0.0,0.0,1.0,Baixo Risco
3a0e4e4927bc6fc121b4873a19afb5e1e36ad0e79628152274031c58440760f8,5510801.0,Sem Info,0.929670699963624,1.0,960.0,229.93406593406596,0.98,0.17813,981.0,989.0,0.0,0.0,0.0,0.0,0.0,0.0,0.0,0.0,1.0,Baixo Risco
6afd09f996468699ba524860a1761bb1b540ad4ad4896785b2285614ef51c92a,2019399.0,BA,0.9865586348543948,0.8604428064108978,907.0,224.0247933884297,0.96,0.00012,980.0,986.0,1.0,38198.19,38198.19,0.0,0.0,0.0,0.0,28.0,1.0,Baixo Risco
5c76857b059f0906bdce70e44beec10e2e1a1f3c344d6428498d391ed6d7492b,4781400.0,SC,0.7331361250079065,0.8530041727895563,944.0,198.5,0.95,0.05325,976.0,987.0,0.0,0.0,0.0,0.0,0.0,0.0,0.0,0.0,1.0,Baixo Risco
a1c92072fe22918dbc664942389bb74406e5c25da26e3c287d649c55f21d77e2,2831300.0,RS,0.927476078709264,0.9201538643284096,932.0,190.61052631578949,0.94,0.00973,983.0,989.0,0.0,0.0,0.0,0.0,0.0,0.0,0.0,0.0,1.0,Baixo Risco
1fae763e12e03bd2be60a382a0a8178b69c8b43d4d99558bf6bef004a8e76646,6550200.0,PE,0.9044730869995126,0.7543108669769332,780.0,140.76991150442478,0.84,0.04534,955.0,989.0,0.0,0.0,0.0,0.0,0.0,0.0,0.0,0.0,1.0,Baixo Risco
482d055422188d0f2b7bafc835eba93efc245123c2c55f69d512adae85f72ac4,4781400.0,PE,0.5360768190625893,0.8530041727895563,422.0,136.83333333333334,0.9,0.26956,694.0,985.0,0.0,0.0,0.0,0.0,0.0,0.0,0.0,0.0,1.0,Baixo Risco
ab2f19bee6c3e95110df3190bdae6c0ce751c1f0cd1d440a70d5f69c777353e1,4781400.0,MS,1.0,0.8530041727895563,936.0,0.0,0.98,0.0,962.0,988.0,0.0,0.0,0.0,0.0,0.0,0.0,0.0,0.0,1.0,Baixo Risco
8ac231c6e22c59092b64548b843a46d1984f096c17146d823d7801647ea914ba,4689399.0,SP,0.5244986935261744,0.4586039691815299,511.0,103.16666666666669,0.79,0.94432,167.0,966.0,1.0,4309.67,4309.67,0.0,0.0,0.0,0.0,19.0,1.0,Baixo Risco
52481647c018e537dc00110244d0d404ee4c9de5eb3f5df2ba737a37e750de12,2229399.0,SP,0.6484502965440594,0.9898155842896164,188.0,129.52830188679246,0.73,0.0755,835.0,985.0,1.0,9777.6,9777.6,0.0,0.0,0.0,0.0,28.0,1.0,Baixo Risco
3d2f218bd36da959c8d6e61505087798ee4026d4b32bda760ebb0a94f3616a0f,2121101.0,Sem Info,0.7211725574760162,0.6448057259446235,866.0,188.52808988764045,0.93,0.32258,927.0,986.0,1.0,3509.65,0.0,33.0,1.0,0.0,3509.65,99.0,1.0,Baixo Risco
d1b79fbe614b3f9e9a321e8b9b4339d726157f08c02822414aa599a9b6b2f6d1,4530703.0,SP,0.8767570483896712,1.0,654.0,120.0909090909091,0.9,0.08799,932.0,986.0,0.0,0.0,0.0,0.0,0.0,0.0,0.0,0.0,1.0,Baixo Risco
22af6b01d452e9be10012158052a801fa190b9ba88d63d07d6b777db89b67d90,8020001.0,SC,0.7642128769790713,0.7727454363578812,698.0,94.93525179856115,0.87,0.08487,909.0,986.0,0.0,0.0,0.0,0.0,0.0,0.0,0.0,0.0,1.0,Baixo Risco
38e8fdf432c05a5e4ad96c2345444a2dcaa2bc408919f760ce9aba6f63b05d53,4781400.0,SP,0.7188083931571947,0.8530041727895563,910.0,167.14285714285714,0.9,0.59592,523.0,979.0,0.0,0.0,0.0,0.0,0.0,0.0,0.0,0.0,1.0,Baixo Risco
ca644d16312c5786b6796d2f6421e866af2e26f5ae806c797c0974e2150e41ae,2229302.0,SP,0.9405121658012928,0.853323251230737,912.0,210.16216216216216,0.96,0.0,980.0,988.0,3.0,36368.0,0.0,10.333333333333334,1.0,0.0,36368.0,98.66666666666667,1.0,Baixo Risco
103ba3b718da4121e4f84b9efc6e9827fa6b0224347683f8cf7c7ce2ac8a46c9,1412601.0,SC,0.7125984621061566,0.7754778448420383,922.0,194.8695652173913,0.92,0.0,981.0,989.0,0.0,0.0,0.0,0.0,0.0,0.0,0.0,0.0,1.0,Baixo Risco
adb6f0c2c23f1ea1d144d8082c980a23c3247bae34ef86c5546e8bded2460b7f,6110803.0,SP,0.588423458257844,0.6168627284038547,595.0,59.523809523809526,0.87,0.37696,573.0,985.0,0.0,0.0,0.0,0.0,0.0,0.0,0.0,0.0,1.0,Baixo Risco
d7f021d0447945bd35aaf5f5219eb7887dfc22cce01a0849f99a10f303cbb06c,1731100.0,PR,0.301050644523807,0.7994975137221157,374.0,67.22222222222223,0.6,0.15588,416.0,976.0,2.0,3260.25,3260.25,0.0,0.0,0.0,0.0,28.0,1.0,Baixo Risco
e12b440356881aa3dff6c3b5c1c238b73e81af5e52bc16aafa46d354fc46333a,4771704.0,RJ,0.115079092933225,0.8530041727895563,87.0,91.7719298245614,0.42,0.1927,71.0,748.0,0.0,0.0,0.0,0.0,0.0,0.0,0.0,0.0,1.0,Baixo Risco
7c3393a8736d5912224dcbf8133b981d73f9a73f204a4c8ef968e3735895d88c,4782201.0,PA,0.9454444801382622,0.8530041727895563,951.0,145.875,0.99,0.0,967.0,988.0,0.0,0.0,0.0,0.0,0.0,0.0,0.0,0.0,1.0,Baixo Risco
313700cce94a05c8e161b509d8d84b87472bc900c415e3c4e5f68fd098c5db57,4711302.0,GO,0.9676440801699449,0.8488690745049465,917.0,227.7094017094017,0.98,0.02055,976.0,988.0,0.0,0.0,0.0,0.0,0.0,0.0,0.0,0.0,1.0,Baixo Risco
71f7b6fdfdf861a20ee1715abccf2ba5d8c62210f73cd1f329c861a33774dc52,2451200.0,SC,0.8499429491106388,0.3569865610850815,597.0,143.0,0.8,0.0,894.0,984.0,1.0,34167.43,34167.43,0.0,0.0,0.0,0.0,56.0,1.0,Baixo Risco
b29e811b5b507b154b522b8a96974058f2806db6209c7fe8256b4c9f5e263fe5,4771701.0,PR,0.9996526838436062,0.8530041727895563,916.0,11.0,0.97,1.0,980.0,989.0,0.0,0.0,0.0,0.0,0.0,0.0,0.0,0.0,1.0,Baixo Risco
7cdb1f2893d674a7456c697834e2769553758f6298b438d239a03dda3e5e474a,4781400.0,MA,0.9782982951569972,0.8530041727895563,957.0,211.72413793103448,1.0,0.0312,978.0,988.0,0.0,0.0,0.0,0.0,0.0,0.0,0.0,0.0,1.0,Baixo Risco
055871b50374b32601d8e6dcc3d82dd71873bb1c65ae440b3e86183c2988b5c4,4771701.0,PR,0.9767390165741324,0.8530041727895563,950.0,155.06666666666666,0.98,0.01676,982.0,988.0,0.0,0.0,0.0,0.0,0.0,0.0,0.0,0.0,1.0,Baixo Risco
c8d6bcd7731fde23158a515c411988bb676b38a746f08bd8bb3d922efc03d992,4781400.0,MS,0.96556898371833,0.8530041727895563,790.0,94.5,0.95,0.0,916.0,987.0,0.0,0.0,0.0,0.0,0.0,0.0,0.0,0.0,1.0,Baixo Risco
93c8c1442fed49ff535f24ea2ea81752a2414c0263c449f241c269741f47b63b,4781400.0,MG,0.9212510099894848,0.8530041727895563,914.0,170.0,0.9,0.0,976.0,989.0,0.0,0.0,0.0,0.0,0.0,0.0,0.0,0.0,1.0,Baixo Risco
7b3fb7919718625b168a81446ec31f3a9ddde834e8c1586c8135da0ff8ced742,4781400.0,TO,0.6640939722008914,0.8530041727895563,811.0,231.75,0.86,0.66073,712.0,983.0,0.0,0.0,0.0,0.0,0.0,0.0,0.0,0.0,1.0,Baixo Risco
d65b9d518899cd0ea6c899987c2d4794c5a53a737c604b6920249dca01e0004f,4755502.0,PR,0.93935535951253,0.8530041727895563,949.0,111.4,0.96,0.0,976.0,988.0,0.0,0.0,0.0,0.0,0.0,0.0,0.0,0.0,1.0,Baixo Risco
17ad8a7a2df9a9315698f4c8b2ef5fb7bc1d60b50162f713b752dce268ead840,4711302.0,PA,0.9275241430919172,0.8530041727895563,898.0,175.1492537313433,0.97,0.10583,973.0,989.0,0.0,0.0,0.0,0.0,0.0,0.0,0.0,0.0,1.0,Baixo Risco
1968f24962d633426eeef30ac4388a034b023f78663bd71567dc02636405d77e,4679699.0,SP,0.937194746753112,0.9785992545817298,960.0,240.9135802469136,0.95,0.06553,983.0,988.0,0.0,0.0,0.0,0.0,0.0,0.0,0.0,0.0,1.0,Baixo Risco
4798e7d338834fd26fe1790d8c9e83614aebad4a3102ad535d0f1832ce0aaf28,4781400.0,MG,0.2223711800354778,0.8530041727895563,149.0,102.92753623188406,0.85,0.28849,129.0,938.0,0.0,0.0,0.0,0.0,0.0,0.0,0.0,0.0,1.0,Baixo Risco
7612cd747341949636f5dd32aa209a1024cbe3c58112035ea0d4b1d6c8f6cd55,4789004.0,BA,0.2425520338330826,0.8530041727895563,622.0,211.0,0.73,0.3344,575.0,940.0,0.0,0.0,0.0,0.0,0.0,0.0,0.0,0.0,1.0,Baixo Risco
de790120d2bd0a48222f9b03d1b4261c9146e2de22813dc00d2c0f1ffb8b3f76,4781400.0,SP,0.0833916035779059,0.05,104.0,88.88888888888889,0.34,0.07191,53.0,817.0,2.0,2728.0,2728.0,0.0,0.0,0.0,0.0,35.0,1.0,Baixo Risco
a9fdb492eff98fca7d75ec062c746c91490c1aaaa428cd28aaf59b2167f81b0f,8291100.0,BA,0.5290629879230536,0.8530041727895563,830.0,174.41666666666666,0.58,0.05668,957.0,966.0,1.0,967.91,967.91,0.0,0.0,0.0,0.0,52.0,1.0,Baixo Risco
c2af45e9be8dc795ac16cb2f48cf0d9d45b58c38c0162d7165a72efef988a77d,4771701.0,PR,0.991943575124914,0.8530041727895563,933.0,252.75,0.97,0.0,981.0,989.0,0.0,0.0,0.0,0.0,0.0,0.0,0.0,0.0,1.0,Baixo Risco
8a809ccb9b1f5ec1c753c54d73862e8436f95658833ecbce136df5b47b4846aa,6110803.0,SP,0.4545031229771321,0.651130053659053,333.0,99.27837259100644,0.77,0.1218,785.0,986.0,0.0,0.0,0.0,0.0,0.0,0.0,0.0,0.0,1.0,Baixo Risco
828653877b5b371d3953429e6ad2b9b16473b8edfc4ca3afe94e32dbd95f7119,2424502.0,SP,0.8645820925119011,1.0,780.0,26.5,0.82,0.0,949.0,989.0,1.0,41994.33,41994.33,2.0,1.0,0.0,0.0,32.0,1.0,Baixo Risco
783adae4245129b9b0765d6f7d7a3c240c0a67d24ab6487fb0929ca99220abb0,4771701.0,PR,0.9928635340470132,0.8530041727895563,961.0,264.2903225806452,0.97,0.0,976.0,988.0,0.0,0.0,0.0,0.0,0.0,0.0,0.0,0.0,1.0,Baixo Risco
61cb5d0deab0aebbc30d430c568543ea5c1f3e36a8af97da699d6f1f908c04fa,600001.0,RN,0.05,0.8530041727895563,101.0,106.26470588235294,0.22,0.01244,40.0,378.0,0.0,0.0,0.0,0.0,0.0,0.0,0.0,0.0,1.0,Baixo Risco
e743888ab7b7100e45dbf20a71fd0a9d0ac4ce9bb0627fe68fd77932f434adab,4722901.0,GO,0.9070556625859336,0.8530041727895563,963.0,181.66666666666663,0.95,0.0,976.0,988.0,0.0,0.0,0.0,0.0,0.0,0.0,0.0,0.0,1.0,Baixo Risco
900e6df151494b9fd8135e72ce80322433ff8b08a35b4451f20ef54681279dba,4684201.0,SP,0.9964514924625094,0.7919788282426976,949.0,158.66666666666666,0.91,0.0,950.0,988.0,2.0,20542.9,20542.9,0.5,0.5,0.0,0.0,48.0,1.0,Baixo Risco
a02097442841529ba199a2d72506075526d2bb57254bad99d3f9897b88553c03,4771701.0,PR,0.9074605830504398,0.8530041727895563,905.0,137.26666666666668,0.96,0.24978,982.0,986.0,0.0,0.0,0.0,0.0,0.0,0.0,0.0,0.0,1.0,Baixo Risco
3de01ce557a4da55175f5f12935b735a8524ce3a2059511ded25749eec99a3d6,8690901.0,RJ,0.9843011429930314,0.7059784384188174,934.0,197.64864864864865,0.97,0.00586,982.0,987.0,0.0,0.0,0.0,0.0,0.0,0.0,0.0,0.0,1.0,Baixo Risco
285943680181475ba4f76f44d6bd9c0f9cdc839c19637cd27933602df48c226a,4781400.0,MG,0.9362135946511052,0.8530041727895563,966.0,214.88888888888889,0.98,0.30269,979.0,986.0,0.0,0.0,0.0,0.0,0.0,0.0,0.0,0.0,1.0,Baixo Risco
a78b739b13a5d6f271422d9a680d70e262a2058d57ee403cf94c258cb3955a48,4761003.0,RJ,0.9955653838691156,0.8530041727895563,912.0,136.33333333333334,0.95,0.0,966.0,988.0,0.0,0.0,0.0,0.0,0.0,0.0,0.0,0.0,1.0,Baixo Risco
df715ee95cc74e4a9c7a1516ec663cf72202ec053d5ddaa3b7df782cd1a1351a,4771701.0,PR,0.8060947781831437,0.8530041727895563,868.0,163.47619047619048,0.97,0.06193,962.0,987.0,0.0,0.0,0.0,0.0,0.0,0.0,0.0,0.0,1.0,Baixo Risco
d88bb220e04720310a0333d449fa2fcc8eb010af1cd0f102bb002909a7499005,4771701.0,PR,0.9337889651038428,0.8530041727895563,959.0,239.725,0.98,0.02439,978.0,988.0,0.0,0.0,0.0,0.0,0.0,0.0,0.0,0.0,1.0,Baixo Risco
783c1fc9a15bdc92c3ff729f96c8606324419cbde8bbfb8b92209b3bb9392bcc,4649401.0,Sem Info,0.7136534391892944,0.176874279806544,706.0,91.41666666666669,0.71,0.0,722.0,986.0,3.0,74537.29000000001,9640.0,9.666666666666666,0.3333333333333333,0.0,64897.29,51.0,1.0,Baixo Risco
20ab835f0f75a274ee3209ebc45fb0b76c6c2461d0010cff696bc82fc3277797,4120400.0,RJ,0.6287674155707489,0.8530041727895563,475.0,172.55980861244018,0.82,0.07557,937.0,988.0,0.0,0.0,0.0,0.0,0.0,0.0,0.0,0.0,1.0,Baixo Risco
b52d6702fc2bfd364556dc40f5152760fc7f278455db15b3855548168332867a,2222600.0,AM,0.9298439596318095,0.925062480818282,907.0,213.275,0.9,0.03323,978.0,989.0,0.0,0.0,0.0,0.0,0.0,0.0,0.0,0.0,1.0,Baixo Risco
eec48303a63f5e2399f78bd0103656ec905a37ca57060ad7d132f7e2269a9d6d,2212900.0,MG,0.939267261517707,0.926753234066685,881.0,102.0,0.96,0.13061,976.0,989.0,0.0,0.0,0.0,0.0,0.0,0.0,0.0,0.0,1.0,Baixo Risco
6fc1fd9df8da803a760ed8853dc2ff668e3ea2d7f66367257b228847312e4e77,3092000.0,SC,0.2521683895761057,0.5321815150777398,167.0,97.17021276595744,0.61,0.18966,40.0,909.0,1.0,916.56,963.84,12.0,1.0,0.0,-47.280000000000086,102.0,1.0,Baixo Risco
39529d2d8f323731735e1b13a7f041dba45e8e301b3557e3f1b8be006490db11,4781400.0,MS,0.9209687825471492,0.8530041727895563,940.0,193.0,0.96,0.0,978.0,987.0,0.0,0.0,0.0,0.0,0.0,0.0,0.0,0.0,1.0,Baixo Risco
c72dff3cf719ca6c98f9d85c0b32835807e3567dc40c73949d6c9d31cd1cc8af,1091101.0,SP,0.936990010196522,0.854367044444995,960.0,256.42857142857144,0.99,0.0,981.0,988.0,0.0,0.0,0.0,0.0,0.0,0.0,0.0,0.0,1.0,Baixo Risco
fb2ffbb4325159b1892ef02266434c9557f1aa4cbe92f22522df3453149b2f15,4679699.0,Sem Info,0.9404848663866616,0.8031592961430936,950.0,214.3452380952381,0.98,0.16608,982.0,988.0,0.0,0.0,0.0,0.0,0.0,0.0,0.0,0.0,1.0,Baixo Risco
ab3ccc3a696a7093c999d04e4b87171bf2d964acc0d2978cd3d795f02aa680d8,5611201.0,GO,0.9091365691300882,1.0,933.0,204.1,0.89,0.39277,875.0,986.0,0.0,0.0,0.0,0.0,0.0,0.0,0.0,0.0,1.0,Baixo Risco
8acf029708d7e5ca2b643e9c7d18e9a85c59398ec29657b48fd22b789f6c14f9,2441502.0,PR,0.9155331839585368,0.8759165590113333,940.0,109.06756756756756,0.93,0.49484,984.0,988.0,0.0,0.0,0.0,0.0,0.0,0.0,0.0,0.0,1.0,Baixo Risco
9189d5f1d4dd7af7d4c143d0b67feff97896d860c7c9644bcfb75191609b776d,4771701.0,SP,0.9846343743380268,1.0,964.0,217.94736842105263,0.98,0.0351,983.0,989.0,0.0,0.0,0.0,0.0,0.0,0.0,0.0,0.0,1.0,Baixo Risco
100d2e2d2f6c291188e1f3d74d4f0b9d5743843498a4d4a16bcd6b0452d36836,5611205.0,Sem Info,0.915645132443814,0.8530041727895563,871.0,0.0,0.84,0.0,764.0,978.0,0.0,0.0,0.0,0.0,0.0,0.0,0.0,0.0,1.0,Baixo Risco
8bf3f9e2ee425abe94ce08875a72c4d6751ed0b9737df615151afa85fd976d5f,1412601.0,SP,0.9638512890227252,0.8237835818427798,956.0,227.52631578947367,0.94,0.0,983.0,988.0,0.0,0.0,0.0,0.0,0.0,0.0,0.0,0.0,1.0,Baixo Risco
fe5a1244f75f5f04fb86cebdcac63cb3fdf82e501f6f4a287caa6c1b0109d8ac,4711302.0,GO,0.944605919833834,0.889104454887132,943.0,188.54761904761904,0.94,0.05387,982.0,989.0,0.0,0.0,0.0,0.0,0.0,0.0,0.0,0.0,1.0,Baixo Risco
88d7a6c1fd6f423947cde1ca1d0b1a403cbcd1c6cdbbf9e9084014fc3980f913,4711302.0,PR,0.964566092020168,1.0,933.0,225.8636363636364,0.95,0.15482,976.0,989.0,0.0,0.0,0.0,0.0,0.0,0.0,0.0,0.0,1.0,Baixo Risco
edb2d2d289f63fb84114b2f5ecdbb00d7c2adce3392eb966796b2445084429b2,4744001.0,MS,0.9758162895909938,0.7067538592997936,954.0,254.8,0.94,0.0,980.0,988.0,0.0,0.0,0.0,0.0,0.0,0.0,0.0,0.0,1.0,Baixo Risco
b6908d7534f212f945737f175997d487fe9f4aca693c3e4743e73d27f0f767f9,4756300.0,PR,0.9810127214441062,0.8530041727895563,940.0,282.4761904761905,0.94,0.01881,964.0,988.0,0.0,0.0,0.0,0.0,0.0,0.0,0.0,0.0,1.0,Baixo Risco
c1a790cf3c5fbc87a4205cc160d2fc44e732ac90250eafaa8475ed2f978550f5,4729699.0,SP,1.0,0.8530041727895563,947.0,231.2,0.96,0.0,912.0,984.0,0.0,0.0,0.0,0.0,0.0,0.0,0.0,0.0,1.0,Baixo Risco
9135140a05d32056b8e0a3fdfb106f0e4d13a15c9cfee788d8d794b05816c5fb,4712100.0,MG,0.9454168093553796,0.8530041727895563,961.0,117.97560975609755,0.96,0.07061,968.0,989.0,0.0,0.0,0.0,0.0,0.0,0.0,0.0,0.0,1.0,Baixo Risco
e506d4aab2f984faa116d9690a9b260dc75fe5c712e00528798557ac714d60ad,4781400.0,RS,0.9147964157979296,0.8530041727895563,597.0,118.0,0.9,0.0,934.0,982.0,0.0,0.0,0.0,0.0,0.0,0.0,0.0,0.0,1.0,Baixo Risco
0bdc5213e054972564e11b0d042c9c682b16a71905e6ddfc277f5432f1ea053b,4644301.0,SP,0.3870416089187948,0.8653863522303566,501.0,86.88157894736842,0.92,0.35514,93.0,962.0,1.0,286.01,286.01,0.0,0.0,0.0,0.0,41.0,1.0,Baixo Risco
490dbcafef60139e26f298760a3edf10c1cbb793f5806645c38bead1d877f7f8,6462000.0,MG,0.4689509627895218,0.8530041727895563,510.0,142.66666666666666,0.82,0.00112,959.0,987.0,0.0,0.0,0.0,0.0,0.0,0.0,0.0,0.0,1.0,Baixo Risco
dbfc499d0f0f234b7b03def99a046f75b1bff228a77f8d3b70120495300a9e20,4789005.0,AC,0.7774873108684072,0.905133122106728,941.0,192.45454545454547,0.91,0.0,980.0,989.0,0.0,0.0,0.0,0.0,0.0,0.0,0.0,0.0,1.0,Baixo Risco
e80463cad8ed8a3090220587cd5abd92b38332e6fba98882339aa8b9b32a8fe0,2592601.0,SP,0.8135182494351654,0.9967272959641066,788.0,177.88235294117646,0.93,0.12265,923.0,986.0,3.0,24001.920000000002,24001.920000000002,0.0,0.0,0.0,0.0,27.0,1.0,Baixo Risco
3f449170adb170d62deea8a1c15c22e9d2b411a3933394ff094ea28df6c5deea,4744099.0,SC,0.9682110835264208,0.8357480130993986,924.0,186.7,0.98,0.09065,963.0,987.0,0.0,0.0,0.0,0.0,0.0,0.0,0.0,0.0,1.0,Baixo Risco
c021f559eea6bf082dba30ace0047169c0818f3c121c269d2be6dabc75bea151,4771701.0,PR,0.872734057818677,0.8530041727895563,885.0,194.24242424242425,0.97,0.07377,961.0,989.0,0.0,0.0,0.0,0.0,0.0,0.0,0.0,0.0,1.0,Baixo Risco
5cf3599df3fb0e58959dd0fab0267fb0b10f2d866a9238083a0d5dd4c5fa0c50,4637199.0,SP,0.693210433337239,0.9207858166491144,129.0,119.36363636363636,0.38,0.21565,96.0,888.0,0.0,0.0,0.0,0.0,0.0,0.0,0.0,0.0,1.0,Baixo Risco
0baafabf46ce2f43c61b69934172e44463b7624e9a1437dafe45abc1a417e89a,4684201.0,SP,0.6477094168381606,0.7940785535744428,854.0,224.77777777777777,0.86,0.0,960.0,987.0,1.0,59544.85,59544.85,2.0,1.0,0.0,0.0,59.0,1.0,Baixo Risco
dfe109f86785f152fe755a581249bddd9ef606548bc6f23421dfa2f949f7f672,4771701.0,PR,0.0829657629721494,0.8530041727895563,113.0,86.88059701492537,0.78,0.28367,33.0,613.0,0.0,0.0,0.0,0.0,0.0,0.0,0.0,0.0,1.0,Baixo Risco
63fd49c107c3138add4ab8d1f74c69d515b47e7e614d0b85736c9bb226c80964,2229399.0,SP,0.9891465495234107,0.8096708479316388,927.0,183.1818181818182,0.91,0.00607,979.0,988.0,1.0,2593.04,2593.04,2.0,1.0,0.0,0.0,53.0,1.0,Baixo Risco
cc7cd45e6b8f2737276c52ace23bf05203b677609f53784730fd20884c84520b,4771701.0,PR,0.8775884077538857,0.8530041727895563,765.0,127.1,0.85,0.0,706.0,967.0,0.0,0.0,0.0,0.0,0.0,0.0,0.0,0.0,1.0,Baixo Risco
421c51c8c5b4723d535e7468f785b7fbc0c0c00efe83536c03c809b3597e4dbd,4744099.0,SP,0.1113047215798358,0.4820754191821653,785.0,198.7142857142857,0.68,0.39974,717.0,977.0,1.0,400.0,400.0,0.0,0.0,0.0,0.0,29.0,1.0,Baixo Risco
b62cdaf03a07a6a380ebc7232c3d017c6c941314c3d94d9db155fbacd6869ec1,1531902.0,RS,0.8957494631152937,0.8462720871488426,885.0,162.07142857142858,0.83,0.46088,967.0,989.0,1.0,311.78,311.78,0.0,0.0,0.0,0.0,115.0,1.0,Baixo Risco
d2dffbdaddb776dce505a99f0dd5664ba95eac33a5d3e9a2c004cd0f298b7698,2920401.0,SP,0.2762214928970945,0.7187473511369916,151.0,145.70878721859114,0.45,0.06463,163.0,988.0,0.0,0.0,0.0,0.0,0.0,0.0,0.0,0.0,1.0,Baixo Risco
8c44f95fac1dda27deabd878be8bcce64033e83dbf28509e430a289ea9dc1231,4120400.0,SP,0.9273410615921196,1.0,957.0,225.42857142857144,0.91,0.0,975.0,989.0,0.0,0.0,0.0,0.0,0.0,0.0,0.0,0.0,1.0,Baixo Risco
0cd7c92703287cdeaeef72abed0cc7d0bdcfd6a1f0ddac36c612b91074f49b17,4771701.0,SC,0.9445060999041104,0.8530041727895563,874.0,151.58333333333334,0.97,0.03155,966.0,988.0,0.0,0.0,0.0,0.0,0.0,0.0,0.0,0.0,1.0,Baixo Risco
95dff8574d1702b1c4a39b07835ca9e4e61f135a960ad3812f8eecfef45c1aaa,4686902.0,SP,0.4347392019415071,0.5671399501313082,844.0,68.16666666666667,0.9,0.11094,890.0,988.0,0.0,0.0,0.0,0.0,0.0,0.0,0.0,0.0,1.0,Baixo Risco
cbce2f1db1a1ab6748c80f9a6d2aba8a106bf35a95b417c04100e8598d2c6220,4732600.0,SP,0.9409215084918984,1.0,963.0,76.14285714285714,0.98,0.29648,970.0,988.0,0.0,0.0,0.0,0.0,0.0,0.0,0.0,0.0,1.0,Baixo Risco
ffef03d80e763f0c16b845235279baf89e3a3fed8a5759db9dfb67eab64499b3,4771701.0,PR,0.90482183947159,0.8530041727895563,468.0,205.6304347826087,0.76,0.00992,816.0,980.0,0.0,0.0,0.0,0.0,0.0,0.0,0.0,0.0,1.0,Baixo Risco
1cc9af7b2fe7dad59d793f6df36a18a8f054cb6b3d192eebff290968ab7ada89,1052000.0,SC,0.6140467047930074,0.9340320183716512,651.0,135.16417910447765,0.8,0.05436,963.0,989.0,1.0,5065.44,5065.44,0.0,0.0,0.0,0.0,39.0,1.0,Baixo Risco
06db7a8cff9b0b21816989c212c3c9c99cfa7c1efa5c79f0f4fef2d34d76d2ac,6436100.0,RS,0.952789218800782,0.8057910436791672,872.0,26.5,0.91,0.17342,930.0,984.0,1.0,68238.54,0.0,3.0,1.0,0.0,68238.54,428.0,1.0,Baixo Risco
efaa7aa6b2a6ec1d5c56375c330390ac4ef04ba32d6a59d4b93e49594fbdfc9b,4781400.0,PB,0.8331027423334113,0.9596605390671226,336.0,106.75,0.44,0.0,440.0,910.0,0.0,0.0,0.0,0.0,0.0,0.0,0.0,0.0,1.0,Baixo Risco
b991e3dcdfb086c8eb4f280d7f8be24b998a59c6dd933ac89fc5103c3cfed957,4753900.0,SP,0.6005470040867994,1.0,489.0,31.5,0.7,0.0,513.0,978.0,0.0,0.0,0.0,0.0,0.0,0.0,0.0,0.0,1.0,Baixo Risco
57e7d9285ac86c2d0bb82d28f162ac36d327f5d338e0cb1502909a01667b5f42,4712100.0,PR,0.9813398548144108,0.8530041727895563,921.0,202.27777777777777,0.95,0.01519,969.0,988.0,0.0,0.0,0.0,0.0,0.0,0.0,0.0,0.0,1.0,Baixo Risco
d907456faf37daad7ab9dfc88a67bc8504d9f78a13cc57f2d725c5027c31e6d3,4781400.0,SP,0.9941216420440128,0.8530041727895563,964.0,244.0,0.98,0.0,976.0,988.0,0.0,0.0,0.0,0.0,0.0,0.0,0.0,0.0,1.0,Baixo Risco
e0975e9cf557666225669ec599a15b8699f52fa6e40cdcc570e8326bc7c1959b,4754701.0,PR,0.9988817871572768,0.9006064710817038,945.0,142.5,0.93,0.23337,978.0,987.0,0.0,0.0,0.0,0.0,0.0,0.0,0.0,0.0,1.0,Baixo Risco
5fcd434e21bf7e2aa642960030db13ecffc55f2fe13812a5f8d2fa2d6e5d3201,5611201.0,SC,0.7980057384614858,0.8530041727895563,964.0,199.0,0.95,0.69625,980.0,989.0,0.0,0.0,0.0,0.0,0.0,0.0,0.0,0.0,1.0,Baixo Risco
fdccda00552fde5cfd0bb1ac2f14532b6d644ccb16c7f42da9388d881264de8d,4722901.0,GO,0.9738513297707168,1.0,949.0,259.0,0.93,0.0,968.0,988.0,0.0,0.0,0.0,0.0,0.0,0.0,0.0,0.0,1.0,Baixo Risco
2584df3ee66534791e2a72f9ce2cf35580d8cf03feeb0e8c55fa96d9e475c9f5,2592602.0,Sem Info,0.6017412364339106,0.3794945382985962,861.0,131.95238095238096,0.93,0.41818,974.0,988.0,1.0,1333.67,659.69,3.0,1.0,0.0,673.98,97.0,1.0,Baixo Risco
41cf5f995efe067bdf9719ba9bee68af055a7a1d41c27bccbe4abdd6c3745efb,4729699.0,SP,0.9872942033384752,1.0,935.0,150.4,0.97,0.00957,965.0,988.0,0.0,0.0,0.0,0.0,0.0,0.0,0.0,0.0,1.0,Baixo Risco
7ce156c1292eab3159b9b67b8dc523902b16d0abec50bb61305f81cc94b07f67,1052000.0,SP,0.9613153245651688,0.8642863162176568,933.0,226.1547619047619,0.96,0.01696,981.0,987.0,1.0,3009.8,3009.8,0.0,0.0,0.0,0.0,21.0,1.0,Baixo Risco
085867a9ed6ebb68b66703c6a63bd444f1704d3754f66253d97cc948d782b48c,5612100.0,MG,1.0,0.8530041727895563,531.0,0.0,0.67,0.0,829.0,954.0,0.0,0.0,0.0,0.0,0.0,0.0,0.0,0.0,1.0,Baixo Risco
c36103f16904f6d16f2c7a34e6a6278e1b718ab0b7fa26de1d2f55e0c901ffb1,1063500.0,Sem Info,0.5412474097922652,0.357954691367327,579.0,176.95833333333334,0.85,0.0041,909.0,983.0,1.0,655.5,642.39,0.0,0.0,0.0,13.110000000000014,19.0,1.0,Baixo Risco
5e43353f183dbcafb11bb11da57c5994233881a6966c1b49becff77fe31dd05c,2751100.0,SP,0.2470420436462519,0.634483939736083,58.0,69.77363184079601,0.41,0.0991,113.0,987.0,8.0,210215.55,210215.55,0.0,0.0,0.0,0.0,56.125,1.0,Baixo Risco
39cf2e70fb1929cbc0cf85512b32474d5e8e8f883224258d9519644b0b78c1cd,1412601.0,RJ,0.437230879112977,0.5769350896473484,423.0,103.26785714285714,0.71,0.14135,393.0,978.0,2.0,1051.0,1088.47,5.5,1.0,0.0,-37.46999999999997,50.5,1.0,Baixo Risco
972a5542b55eeddc8767d84c812ce60cf8f272bff7378a593cc196aebec52230,3511501.0,MG,0.9058423487565384,0.8530041727895563,464.0,60.0,0.93,0.0,646.0,775.0,0.0,0.0,0.0,0.0,0.0,0.0,0.0,0.0,1.0,Baixo Risco
d4f92b40bacc2e399fa7e0f56f3c6865bfb3359a510d817da586d98afdd34988,4781400.0,BA,0.5710801931113452,0.8530041727895563,44.0,17.0,0.4,0.0,86.0,728.0,0.0,0.0,0.0,0.0,0.0,0.0,0.0,0.0,1.0,Baixo Risco
058ebde151919f17434a9f2d1c6f204cd05dd01c42edebf1f16ed6494d2c9274,4781400.0,BA,0.0931719223025425,0.8530041727895563,66.0,17.666666666666668,0.24,0.16697,165.0,617.0,0.0,0.0,0.0,0.0,0.0,0.0,0.0,0.0,1.0,Baixo Risco
6455b1db775caa9042fe7c44c2b4470caac41a446930f15a5638d8c1368b5afb,4789099.0,TO,0.9834208059805698,0.0750312226636387,806.0,104.33333333333331,0.82,0.0,672.0,971.0,0.0,0.0,0.0,0.0,0.0,0.0,0.0,0.0,1.0,Baixo Risco
a0523480ce64ce9867ca5464fa466e231d5460eeea37dd369ba966526cd24cb2,7020400.0,Sem Info,0.05,0.8530041727895563,187.0,91.0,0.4,0.41029,114.0,965.0,2.0,11162.15,11162.15,0.0,0.0,0.0,0.0,63.0,1.0,Baixo Risco
06af2fc7de395bf6dd026fe1f69128d1a1673c5acc3ee172ed55df5e6713ded0,1510600.0,SP,0.7800573872616868,0.05,636.0,176.84931506849315,0.84,0.03089,975.0,988.0,3.0,12007.88,7519.1900000000005,0.0,0.0,0.0,4488.69,61.0,1.0,Baixo Risco
aac2d7626f63a75e5388d72295e25854467d2da1749c09596e5224e3f98cec3a,4782201.0,RN,0.05,0.8530041727895563,106.0,14.0,0.6,0.26895,75.0,540.0,0.0,0.0,0.0,0.0,0.0,0.0,0.0,0.0,1.0,Baixo Risco
d585ca854b392292f7dc30b5a0855da1b1102130425668c0cefcb81e13dbddd3,4771701.0,PR,0.9848648588726134,0.8530041727895563,934.0,45.0,0.99,0.0,978.0,988.0,0.0,0.0,0.0,0.0,0.0,0.0,0.0,0.0,1.0,Baixo Risco
7f4f699e6bce495cade377eaf1b0a0c30b6239409de7016db2db4fdfaa0cc924,1122401.0,ES,0.2578672833866464,0.9618866570839129,166.0,100.75584415584416,0.56,0.15195,82.0,903.0,1.0,4000.0,4000.0,0.0,0.0,0.0,0.0,35.0,1.0,Baixo Risco
9c9d24cd3bb1a491d6aa09c1513cf65577b80672981b3d15aed3f3ea1c0f6969,2019399.0,Sem Info,0.937803481116876,0.9034653507597128,964.0,217.377358490566,0.97,0.14917,983.0,988.0,0.0,0.0,0.0,0.0,0.0,0.0,0.0,0.0,1.0,Baixo Risco
d3a1c511a7a218e4f99117dde80e72dc440a938065d86d2ef96c30e0180e1374,4782201.0,SP,0.9237107267432784,0.9875987476700838,821.0,147.57894736842104,0.88,0.44465,895.0,986.0,10.0,15422.11,15422.11,0.3,0.3,0.0,0.0,86.6,1.0,Baixo Risco
452f9e62c5bfb457e4bb1f0a1880ae54996918bcdf6f88be676be79842baaeba,4712100.0,AL,0.969590342335626,0.8530041727895563,904.0,272.07142857142856,0.98,0.27163,970.0,988.0,0.0,0.0,0.0,0.0,0.0,0.0,0.0,0.0,1.0,Baixo Risco
49b23d56f4ffe81fe19a1d0dbc3dbff60c1b4fe0682ac046b6734da86d19523a,1012101.0,Sem Info,0.5514446910315633,0.9659007493729947,758.0,184.0844327176781,0.88,0.10097,965.0,988.0,4.0,77039.17,77039.17,0.0,0.0,0.0,0.0,29.0,1.0,Baixo Risco
14a1e7da2746e14168b45d542f3a8c188161628df4af5f7281689d9cc19aba9f,4781400.0,RO,0.9466867043666484,0.8530041727895563,927.0,242.91666666666663,0.99,0.0,982.0,988.0,0.0,0.0,0.0,0.0,0.0,0.0,0.0,0.0,1.0,Baixo Risco
e8348dd5fa437339ca992e06a45af012107028075884c71902032c18b68100ce,4742300.0,SC,0.9752772067468892,0.9434951899793635,951.0,247.4,0.97,0.0,983.0,989.0,0.0,0.0,0.0,0.0,0.0,0.0,0.0,0.0,1.0,Baixo Risco
dd2d850e1803af648cffe198ec4e14e312fb5648940cc2994fb52a30d4ba80a3,1340502.0,Sem Info,0.8633237107018693,0.9858861381920851,802.0,197.0742574257426,0.92,0.0,982.0,988.0,3.0,18757.43,18757.43,0.6666666666666666,0.3333333333333333,0.0,0.0,44.0,1.0,Baixo Risco
ce030b0a526b6ecf9107ae732d74a0061397b0bfdf8d67980163916138700fd9,2452100.0,SP,0.8924384549352131,0.6105664595200967,923.0,232.51724137931035,0.94,0.00105,969.0,988.0,0.0,0.0,0.0,0.0,0.0,0.0,0.0,0.0,1.0,Baixo Risco
81f9c6383800efa267e317ad5be8f0aac39047edccf0817b4886a5e3efd186bf,2813500.0,SP,0.995751284744468,0.9697503962281028,961.0,249.07692307692307,0.97,0.0,978.0,986.0,0.0,0.0,0.0,0.0,0.0,0.0,0.0,0.0,1.0,Baixo Risco
2e1210bf113f384a22d66b4a2bd6fb98e3dffa7a140655c88ba12b3f80745462,4684299.0,BA,0.0586247822518623,0.8530041727895563,167.0,282.5,0.25,0.0,676.0,792.0,0.0,0.0,0.0,0.0,0.0,0.0,0.0,0.0,1.0,Baixo Risco
abac735d6b1059bf08fc8aae8d0e9d8ad2cfdbef099b604f35a3ec386a0350d6,4771702.0,SP,0.7470600852938983,0.814593372082592,531.0,147.42735042735043,0.78,0.00958,912.0,988.0,0.0,0.0,0.0,0.0,0.0,0.0,0.0,0.0,1.0,Baixo Risco
302c1e2ba8f7819f49ac088967352d1ac8409dc2c0373b98700bcd23e6a905e2,2821601.0,SP,0.8172398132351862,0.8791317175410504,881.0,163.35616438356163,0.9,0.3052,972.0,989.0,0.0,0.0,0.0,0.0,0.0,0.0,0.0,0.0,1.0,Baixo Risco
751bb74bb7e0769a7b191c68eb6cdb233b63838de11f0539ea418af75452f5ee,4663000.0,Sem Info,0.4449083950176943,0.6231527510290218,316.0,160.81760113555714,0.51,0.05053,828.0,978.0,147.0,817218.76,816141.77,0.7755102040816326,0.4217687074829932,0.0,1076.9900000000005,72.00680272108843,1.0,Baixo Risco
5239aa6b97e46cf3afc3e5130928efd674d3849d389fc999a27e091588e3c355,151202.0,SP,0.05,0.8530041727895563,140.0,150.2,0.5,0.0,337.0,968.0,0.0,0.0,0.0,0.0,0.0,0.0,0.0,0.0,1.0,Baixo Risco
bd1ec863421d783372b102bc46d4473c032c0fd6caaf76b70d22203a4f0381f9,1032599.0,SP,0.4191253100460449,0.7901168503867613,611.0,62.53072625698324,0.72,0.19028,275.0,978.0,13.0,96578.13,63216.11,5.538461538461538,0.3076923076923077,0.0,33362.020000000004,38.92307692307692,1.0,Baixo Risco
c37a88c9791101b15b1c72c0b27d0ef140e5c04c3bca00bf15a041b947399896,4673700.0,SP,0.9627379757253622,0.9223103901377184,957.0,257.10526315789474,0.97,0.0,980.0,988.0,0.0,0.0,0.0,0.0,0.0,0.0,0.0,0.0,1.0,Baixo Risco
8da3ff93854b8e86ceda6f846d5f3e4b4b6bca22ff0aa767699ec979de1f0b96,8630503.0,RJ,0.7439051667668878,0.6868904564947153,465.0,193.50819672131144,0.86,0.01332,956.0,988.0,0.0,0.0,0.0,0.0,0.0,0.0,0.0,0.0,1.0,Baixo Risco
4fc26302b776823f80c472000e520200b3f555a3f692f9f0f7f1a01e6429a44c,2452100.0,MG,0.9491077460239896,0.8530041727895563,521.0,148.91525423728814,0.86,0.00645,965.0,988.0,5.0,1632311.8599999999,7975.8,0.0,0.0,0.0,1624336.06,26.0,1.0,Baixo Risco
4aa4b2a224bec1380b5bdc2b1076067714cef4701eaa03e295c3ca125d512efd,4642701.0,SP,0.9750599795455218,0.8171320297698169,876.0,247.78571428571428,0.98,0.05925,968.0,988.0,0.0,0.0,0.0,0.0,0.0,0.0,0.0,0.0,1.0,Baixo Risco
962562fa4ecf56a33dd9b88a0e94069ef6a16fb408907eacda95bbdb2537ab90,4711302.0,PR,0.9799395849797048,0.8530041727895563,891.0,229.24242424242425,0.99,0.01311,970.0,988.0,0.0,0.0,0.0,0.0,0.0,0.0,0.0,0.0,1.0,Baixo Risco
2ad5c31f197f5cfee46e4f0925e79f78cb8c7a54b8146a61b04be196205305bd,3101200.0,Sem Info,0.2103842272320076,0.1723759080233079,145.0,60.83950617283951,0.49,0.11975,92.0,948.0,1.0,5000.0,5065.32,4.0,1.0,0.0,-65.31999999999971,84.0,1.0,Baixo Risco
39ad7e88d418f786a8b2e01d87ca05fc30462d1b00d3c55dedd259190373a8af,4771701.0,PR,0.9734166936985246,0.8530041727895563,913.0,245.2,0.99,0.0,984.0,989.0,0.0,0.0,0.0,0.0,0.0,0.0,0.0,0.0,1.0,Baixo Risco
a463fb47055d9f0f6dcca17087db42b4ab34d5e015aa9a34e88a16a24da24a7f,4753900.0,SP,0.9807723003862048,0.813319026528469,962.0,217.75,0.98,0.03908,985.0,989.0,0.0,0.0,0.0,0.0,0.0,0.0,0.0,0.0,1.0,Baixo Risco
5524eb2ab944a790fb343401db7a8742dbcfedc74ff47a1670c3ee766a124134,4771701.0,PR,0.9723336495405716,0.8530041727895563,963.0,208.28571428571428,0.98,0.0588,980.0,986.0,0.0,0.0,0.0,0.0,0.0,0.0,0.0,0.0,1.0,Baixo Risco
fa99b6fa509e4a74135f583cac501baf0b0de3429c51ae0ff055f4963d00bfe6,2532201.0,SP,0.8206272816214931,0.8034062410635079,915.0,163.52941176470588,0.95,0.18379,976.0,989.0,1.0,7594.55,7594.55,0.0,0.0,0.0,0.0,27.0,1.0,Baixo Risco
a9aec20ee229d0aed2c65df769289979908659189cd82f6837e22975fbe95705,4711302.0,GO,0.9181939244972448,0.7919642578969452,964.0,213.5157894736842,0.96,0.08726,981.0,986.0,0.0,0.0,0.0,0.0,0.0,0.0,0.0,0.0,1.0,Baixo Risco
a9322c75b9b45fed2776ea9cbf564644de25aace9f7ee111198ff64d094b5c96,4771701.0,PR,0.8564106520669267,0.8530041727895563,914.0,179.0,0.97,0.21202,981.0,985.0,0.0,0.0,0.0,0.0,0.0,0.0,0.0,0.0,1.0,Baixo Risco
02698a626758237e5ffbefa257fb04e3f024aa439886d86c8792b00a69ca69f1,2222600.0,SC,0.2587875581236314,0.9503034858168782,389.0,113.4351851851852,0.7,0.45042,129.0,977.0,1.0,270.0,270.0,0.0,0.0,0.0,0.0,28.0,1.0,Baixo Risco
e6200992f5620acde9db832379ba36a760667ead674db35401506e3b28b67ea2,4771701.0,PR,0.9580206300113192,0.8530041727895563,964.0,254.2127659574468,0.98,0.11669,980.0,988.0,0.0,0.0,0.0,0.0,0.0,0.0,0.0,0.0,1.0,Baixo Risco
939d8e33ccd0555e649ec0201dfdfa4c47267fece7f852e498c47de8ae35a57f,4649402.0,RS,0.990239794046996,0.9614376692801392,931.0,16.666666666666668,0.98,0.8808,974.0,988.0,0.0,0.0,0.0,0.0,0.0,0.0,0.0,0.0,1.0,Baixo Risco
7ef7e0c76ad59e2ba389531c8e3ffd43976195a10ce8a42500905e9b9d0ac3ee,4782201.0,PA,0.9821419679819886,0.8530041727895563,953.0,269.05,0.97,0.0,980.0,988.0,0.0,0.0,0.0,0.0,0.0,0.0,0.0,0.0,1.0,Baixo Risco
f3bcedc95a72d3a81ed70647fed5099a0d70dfd7d7db7c88366916eff3f2ae9f,4731800.0,MT,0.9902213306927016,0.6885651334154004,948.0,176.1904761904762,0.93,0.00875,952.0,987.0,0.0,0.0,0.0,0.0,0.0,0.0,0.0,0.0,1.0,Baixo Risco
19e4548a2a5ec3d32b8926aface87b30b7aa2a9ea04276cc1af61ab0468b198a,4732600.0,SP,0.9691077704076893,0.9390166178254994,957.0,192.30973451327435,0.98,0.0,973.0,988.0,0.0,0.0,0.0,0.0,0.0,0.0,0.0,0.0,1.0,Baixo Risco
79d50440ad257b71ce660a17573e84ada92073de72dafaa891b02f5be9c868fc,4731800.0,Sem Info,0.5604012771464155,0.8047040040321607,781.0,125.13202247191012,0.89,0.06947,908.0,983.0,1.0,3612.8,3612.8,0.0,0.0,0.0,0.0,38.0,1.0,Baixo Risco
1cbeccaee2350f282c394ac9ba1c45fdb770e66c989dc6a20581c109c13147e8,4771701.0,PR,0.2928767680107633,0.8530041727895563,963.0,197.0,0.94,0.0,979.0,988.0,0.0,0.0,0.0,0.0,0.0,0.0,0.0,0.0,1.0,Baixo Risco
3a2d6c7ed1b502598ffda4772c7b7e937338a97af5537b310a380c33dc65c8e9,4921301.0,Sem Info,0.3047319608517704,0.8195803476013133,331.0,103.33333333333331,0.59,0.10362,811.0,988.0,0.0,0.0,0.0,0.0,0.0,0.0,0.0,0.0,1.0,Baixo Risco
27a3be33b03a695f38be5b5d095c67f75da0a6cba6bec8f6c077be74e3203a04,4789099.0,PR,0.9898624754911636,0.6998245496799527,948.0,190.37585034013603,0.97,0.00063,966.0,989.0,3.0,13905.32,13905.32,0.0,0.0,0.0,0.0,30.0,1.0,Baixo Risco
f8af5051d19b7272e8d7b12aaf41a25a1c9ef78f08b86e2f88b6e57a5644c2c6,4771701.0,PR,0.6206012246606568,0.9963470147292502,875.0,231.2537313432836,0.93,0.00381,968.0,988.0,0.0,0.0,0.0,0.0,0.0,0.0,0.0,0.0,1.0,Baixo Risco
f0c4c571ca30ae62e13af28a909d119a3b381264cc5d7e32006ce477c4023df9,2031200.0,SP,0.9548390581475448,0.7062613283152953,939.0,170.625,0.95,0.06013,980.0,989.0,3.0,53691.67999999999,53691.67999999999,0.0,0.0,0.0,0.0,34.666666666666664,1.0,Baixo Risco
4001e3ae05a661957fb8d93a722773bb0c4a4c271cbf5bd7305c050c4777e3d0,2813500.0,Sem Info,0.965978112726771,0.8963458219320533,948.0,190.24,0.95,0.07373,980.0,989.0,1.0,3500.03,3500.03,0.0,0.0,0.0,0.0,15.0,1.0,Baixo Risco
dc378ee68efc58e077fd0ab0df037d96603e23ab72331240d1aaf90c45e18793,1412601.0,SC,0.928098048332744,0.7387716849300007,894.0,187.62474226804125,0.95,0.07613,965.0,988.0,5.0,6094.0,4659.0,0.6,0.2,0.0,1435.0,71.8,1.0,Baixo Risco
fd6a6bfa838d16c4d21ba87341af175abaec9abc7b6445fa7394fdc20369be58,4632003.0,PR,0.965042933035296,0.8530041727895563,961.0,220.41176470588235,0.93,0.00108,975.0,989.0,0.0,0.0,0.0,0.0,0.0,0.0,0.0,0.0,1.0,Baixo Risco
93665f6a58ada4922098c7423450270d0817682396a8044d22019e8a8a2985a9,111302.0,SP,0.0928829351499948,0.8530041727895563,239.0,79.64367816091954,0.54,0.03529,50.0,935.0,0.0,0.0,0.0,0.0,0.0,0.0,0.0,0.0,1.0,Baixo Risco
c43d0a40d2af2e8c0e25b4f2389c384ac4b83838d382a201e96c3f8d2ea18a4b,3702900.0,MG,0.6979079542686629,0.881252569408681,523.0,45.1764705882353,0.84,0.44791,957.0,988.0,1.0,23018.18,23018.18,0.0,0.0,0.0,0.0,33.0,1.0,Baixo Risco
1061d4c2a9ae2573253ca011aca2f6e699a666145956d1856a5ff5f385be45cb,4781400.0,BA,1.0,0.8530041727895563,942.0,240.66666666666663,0.99,0.0,973.0,988.0,0.0,0.0,0.0,0.0,0.0,0.0,0.0,0.0,1.0,Baixo Risco
4bc8f84621090ddeee58575f1529aa0dc0c86ffe052d771beff3640940e210ca,4673700.0,SP,0.9873605890556748,0.8469576590181762,958.0,253.58333333333331,0.98,0.03852,983.0,989.0,0.0,0.0,0.0,0.0,0.0,0.0,0.0,0.0,1.0,Baixo Risco
68e3efae3c043a6a1e98b6a4d7203fd3778dc976636bee50509d383dd35b4dad,4744099.0,SC,0.9841737744574278,0.5404471115289549,939.0,186.57142857142856,0.94,0.14279,976.0,989.0,0.0,0.0,0.0,0.0,0.0,0.0,0.0,0.0,1.0,Baixo Risco
e380e43e239ba63cee61b37ef4f2b401e1bae55407fbf307fa719ebb5a36aa4d,4771701.0,PR,0.9761484388156448,0.8530041727895563,964.0,217.4142857142857,0.99,0.0241,981.0,988.0,0.0,0.0,0.0,0.0,0.0,0.0,0.0,0.0,1.0,Baixo Risco
a98987fe351c789ce8d78387438418c52c2af0d0ab65baa43d88afc01ab7447a,4771701.0,SC,0.9420421060093286,0.8530041727895563,932.0,174.83870967741936,0.96,0.05782,970.0,989.0,0.0,0.0,0.0,0.0,0.0,0.0,0.0,0.0,1.0,Baixo Risco
ffd637eeee8e8c54dc7d423b3ddce3467c92f1c20ed1ca1ccad4bd2adfa1433b,4781400.0,SC,0.7337962153171695,0.6746018364786907,587.0,161.36363636363637,0.94,0.28434,406.0,982.0,0.0,0.0,0.0,0.0,0.0,0.0,0.0,0.0,1.0,Baixo Risco
95eaaed880f9649ec084cde88db939ab45970ae25a6615c9a7b81417b0c8262e,4771701.0,PR,0.9637340143402988,0.8530041727895563,952.0,222.77777777777777,0.98,0.0107,981.0,989.0,0.0,0.0,0.0,0.0,0.0,0.0,0.0,0.0,1.0,Baixo Risco
93cb085572df841877ee3f878da54d07f0a29ad6d12715589fb9719da82fd788,2222600.0,SC,0.9776051759278468,0.93465997516556,942.0,180.68627450980392,0.93,0.00444,979.0,989.0,1.0,12103.74,12103.74,0.0,0.0,0.0,0.0,45.0,1.0,Baixo Risco
f01312f318efe39eaff3970a2d29602c0a6f9d2eaa097815321545ce093e60df,4781400.0,MG,0.9047010615336116,0.8530041727895563,898.0,136.57142857142858,0.88,0.09303,887.0,986.0,0.0,0.0,0.0,0.0,0.0,0.0,0.0,0.0,1.0,Baixo Risco
eb10ab8a5a3e5aa78c26502bcef1c0f5346c33633b736db13d24cd13671b3014,8650004.0,BA,0.05,0.8530041727895563,52.0,30.5,0.93,0.0,968.0,988.0,0.0,0.0,0.0,0.0,0.0,0.0,0.0,0.0,1.0,Baixo Risco
21be3be558599aa2a7d6edac4a2706aa9958bcac742187444096078cfcd082ff,2031200.0,SP,0.6396862293142244,0.6882821284670049,704.0,98.98947368421052,0.88,0.16164,979.0,988.0,3.0,28796.25,28796.25,0.0,0.0,0.0,0.0,39.666666666666664,1.0,Baixo Risco
4c3bdb49ac7798e6f1ecf1c1c62a53c96b133d41d662c442d7ebd82814eb2ca3,134200.0,SP,0.6243938137073963,0.8530041727895563,794.0,124.0,1.0,0.53211,933.0,986.0,0.0,0.0,0.0,0.0,0.0,0.0,0.0,0.0,1.0,Baixo Risco
dc7ee5c8554d4608327bb7b3a21242ce2b7d4107bea7211db839544a63ba8399,4930202.0,SP,0.9539940966414128,0.8178906458924132,922.0,185.90366972477065,0.81,0.02189,981.0,989.0,0.0,0.0,0.0,0.0,0.0,0.0,0.0,0.0,1.0,Baixo Risco
1c7ac0a0fbd3273cbc2438c12658f65ba5b233f217f6411b1f8d74bdb7e6e33c,1340501.0,RS,0.9884965297640016,0.9723918463854304,952.0,258.2686567164179,0.95,0.00063,981.0,988.0,0.0,0.0,0.0,0.0,0.0,0.0,0.0,0.0,1.0,Baixo Risco
ac6d2f54f0e516977ed8dfe8ed9f2afd9e0f2cba27ab3ad1ca3c300a3bc1b59c,4744004.0,MG,0.860183475237498,0.7163531114327062,687.0,131.85714285714286,0.92,0.27245,962.0,986.0,1.0,2240.0,2240.0,0.0,0.0,0.0,0.0,21.0,1.0,Baixo Risco
44d25196c69aa9954ba8e6bcafd4e772c0994ad8a4de30a8fcfed4cc5525e919,2229302.0,RJ,0.5775371015400078,0.8057469270283271,691.0,84.86666666666666,0.75,0.00216,964.0,986.0,1.0,43674.75,43674.75,0.0,0.0,0.0,0.0,45.0,1.0,Baixo Risco
e2b89e2c2f4c75db39455e541d5fc52031632b035493d4b10c8aa59f19a2e609,2591800.0,GO,0.8875065885831633,0.8455180767128608,803.0,165.96268656716418,0.88,0.10774,952.0,987.0,0.0,0.0,0.0,0.0,0.0,0.0,0.0,0.0,1.0,Baixo Risco
6f7ef152f253ced08f6efefdd6ba21703aabab84d6cdf8457898ac22af82811b,4687703.0,SP,0.9764879656177144,0.8530041727895563,925.0,147.35294117647058,0.95,0.00355,977.0,988.0,0.0,0.0,0.0,0.0,0.0,0.0,0.0,0.0,1.0,Baixo Risco
3645c174bc472544228ce5397a096d6285993653640f7295da117fe05549e546,2222600.0,SC,0.9870669030989514,0.6982695393900812,912.0,177.1,0.94,0.00814,964.0,988.0,2.0,1443.56,1469.6,3.0,0.5,0.0,-26.040000000000077,34.0,1.0,Baixo Risco
8756ad3615a5c3fd487ffc3f18642133f66cb71413b4ccebc0008149b96ab06a,4321500.0,SC,0.9429903511973812,0.8396415183356135,958.0,231.44615384615383,0.98,0.00945,980.0,988.0,0.0,0.0,0.0,0.0,0.0,0.0,0.0,0.0,1.0,Baixo Risco
82ec5dffcde53449a7df0cea29038089316f0d7f2fa8e9ce8a10ebe6ef23ee9b,4712100.0,MS,1.0,0.8530041727895563,929.0,232.33333333333331,0.98,0.0,977.0,988.0,0.0,0.0,0.0,0.0,0.0,0.0,0.0,0.0,1.0,Baixo Risco
f1e34bf9fcca051a994fb7338018f97071e394caf113a807f78a00851f9a0a17,2733300.0,SC,0.9758041542924968,0.9360443237465436,949.0,194.30434782608697,0.93,0.00556,981.0,988.0,2.0,1922.96,1973.8799999999999,1.5,0.5,0.0,-50.919999999999845,57.5,1.0,Baixo Risco
b0fa05d2802e439fa3961f38dca20a4104f39ab5c75293d05f6d7420346fce7d,4712100.0,CE,0.8812718818019059,0.8530041727895563,917.0,162.11494252873564,0.93,0.11994,979.0,989.0,0.0,0.0,0.0,0.0,0.0,0.0,0.0,0.0,1.0,Baixo Risco
cefb641db195b043822610405f9cad4b219b1a40ae96e99b72704a2d6e71de11,2391503.0,PE,0.6057577058677882,0.8530041727895563,748.0,37.5,0.83,0.0,829.0,984.0,0.0,0.0,0.0,0.0,0.0,0.0,0.0,0.0,1.0,Baixo Risco
d00f8886814d4c8c1263428943075d2355807e97550698824c7205aa68e7bdc2,2862300.0,SP,0.9608299793278064,0.90599867788763,950.0,229.71641791044777,0.97,0.0,981.0,988.0,1.0,1518.75,1518.75,0.0,0.0,0.0,0.0,56.0,1.0,Baixo Risco
f3fa1c26842f1285f2d7be2a5b35137bb5ec05ef8621c0cfb592e7a2995ee57d,4771701.0,PR,0.9937174254624918,0.8530041727895563,964.0,234.64285714285717,0.98,0.0009,965.0,989.0,0.0,0.0,0.0,0.0,0.0,0.0,0.0,0.0,1.0,Baixo Risco
53e7f9a6aab803361ad0cd44f4b72792b97b426399fe285d64c3ef97e3ff9265,4649401.0,PR,0.8059172960243298,0.9440304967117874,713.0,122.13333333333334,0.79,0.0427,848.0,988.0,1.0,2934.78,0.0,8.0,1.0,0.0,2934.78,30.0,1.0,Baixo Risco
fc3431065054652c0dfbe109bf5ffe41bb33d0655ceafe2cb6977bb42a4dc71e,4771701.0,PR,0.8317715878330594,0.8530041727895563,755.0,161.6818181818182,0.9,0.23729,934.0,987.0,0.0,0.0,0.0,0.0,0.0,0.0,0.0,0.0,1.0,Baixo Risco
3643f7ed46e0f71abab08862d3ecd21cd97019f1ee5988d3207b186187d92851,4771701.0,PR,0.9172117305140915,0.8530041727895563,938.0,203.13636363636363,0.94,0.02018,977.0,988.0,0.0,0.0,0.0,0.0,0.0,0.0,0.0,0.0,1.0,Baixo Risco
486baffcc5341d22e03afbc89c35c90c375ce5207f1adfb67ef7831be7ce913d,4742300.0,SC,1.0,0.972477043885814,915.0,240.6,0.96,0.0,978.0,989.0,0.0,0.0,0.0,0.0,0.0,0.0,0.0,0.0,1.0,Baixo Risco
bb1c07ec2f00d582b5e85e756dfc3baa36bac0fdb00aa28b6fa89704686acb51,4744005.0,SC,0.880635893250639,0.9006317441586901,859.0,170.7762237762238,0.9,0.02359,973.0,989.0,0.0,0.0,0.0,0.0,0.0,0.0,0.0,0.0,1.0,Baixo Risco
87443fbdfb811ab40e3a977d8e91aedc97d08aa76efc2c4c0b1c1f39a270e2eb,5611201.0,Sem Info,0.9933409646527124,0.8530041727895563,946.0,268.6666666666667,0.96,0.0,971.0,986.0,0.0,0.0,0.0,0.0,0.0,0.0,0.0,0.0,1.0,Baixo Risco
bda18e3fd6b163e43fadbbeb63dae08589d75ae14aabaae6048e3ada9579ee0c,3314718.0,SP,0.9685169766103052,0.7737115470328676,710.0,147.2,0.81,0.16056,894.0,986.0,0.0,0.0,0.0,0.0,0.0,0.0,0.0,0.0,1.0,Baixo Risco
77d79c1199b53131a1f7004847be300790801ef9e9ef7710cd3851af6c367482,4781400.0,RJ,0.639761917435008,0.8530041727895563,469.0,88.5,0.82,0.10282,176.0,967.0,0.0,0.0,0.0,0.0,0.0,0.0,0.0,0.0,1.0,Baixo Risco
853d5f44015bd526eb06c07516305889a1d540dc72c46c690203c71567e77568,4763601.0,RJ,0.4349452810455768,0.8530041727895563,463.0,100.66666666666669,0.88,0.4592,109.0,936.0,0.0,0.0,0.0,0.0,0.0,0.0,0.0,0.0,1.0,Baixo Risco
5d7a590ae585300f00e52e9939fe097fd25632151c50f0c02a2de0b8bfcd92ff,4744099.0,TO,0.8458628310755815,0.8530041727895563,786.0,109.66666666666669,0.92,0.55557,905.0,986.0,0.0,0.0,0.0,0.0,0.0,0.0,0.0,0.0,1.0,Baixo Risco
7cc610f7a15d1f5315e4853c603637fe0585d93f11f201a916153cf9749a9f88,6190601.0,SP,0.7109156560404243,0.6694595411526153,727.0,75.17241379310344,0.91,0.07332,785.0,986.0,0.0,0.0,0.0,0.0,0.0,0.0,0.0,0.0,1.0,Baixo Risco
7c7aa5c6602e378169b32b1f25b672ebee50fae093e7c7f02dcc2187e9c8072b,2311700.0,SP,0.9028650529910464,0.9279402364405198,181.0,104.36653386454184,0.52,0.00539,321.0,988.0,6.0,296159.23,296558.22,1.6666666666666667,1.0,0.0,-398.98999999999796,26.333333333333332,1.0,Baixo Risco
95da7fc9d7f6605d19afa2c780781812c8c5f8183ab74216a3c8fe73dd77c39a,4781400.0,PE,0.955481694268706,0.8530041727895563,843.0,187.83870967741936,0.99,0.04861,960.0,988.0,0.0,0.0,0.0,0.0,0.0,0.0,0.0,0.0,1.0,Baixo Risco
3c4eeac28ec301932f47eda2ff4e1450b5423543423eac8725821a696ef40e49,4651601.0,SP,0.6193267302497765,0.9660599356536808,816.0,232.36263736263737,0.92,0.10193,980.0,986.0,6.0,3461.4,3461.4,0.0,0.0,0.0,0.0,42.5,1.0,Baixo Risco
3560a238e4aca4d7f033ab892bc48262f45b7c3318993985454e270d2dee31e1,6209100.0,PR,0.6134706236497006,0.765985718497892,559.0,139.85185185185185,0.83,0.00564,946.0,987.0,0.0,0.0,0.0,0.0,0.0,0.0,0.0,0.0,1.0,Baixo Risco
4b1f1b30fbd4083355e020fbbaefc841dd3b4c324e996dc4e0d6c79e1b9dbf56,1359600.0,SP,0.9513575632701616,0.8530041727895563,953.0,234.52631578947367,0.98,0.0,984.0,988.0,0.0,0.0,0.0,0.0,0.0,0.0,0.0,0.0,1.0,Baixo Risco
f2516057c8dd35fa1a55d2f5786f2f2757d7f0f9fccc3c488f5400a2479d561b,4761003.0,SP,0.6151464120501735,0.8530041727895563,333.0,80.07692307692308,0.69,0.40873,125.0,975.0,0.0,0.0,0.0,0.0,0.0,0.0,0.0,0.0,1.0,Baixo Risco
b7775d4a3976c42f611ca8d91eb29c9e8df0aa0d1ce26b14da955fd37ae3fc73,4771701.0,PR,0.9521560100337628,0.8530041727895563,948.0,220.15625,0.96,0.026,962.0,989.0,0.0,0.0,0.0,0.0,0.0,0.0,0.0,0.0,1.0,Baixo Risco
c0d452a0c2cf6ef44c9c2a7912ec6b39c82fc0af0aafae9aa8f273b59669778c,1013901.0,Sem Info,0.8646018798628335,0.7715280865812204,908.0,204.86274509803923,0.93,0.0435,965.0,987.0,2.0,113784.0,113784.0,0.0,0.0,0.0,0.0,28.0,1.0,Baixo Risco
e14ec80ccbcd1d75796e080ceb0fe3868729eb064de9b590c3612366a1c6cdb9,1051100.0,SC,0.7532938155903249,1.0,840.0,238.57142857142856,0.87,0.03457,959.0,988.0,7.0,328899.98,328899.98,0.14285714285714285,0.14285714285714285,0.0,0.0,38.42857142857143,1.0,Baixo Risco
a29076ca30ef9797b702c6b935e656b0a199012f8c04e2a9b24432af9361de01,4649404.0,MT,0.951922587034772,0.3487235793947824,931.0,159.36111111111111,0.97,0.05485,960.0,988.0,0.0,0.0,0.0,0.0,0.0,0.0,0.0,0.0,1.0,Baixo Risco
d5408e4162472a9b86eca801abb40c7067848bc70271fdc6592a63e4a66e4c19,4744005.0,PE,0.213612056962316,1.0,208.0,30.5,0.46,0.08101,381.0,851.0,1.0,8455.0,0.0,4.0,1.0,0.0,8455.0,18.0,1.0,Baixo Risco
f1f680b70b8ced1f8fd4514c844fc68ecf5975ffc153ba081003b1cbe15bf087,2733300.0,RJ,0.9140940846777954,0.9568065836827072,901.0,177.37254901960785,0.91,0.02716,980.0,988.0,5.0,12920.11,12920.11,0.0,0.0,0.0,0.0,95.8,1.0,Baixo Risco
75442c8c1e2c17505b09538dd6b7ca8696e36c9f04d8fb4eb08d5ecdd68e0e50,1099605.0,RS,0.4287737633874021,0.9176061036313636,435.0,86.9041095890411,0.72,0.07888,110.0,964.0,2.0,762.14,762.14,0.0,0.0,0.0,0.0,52.0,1.0,Baixo Risco
8428cc20e6073202a21e50e147b30140784a10303b17026341c72536ab8c5fd9,4771701.0,PR,0.9943316024700476,0.8530041727895563,963.0,228.55769230769232,0.97,0.0,977.0,989.0,0.0,0.0,0.0,0.0,0.0,0.0,0.0,0.0,1.0,Baixo Risco
72ed6259ca9224806d91e7141b5fd5cfa3cae388ac69344c1f965f14a4aa6aa3,2320600.0,RJ,0.6972348989500692,0.8335556284534448,287.0,112.62296650717704,0.61,0.05236,637.0,961.0,31.0,125964.72,113292.77,0.22580645161290322,0.12903225806451613,0.0,12671.949999999999,27.903225806451612,1.0,Baixo Risco
09bcaf5201d69c194cc341886f3827888f75c44236b73fbb9dcae7e9fe49de8e,2621300.0,Sem Info,0.9743643293931376,0.9042641344362234,913.0,146.04166666666666,0.87,0.00146,978.0,989.0,1.0,1140.33,1140.33,0.0,0.0,0.0,0.0,30.0,1.0,Baixo Risco
bb3b5315d866fe70390d285001988e429c1aa390ed0a009133683540462d1779,4930202.0,GO,0.8877305248109514,0.7412459598435619,934.0,197.2760180995475,0.91,0.0039,967.0,988.0,0.0,0.0,0.0,0.0,0.0,0.0,0.0,0.0,1.0,Baixo Risco
b4805855bb666f329fd0e8059cdadb4ffc3c17fd006899b0a4f61548312aa5c9,4661300.0,PA,0.8640109398630297,0.8161906648000793,802.0,19.4,0.93,0.28625,965.0,988.0,0.0,0.0,0.0,0.0,0.0,0.0,0.0,0.0,1.0,Baixo Risco
33474c5b5467caf2c4202224fc812ec053a4ac33c56a8ddeee87f7ba52e703ac,4639701.0,SP,0.513299914983008,0.8109804637977694,360.0,72.69736842105263,0.72,0.0908,807.0,988.0,126.0,971064.5,326035.98,20.91269841269841,0.42063492063492064,0.015873015873015872,645028.52,56.595238095238095,1.0,Baixo Risco
bfe5b87db0fdf808041661b30daef2de56d71e252580ae3a19f6c0d4c9245d92,4755502.0,SP,0.4380741197070055,0.9203187250996016,133.0,93.54296875,0.54,0.18285,44.0,966.0,3.0,3570.3,3570.3,0.0,0.0,0.0,0.0,46.666666666666664,1.0,Baixo Risco
8e3da5c0100ad52b8d188e1ecc67b06a8e1588d4ee185d4bf3e99d3b5a47bd7a,7733100.0,SP,0.8517962766531534,0.7100795109573572,937.0,161.54545454545453,0.91,0.00706,972.0,988.0,1.0,2173.31,2173.31,0.0,0.0,0.0,0.0,994.0,1.0,Baixo Risco
c201138f38f7c235f9457c2e4c81c63eae590b001cc8aff4da7a7422dc1d9e68,4742300.0,SC,0.978392505329664,0.7436783580347431,934.0,158.25,0.92,0.08383,980.0,988.0,0.0,0.0,0.0,0.0,0.0,0.0,0.0,0.0,1.0,Baixo Risco
732ca36c208307531f115273b73a08a7ed72472f3eeaf5b9aff12ba88082fdb1,4771701.0,PR,0.9736977164706188,0.8530041727895563,914.0,118.0,0.94,0.25699,964.0,989.0,0.0,0.0,0.0,0.0,0.0,0.0,0.0,0.0,1.0,Baixo Risco
43c06d17f011671cf3989253bd69f1189d9a8476c275e6a9c35b1633557c9fa8,8610102.0,MG,0.9480146475239262,0.4111551320616433,897.0,124.01408450704226,0.95,0.24175,981.0,989.0,0.0,0.0,0.0,0.0,0.0,0.0,0.0,0.0,1.0,Baixo Risco
6c1259354786ae46f48bc7ab41d9fe3807cd82eb52aa98ccaebba87ccef17e2b,4623109.0,Sem Info,0.2090728368436098,0.8530041727895563,420.0,18.666666666666668,0.53,0.00504,434.0,780.0,1.0,379.7,379.7,0.0,0.0,0.0,0.0,25.0,1.0,Baixo Risco
2f73e60fd283ab41f6fef27116a401ea9bba9b709996bd63369f5f850a915654,4771701.0,PR,0.6936807589225099,0.8530041727895563,918.0,171.51612903225808,0.92,0.02656,970.0,989.0,0.0,0.0,0.0,0.0,0.0,0.0,0.0,0.0,1.0,Baixo Risco
88dcef655d4f40539e5dc33793ce309fc27aeb2f2cac93b3c450287f4856444f,1052000.0,MG,0.7175479639723319,0.6944822144274949,758.0,105.4,0.8,0.06718,775.0,988.0,0.0,0.0,0.0,0.0,0.0,0.0,0.0,0.0,1.0,Baixo Risco
18f7efda417953c5d04bae43bc8a2fe8425b1fb8b7436294a6fba52624162fd0,4753900.0,PA,0.9257346249919312,0.8530041727895563,739.0,168.71428571428572,0.9,0.0,954.0,987.0,0.0,0.0,0.0,0.0,0.0,0.0,0.0,0.0,1.0,Baixo Risco
d7ce092f7884afee1e811467a8c1dd22c95756c71d7aaf317e5fd51c1fa23a96,4110700.0,PA,0.3955451478968388,0.8396996434203869,544.0,119.125,0.79,0.0,754.0,976.0,0.0,0.0,0.0,0.0,0.0,0.0,0.0,0.0,1.0,Baixo Risco
aeb94d6d3177a3e57a277263695e7bc2f29c0189ea118e6d38d8553fa1c3dd52,4663000.0,RJ,0.8718102227688784,0.878459226420362,929.0,145.33333333333334,0.93,0.0,979.0,989.0,0.0,0.0,0.0,0.0,0.0,0.0,0.0,0.0,1.0,Baixo Risco
cadfebfc3a3c7534794c8a0f6661564c6377b2ea8e1b4233722a30c987f7e788,2229302.0,SP,0.9623177786011764,0.8530041727895563,283.0,61.48148148148148,0.64,0.07394,949.0,987.0,1.0,123249.06,123249.06,1.0,1.0,0.0,0.0,24.0,1.0,Baixo Risco
f8ec76c5b36d2a8ce7bba40c6d20271167ead96ccdb690329692f0911a82fc1f,2733300.0,SP,0.9929143438124368,1.0,940.0,205.58823529411765,0.95,0.0,981.0,989.0,0.0,0.0,0.0,0.0,0.0,0.0,0.0,0.0,1.0,Baixo Risco
cfabb3324ef60695cebe1a05f6c56e98ea6070cd57cbd9e2d76b06b501888a92,4781400.0,TO,0.8250070350910789,0.8530041727895563,467.0,212.25,0.94,0.0,161.0,956.0,0.0,0.0,0.0,0.0,0.0,0.0,0.0,0.0,1.0,Baixo Risco
d2124cdc64ac6f0d16023c469a94a5c3cb4d193f5d2086875487fd8c4ace2b25,4781400.0,MG,0.9607687295688824,0.8530041727895563,934.0,194.30769230769232,0.97,0.15866,981.0,988.0,0.0,0.0,0.0,0.0,0.0,0.0,0.0,0.0,1.0,Baixo Risco
b204b9fe91983b35ff1fc6fd7bd53717985295808bda3645bcbc10750c28c6f4,4771701.0,PR,0.8490135252942599,0.8530041727895563,899.0,264.77777777777777,0.97,0.0,975.0,986.0,0.0,0.0,0.0,0.0,0.0,0.0,0.0,0.0,1.0,Baixo Risco
a1e89e063ed4fdda19397c27e8b4e93ae557e0d18277f8cdad676843796934c6,4751201.0,SP,0.854632915626191,0.9779768585238094,696.0,109.85714285714286,0.92,0.38984,961.0,988.0,0.0,0.0,0.0,0.0,0.0,0.0,0.0,0.0,1.0,Baixo Risco
6356062169a6d21e14025c970a2d9ca97402094699612e6f070a5cc02c3b7900,4687703.0,SP,0.9190679219090032,0.6489391113844705,205.0,110.32,0.7,0.03729,312.0,989.0,83.0,9457646.43,7047109.63,0.12048192771084337,0.0963855421686747,0.0,2410536.8,48.734939759036145,1.0,Baixo Risco
176fc9f7c70f006f375f46e695d2976616c2cd3fa62b79660cd71cbd429dae11,4771701.0,PR,0.959729834773936,0.8530041727895563,945.0,244.9142857142857,0.97,0.01031,978.0,987.0,0.0,0.0,0.0,0.0,0.0,0.0,0.0,0.0,1.0,Baixo Risco
8bda994a771fac7bbe0360e461612b164bcc6cbc26206a44810f01b96a122fda,4781400.0,BA,0.934671838102754,0.8530041727895563,855.0,243.07692307692307,0.89,0.0,863.0,984.0,0.0,0.0,0.0,0.0,0.0,0.0,0.0,0.0,1.0,Baixo Risco
a1d2a8d2c83013cf8494226783b681bcea8ebfb177ddd908549216d140dbe2cb,4754701.0,SC,0.4713680147560444,0.8530041727895563,653.0,120.79679144385028,0.86,0.31819,651.0,982.0,0.0,0.0,0.0,0.0,0.0,0.0,0.0,0.0,1.0,Baixo Risco
692dba288879bf4f3877cd70a5a394730537206d03c3f772a40656a6686860f9,4771701.0,PR,0.9178391856342404,0.8530041727895563,888.0,219.5,0.94,0.22361,975.0,987.0,0.0,0.0,0.0,0.0,0.0,0.0,0.0,0.0,1.0,Baixo Risco
2faa29262b3a8763bade34f03d44b3cc24fcdeaf4668580d052ae4a6e9333bc4,6470101.0,SP,0.05,0.9001848017735566,44.0,71.4,0.11,0.0,60.0,529.0,5.0,1458.1200000000001,1458.1200000000001,0.2,0.2,0.0,0.0,0.8,1.0,Baixo Risco
9bac83ef296c3e7a31955569ce06c1dcc18963cd338224eb977354badae1afa2,7733100.0,RJ,1.0,0.7920666506147298,756.0,101.0,0.76,0.0,881.0,985.0,0.0,0.0,0.0,0.0,0.0,0.0,0.0,0.0,1.0,Baixo Risco
f99f61c1d662644eb8368d9e6aedb6422ae099a9ede0d7ac6647bbc7339bd176,4661300.0,MT,0.9362132414952836,0.2353534465110221,950.0,233.95454545454547,0.96,0.0,981.0,989.0,0.0,0.0,0.0,0.0,0.0,0.0,0.0,0.0,1.0,Baixo Risco
3e9e7143f9d699a5ea2715cf3d6637860ab4440b4a6a2ff4c5f646ce6e0e9c88,4781400.0,RS,1.0,0.8530041727895563,887.0,254.0,1.0,0.0,879.0,946.0,0.0,0.0,0.0,0.0,0.0,0.0,0.0,0.0,1.0,Baixo Risco
241b28e638fabd5fb3e37f0b12d401ef81090d84c3bd64fad16f8cea7b694828,4729699.0,RS,0.8861483028929024,0.8530041727895563,950.0,228.2706766917293,0.96,0.3278,982.0,986.0,0.0,0.0,0.0,0.0,0.0,0.0,0.0,0.0,1.0,Baixo Risco
925cdfaafc62ec5453c553313fd33363f1f54f281d93d08fc78e8d747215c73e,4771701.0,PR,0.9754892988741024,0.8530041727895563,951.0,212.57142857142856,0.98,0.0387,981.0,988.0,0.0,0.0,0.0,0.0,0.0,0.0,0.0,0.0,1.0,Baixo Risco
296ae8c62b584effd01ee54ab3b5734f5a47dc74a644cb9dda188463ce86bc15,4399103.0,SP,0.6186775862461756,1.0,778.0,196.0,0.81,0.37314,941.0,988.0,1.0,58400.0,58400.0,0.0,0.0,0.0,0.0,60.0,1.0,Baixo Risco
6cfe8629d7d56e1215bfa48c8b26a867b193cbc88160ecb4e2b162ba4e0331b7,4771701.0,PR,0.9901428471615856,0.8530041727895563,945.0,212.54166666666663,0.97,0.03301,980.0,989.0,0.0,0.0,0.0,0.0,0.0,0.0,0.0,0.0,1.0,Baixo Risco
eed51a2527f831cd697a953471dac213c930b9cf7467c2ee10b8de4a5c63bdf8,4771701.0,MA,0.8731535916360434,0.8530041727895563,676.0,201.1846153846154,0.89,0.06924,858.0,977.0,0.0,0.0,0.0,0.0,0.0,0.0,0.0,0.0,1.0,Baixo Risco
ae8c6cab044367bc8148924a4abe016d083e229a78ed81b6baf283a99393628d,4755501.0,GO,0.8459690058845759,0.8530041727895563,823.0,20.0,0.94,0.0,735.0,987.0,0.0,0.0,0.0,0.0,0.0,0.0,0.0,0.0,1.0,Baixo Risco
780589e0b9439aee3fb347168f709f6066f29c708263caf9bdec75e723db4f9f,4771701.0,SP,0.9209860751845476,0.8530041727895563,851.0,198.6060606060606,0.94,0.0502,960.0,986.0,0.0,0.0,0.0,0.0,0.0,0.0,0.0,0.0,1.0,Baixo Risco
d39ab38a8c0b62aae6d9ebdab5c371591b68bc681682089b56870333439a7eb8,4639701.0,SP,0.7186259911782945,0.2996186862060285,655.0,26.83018867924528,0.89,0.38013,215.0,972.0,1.0,40633.33,40633.33,1.0,1.0,0.0,0.0,56.0,1.0,Baixo Risco
bfa192dc38f4ba51214f6c36b633e1303f647393cebebead04273d2660649ec6,4685100.0,SP,0.7307244873987423,0.8530041727895563,507.0,95.6,0.85,0.63104,101.0,981.0,1.0,32895.0,32895.0,0.0,0.0,0.0,0.0,28.0,1.0,Baixo Risco
b2e468ffb76e440b890f044ef53766f4cfe34f094f45c33ab2b85b3467ceb565,4771701.0,SP,0.3641707782589252,0.8530041727895563,486.0,196.41176470588235,0.81,0.47472,941.0,877.0,0.0,0.0,0.0,0.0,0.0,0.0,0.0,0.0,1.0,Baixo Risco
d446fe569eff685af103233067dfd9bfcf2a317e427d9b89d537f75e2bea3ba9,4789005.0,SP,0.9445137133096986,0.7274835175665404,863.0,212.25,0.88,0.26905,966.0,989.0,0.0,0.0,0.0,0.0,0.0,0.0,0.0,0.0,1.0,Baixo Risco
bfa6b7e39aaed500ac4b5cea4ed353545a2c87f5d965fb21668c46cb2eac5240,4711302.0,GO,0.78132776507723,0.8530041727895563,913.0,204.4,0.91,0.05962,982.0,987.0,0.0,0.0,0.0,0.0,0.0,0.0,0.0,0.0,1.0,Baixo Risco
2514e7cc6d6a8fe310e762d7181c9430a62d2c40c1c7813d32ced9dd228031df,2449199.0,SP,0.2568173450311947,0.8530041727895563,166.0,81.0,0.54,0.27831,88.0,948.0,1.0,2916.39,2916.39,0.0,0.0,0.0,0.0,35.0,1.0,Baixo Risco
eb00d8ec0fe079ac773c16b2fec115905cd1f23a395fe5f3c0b4420c8ee9d206,4781400.0,PE,0.9863340821247948,0.8530041727895563,926.0,214.4,0.99,0.16503,980.0,988.0,0.0,0.0,0.0,0.0,0.0,0.0,0.0,0.0,1.0,Baixo Risco
4115784164470c308ea1f8ee51dda03418e09e387e0810ba71786edae33b0611,5611201.0,GO,0.9249284360520652,0.9411193657556596,945.0,185.50413223140492,0.95,0.02042,973.0,986.0,0.0,0.0,0.0,0.0,0.0,0.0,0.0,0.0,1.0,Baixo Risco
dfa792672273b39dcdcf21accbf05f58bd34bec4d31db1d8cd6ab729db44b75f,1731100.0,SP,0.9590295069031344,0.3710237211596687,847.0,246.7333333333333,0.94,0.00314,950.0,988.0,2.0,13385.140000000001,4653.02,1.5,0.5,0.0,8732.12,76.5,1.0,Baixo Risco
2944caf8cf9228488631afc22c3158bd3d796d05559af18a4eee90f4b05f9002,4781400.0,MG,0.5355746633719665,0.343077945005416,354.0,82.4,0.79,0.27606,852.0,987.0,0.0,0.0,0.0,0.0,0.0,0.0,0.0,0.0,1.0,Baixo Risco
e3873f4eaace94b8dffc54d7a8f8b04535424113cc5456fb5441a567ae75f9eb,4744001.0,MT,0.9117416563540868,0.868803545042668,948.0,243.4,0.94,0.0,983.0,989.0,0.0,0.0,0.0,0.0,0.0,0.0,0.0,0.0,1.0,Baixo Risco
c6341ae181fd306cda345b3f227a4bb44edd589a74afb73493bedc7c109dc2d1,4689301.0,SP,0.4525190351057991,0.8035073767844138,775.0,130.75,0.91,0.66513,956.0,986.0,1.0,2323.2,2323.2,1.0,1.0,0.0,0.0,61.0,1.0,Baixo Risco
c23bebe8d2c948bf43ac4b64835fcc3f9b5f363856d4c2e06799cdbf3081ce72,6470101.0,Sem Info,0.05,0.2094218759146378,288.0,93.2,0.53,0.0,60.0,143.0,7.0,5781.200000000001,1524.9,10.0,0.7142857142857143,0.0,4256.3,65.85714285714286,1.0,Baixo Risco
c6611076e7d31a079ceb262d088367464a22844a4233c586096c77304bd070db,139399.0,MA,0.7735359929670825,0.8530041727895563,821.0,162.26530612244898,0.96,0.30538,975.0,988.0,0.0,0.0,0.0,0.0,0.0,0.0,0.0,0.0,1.0,Baixo Risco
8557f9d76ff0d54880806719f1f86f360d954cc4568b2e06fec5ea298196e47a,4633801.0,SP,0.9161469490364896,0.8797046290547411,902.0,200.41666666666663,0.91,0.17117,979.0,988.0,0.0,0.0,0.0,0.0,0.0,0.0,0.0,0.0,1.0,Baixo Risco
f8e7eb2ebd54b8054c989a8df02edc92e85f8757c4344eea453d4fac90779c99,3101200.0,SP,0.9337433674595716,0.05,946.0,193.92,0.96,0.13219,984.0,989.0,2.0,8437.58,8437.58,0.0,0.0,0.0,0.0,27.5,1.0,Baixo Risco
1f21c50a8b4caa10bbee93415ab4f5668aabf3e9a696b02371e7fbe665c68a23,4771701.0,SP,0.9799791136688392,0.8530041727895563,890.0,231.1379310344828,0.9,0.0,867.0,985.0,0.0,0.0,0.0,0.0,0.0,0.0,0.0,0.0,1.0,Baixo Risco
107a8e6279dc90f3817ba842e68e735542b36afc41b5f8f13c35f8b429a5ba15,4781400.0,SP,0.9229193708584176,0.8530041727895563,914.0,224.0909090909091,0.94,0.0,975.0,988.0,0.0,0.0,0.0,0.0,0.0,0.0,0.0,0.0,1.0,Baixo Risco
8417f78de291ec355dbf1c55fdef78023d6c1dc0481f6c93c1512a81f497c07a,4635402.0,SC,0.5300650378498821,0.8530041727895563,785.0,13.666666666666666,0.69,0.65707,798.0,984.0,0.0,0.0,0.0,0.0,0.0,0.0,0.0,0.0,1.0,Baixo Risco
66e93626f37047daa2004db9a212eb228f70d098f99adeed1043232d80c3ded7,4772500.0,SP,0.7480244648542939,1.0,545.0,78.66666666666667,0.86,0.16236,933.0,987.0,0.0,0.0,0.0,0.0,0.0,0.0,0.0,0.0,1.0,Baixo Risco
0ee8d64b585ff47337a9105472855f853a615c9609a0c8b50adae52c78d6b06d,4744001.0,SC,0.9890054138116784,0.9817572014168736,959.0,250.55555555555557,0.98,0.0,979.0,988.0,0.0,0.0,0.0,0.0,0.0,0.0,0.0,0.0,1.0,Baixo Risco
51990898cc37fc5f7338e9ebf66a7ced2a170e12d3861e775369caa2bc69c0cd,6920601.0,SP,0.9197344917422884,0.8441261447098742,799.0,113.33333333333331,0.87,0.44138,951.0,988.0,0.0,0.0,0.0,0.0,0.0,0.0,0.0,0.0,1.0,Baixo Risco
cc842819a92e3e0915e295ff0c904f78c1990fba954e8d9dfe4b4b76f6aae656,4689399.0,RS,0.5842873213543954,0.1979014158722502,575.0,178.0,0.82,0.07945,804.0,985.0,4.0,43608.89,43608.89,0.0,0.0,0.0,0.0,27.0,1.0,Baixo Risco
ce57bedef46630ee1179ce8a2fc61c6547d04f596aa59b31d1e1099de8a6327d,4721103.0,DF,0.888675782834483,0.8530041727895563,845.0,189.0967741935484,0.85,0.12668,806.0,985.0,0.0,0.0,0.0,0.0,0.0,0.0,0.0,0.0,1.0,Baixo Risco
a81122f761eb1f6967bb0fb76031447d0500f46fe8905d535babc822210d0cc6,4530703.0,MG,0.656018683298635,0.5897994572550516,445.0,203.21621621621625,0.74,0.02874,928.0,988.0,0.0,0.0,0.0,0.0,0.0,0.0,0.0,0.0,1.0,Baixo Risco
afcb53973843703dbad66776ce70f25476b0922c906275f6e821d88bc45b8db0,4530703.0,GO,0.690361088640248,1.0,452.0,116.39473684210526,0.74,0.23054,925.0,985.0,0.0,0.0,0.0,0.0,0.0,0.0,0.0,0.0,1.0,Baixo Risco
3628b93465385ce2b5903b29cb6a64479d72e7105c45f6feb29c3a3cbbe1ffea,8640202.0,ES,0.3061818050484697,0.8530041727895563,110.0,77.33969465648855,0.42,0.1589,162.0,987.0,0.0,0.0,0.0,0.0,0.0,0.0,0.0,0.0,1.0,Baixo Risco
0f44145fae61bad664f026df9c3fba66ddda39802fd0c2dc6f2b3d631a960bd5,1412601.0,ES,0.8486554572540581,0.8530041727895563,583.0,139.88118811881188,0.91,0.07182,912.0,986.0,0.0,0.0,0.0,0.0,0.0,0.0,0.0,0.0,1.0,Baixo Risco
08855cedc1fbc6a1dcdbf6dab2d833e9cecd9d48e46371a7586e5a6107d12fd1,4744001.0,GO,0.7760998237678822,0.8530041727895563,929.0,168.54545454545453,0.95,0.0,978.0,987.0,0.0,0.0,0.0,0.0,0.0,0.0,0.0,0.0,1.0,Baixo Risco
88c3a55f710882ea027d31c2becaaf3e3f606d4c03dd8c71cfaddb2f7014aff6,4781400.0,PR,0.9920023771902666,0.8530041727895563,929.0,216.22222222222223,0.97,0.0,971.0,987.0,0.0,0.0,0.0,0.0,0.0,0.0,0.0,0.0,1.0,Baixo Risco
adce8baf718444f3931219de4c306e5df6cec8c9f23589308c3534b5f79765ea,6319400.0,RJ,0.6695231294562749,0.6442645293546461,624.0,71.0,0.87,0.0,909.0,988.0,57.0,18051.02,16202.73,2.473684210526316,0.38596491228070173,0.0,1848.29,80.98245614035088,1.0,Baixo Risco
3898c9e64f56aa8b4f911a473f4aafc84d3999912214e349c27c2617cd8866e9,4110700.0,Sem Info,0.9170490862708056,0.8530041727895563,844.0,30.0,0.91,0.0,939.0,988.0,0.0,0.0,0.0,0.0,0.0,0.0,0.0,0.0,1.0,Baixo Risco
81f523db5c14571cae48b64d45355a99e0e3125ba9c90beb67eef2da40eb2473,4774100.0,SP,0.2397544685618776,0.8530041727895563,165.0,115.0,0.75,0.1897,88.0,920.0,0.0,0.0,0.0,0.0,0.0,0.0,0.0,0.0,1.0,Baixo Risco
525f8f32c24028a146209150b59dcb53b37839fe79a8a299a0791fd78125564d,6462000.0,SP,0.9961160038797526,0.8530041727895563,839.0,197.5,0.85,0.0,949.0,989.0,0.0,0.0,0.0,0.0,0.0,0.0,0.0,0.0,1.0,Baixo Risco
040442ac14fbb8a32b7b47da75bed955817f53134008cefcf628fd82ea5c44e7,4781400.0,MG,0.9682446194285828,0.8530041727895563,903.0,213.8571428571429,0.92,0.07555,975.0,989.0,0.0,0.0,0.0,0.0,0.0,0.0,0.0,0.0,1.0,Baixo Risco
293d6e342936486a48ae45e6cbd96adb3a880f8f72e7284ff788a2e296195eb8,4649408.0,SP,0.986184347776122,0.9628193155877308,808.0,239.73684210526315,0.89,0.0,944.0,987.0,1.0,4486.94,4486.94,0.0,0.0,0.0,0.0,31.0,1.0,Baixo Risco
2877bd592493d0b80bbfc988736bdce572fe87e2396130554fd75bc384b2cd32,1013901.0,GO,0.8215189241196889,0.7939088915920861,882.0,140.7826086956522,0.91,0.55474,969.0,986.0,0.0,0.0,0.0,0.0,0.0,0.0,0.0,0.0,1.0,Baixo Risco
9476c222bb8654521770f91b9c87fb0b0fe50234f3895e04ab3b54cd3ddbfdb5,4530701.0,Sem Info,0.8625889928620198,0.8530041727895563,145.0,219.53333333333333,0.4,0.0,92.0,840.0,1.0,2378.0,2378.0,0.0,0.0,0.0,0.0,92.0,1.0,Baixo Risco
71c73947195c307364c17621dd0033912c62c8a3bc6b1bad24a9e5512b640fc8,6422100.0,RJ,0.6467003814349858,0.9720677726181144,754.0,113.36065573770492,0.8,0.00163,887.0,989.0,0.0,0.0,0.0,0.0,0.0,0.0,0.0,0.0,1.0,Baixo Risco
94170ccf14de62a7a1fa8637084f45166e6753cc7e588495b8e6b3dd38175fcf,9430800.0,RJ,0.5512513666037704,0.8530041727895563,631.0,118.8,0.74,0.05011,145.0,968.0,1.0,141765.14,0.0,0.0,0.0,0.0,141765.14,112.0,1.0,Baixo Risco
a84454152274c35ab9cf57f3718440f0fad51d3b37ab1541b207724739627bd3,2121101.0,RJ,0.6196298184942454,0.8530041727895563,355.0,77.41587301587302,0.8,0.18848,963.0,988.0,0.0,0.0,0.0,0.0,0.0,0.0,0.0,0.0,1.0,Baixo Risco
9315694802c76805a9932bde6cbaa257aaca63fa82e36da49a5eee5f5376c934,4712100.0,PR,0.9495271606295131,0.05,887.0,136.33333333333334,0.92,0.0,922.0,983.0,0.0,0.0,0.0,0.0,0.0,0.0,0.0,0.0,1.0,Baixo Risco
f9e7dc3e0c0c2fdf842dd97b62952df1a6dc49a55671652d74c8abeff67802ff,4761003.0,MS,0.9862302814505416,0.8284781412262155,937.0,229.5,0.97,0.0,976.0,989.0,0.0,0.0,0.0,0.0,0.0,0.0,0.0,0.0,1.0,Baixo Risco
4037a1e24669cb34418778bba80d3f4987e9dd00d97ea8f97d1995754818a851,2062200.0,AL,0.6005675899359869,0.8305452821036489,215.0,21.2,0.77,0.62224,193.0,896.0,0.0,0.0,0.0,0.0,0.0,0.0,0.0,0.0,1.0,Baixo Risco
e458415808ab910665dbbb7bdf9a8298cd70b37272c6ae226697588efeaedf13,5620104.0,RS,0.864331847960628,0.8530041727895563,860.0,101.0,0.88,0.0,850.0,970.0,0.0,0.0,0.0,0.0,0.0,0.0,0.0,0.0,1.0,Baixo Risco
4608e3df7413949fdd8092f4298f9cca83dacec90a8904bddb30c190bf2a1ee5,4781400.0,MG,0.8829713890198733,0.8530041727895563,759.0,116.6,0.71,0.01388,713.0,986.0,0.0,0.0,0.0,0.0,0.0,0.0,0.0,0.0,1.0,Baixo Risco
6c53e2a9f2af5480ce8207b1764e5a209031fb5af9080c71fcb60385db386ed4,4712100.0,MA,0.9967749956343408,0.8530041727895563,694.0,228.14285714285717,0.93,0.0,956.0,986.0,0.0,0.0,0.0,0.0,0.0,0.0,0.0,0.0,1.0,Baixo Risco
0ec6749c2940057354ac14f334ae3fbadda0430444bcb5818f97e00c98fe4a8f,4619200.0,SP,0.7405850374334082,0.082577596128717,187.0,143.11764705882354,0.6,0.02812,332.0,974.0,9.0,4667.33,4667.33,0.0,0.0,0.0,0.0,52.55555555555556,1.0,Baixo Risco
6e36e85489d795efde4ad153e3dcc6d78222e7661b3183c1ed669b4bff96d702,4781400.0,GO,0.8588030674959023,0.8530041727895563,629.0,21.0,1.0,0.0,833.0,960.0,0.0,0.0,0.0,0.0,0.0,0.0,0.0,0.0,1.0,Baixo Risco
b9b1b76555021ddf8783c6640b0afd808f0207efe408e83b2d7b9e9cd081c466,4789099.0,SP,0.9974149481998724,0.894481396493193,947.0,240.125,0.95,0.0,982.0,988.0,0.0,0.0,0.0,0.0,0.0,0.0,0.0,0.0,1.0,Baixo Risco
eaf61810f9f19df03920e79a74c7241ef69fcd9990ac22b8aaf1614b75839a04,4771701.0,SC,0.9050036310635496,0.8530041727895563,958.0,227.1012658227848,0.97,0.03253,971.0,988.0,0.0,0.0,0.0,0.0,0.0,0.0,0.0,0.0,1.0,Baixo Risco
b2f510f3072785c4a814ef93d90013f6ecf3a0ece2539f26410dd04d4f8ddcb5,4771701.0,PR,0.8988552521290297,0.8530041727895563,934.0,228.67441860465115,0.99,0.11929,972.0,988.0,0.0,0.0,0.0,0.0,0.0,0.0,0.0,0.0,1.0,Baixo Risco
15e216ad221762d821b42d8f19b3ee8602f3bd55b149ce7cf9c0442d59fa2347,4771701.0,PR,0.9066795578273004,0.8530041727895563,881.0,169.57142857142858,0.95,0.0,974.0,987.0,0.0,0.0,0.0,0.0,0.0,0.0,0.0,0.0,1.0,Baixo Risco
da29656683431c24805cb048518eef4399a1498e0123b8d7c9b4ff9d13a84c52,4771701.0,PR,0.929394976954676,0.8530041727895563,966.0,215.94117647058823,0.98,0.20395,981.0,988.0,0.0,0.0,0.0,0.0,0.0,0.0,0.0,0.0,1.0,Baixo Risco
ef3ee0a2bb80296505fa204b43ddf42c340c9a005225bfbc387c408cf025b39d,4729699.0,PR,0.955935898787914,0.8530041727895563,952.0,215.42857142857144,0.99,0.0,969.0,988.0,0.0,0.0,0.0,0.0,0.0,0.0,0.0,0.0,1.0,Baixo Risco
75bcd5a717765c8d1a50229e1f552958b80ca955746026cc5e6b1d990aaf58c7,1013901.0,DF,0.9741546673981546,0.908065577619259,820.0,180.23529411764707,0.93,0.08038,954.0,986.0,0.0,0.0,0.0,0.0,0.0,0.0,0.0,0.0,1.0,Baixo Risco
c740d1efdcaf45c6468df0f266e76eabfaad6d842b09ec9f3616ab8e380af20c,4781400.0,MG,0.908730325249848,0.8530041727895563,855.0,216.75,0.92,0.33127,959.0,988.0,0.0,0.0,0.0,0.0,0.0,0.0,0.0,0.0,1.0,Baixo Risco
8511c88b3e7579daa287f92b68868587124fde2efd410909fe06706b07fb751e,4789004.0,BA,0.7338044870935357,0.8530041727895563,480.0,102.2,0.93,0.18401,291.0,970.0,0.0,0.0,0.0,0.0,0.0,0.0,0.0,0.0,1.0,Baixo Risco
0968abcd83fa8c0698e7f2aa5c5817bea86fddbd201f2b99bccb0431b243daaf,4782201.0,SC,0.9594384364041196,0.8530041727895563,964.0,251.5,0.95,0.0,978.0,988.0,0.0,0.0,0.0,0.0,0.0,0.0,0.0,0.0,1.0,Baixo Risco
cd44a6fc6e36dec6085062de59fb83d59dcfdadc10e44cc2050c6d45a67af171,1013902.0,RJ,0.8531126069903809,0.3935068865257038,830.0,126.0,0.93,0.02294,977.0,987.0,2.0,71766.0,0.0,62.0,1.0,0.0,71766.0,90.0,1.0,Baixo Risco
8bed2500b07306931545f1494d7986f706ad0f7942fc679dec7729c30507744a,4771701.0,PR,1.0,0.8530041727895563,964.0,251.5,0.99,0.0,979.0,989.0,0.0,0.0,0.0,0.0,0.0,0.0,0.0,0.0,1.0,Baixo Risco
99a6e613491e6a21ae6f6b8d3c088ffa0d1c4b4cef7f1ce5768cf7be5d08902f,4321500.0,CE,0.4800234127557646,0.8530041727895563,568.0,0.0,0.5,0.0,875.0,979.0,0.0,0.0,0.0,0.0,0.0,0.0,0.0,0.0,1.0,Baixo Risco
245506ca5b8c7d2318d043a205466d14480ec90127abbeca9b82d7e328c73687,4782201.0,RO,0.4014304281619287,0.05,879.0,175.75,0.8,0.0,468.0,935.0,0.0,0.0,0.0,0.0,0.0,0.0,0.0,0.0,1.0,Baixo Risco
4815acbdd1831123ddf6539e281448002cd7c8546b40e8db5ecfc5b9b2fb3ac9,1052000.0,PA,0.744481812098651,0.7183552843976838,166.0,30.0,0.73,0.28737,171.0,970.0,1.0,23927.16,23927.16,0.0,0.0,0.0,0.0,28.0,1.0,Baixo Risco
cd5a0611474c6d7d8901a7f0dfa6dca53a7dddf13429a0804512d5f5843703c3,4781400.0,BA,0.9838672214033698,0.8530041727895563,951.0,214.0,0.97,0.0,984.0,988.0,0.0,0.0,0.0,0.0,0.0,0.0,0.0,0.0,1.0,Baixo Risco
04377762b04d436e2c3e904b584b2da18806768e992c235ac53026be401aba09,4755502.0,BA,0.9809180344766096,0.8530041727895563,933.0,269.0,0.96,0.0,972.0,988.0,0.0,0.0,0.0,0.0,0.0,0.0,0.0,0.0,1.0,Baixo Risco
e602c5f05906dbe06b8e8ad1b5b0a1b632c7a285b4f6cee29db5e4988c0d710e,6470101.0,SP,1.0,0.6174005446126477,671.0,0.0,1.0,0.0,875.0,936.0,2.0,977611.5499999999,977611.5499999999,0.0,0.0,0.0,0.0,1.5,1.0,Baixo Risco
0dd872afc43902b91e3efee914753bc1d16b3317a303a713e412311575332d3d,3101200.0,Sem Info,0.2696487007180756,0.8530041727895563,489.0,8.133333333333333,0.47,1.0,164.0,864.0,4.0,69929.56,0.0,0.0,0.0,0.0,69929.56,5.0,1.0,Baixo Risco
2783ea69f1412780fc7a1af2140a1685a0ebcaeefb0ca4c61fa825497501fc35,4771701.0,RN,0.7826036971362718,0.8530041727895563,558.0,184.0,0.81,0.0,945.0,987.0,0.0,0.0,0.0,0.0,0.0,0.0,0.0,0.0,1.0,Baixo Risco
3f76c840b9370d73c02c7c6a6be622f5018304c69b721c63dba3eead2aa3b067,1731100.0,MG,0.3093653772448214,0.8530041727895563,534.0,142.75,0.61,0.12194,616.0,934.0,0.0,0.0,0.0,0.0,0.0,0.0,0.0,0.0,1.0,Baixo Risco
fc8f764a109880de2f1264fa2498a233dc8dfdca6014f09eadec6c9c95b9eacb,4541202.0,SP,0.7651683254749563,0.8530041727895563,804.0,128.0806451612903,0.87,0.03855,981.0,988.0,0.0,0.0,0.0,0.0,0.0,0.0,0.0,0.0,1.0,Baixo Risco
c9a0a178bbb24344ab2c3a9d34ab3b4ecb3aa119965bdcda3371fa4dbf820970,8211300.0,SP,0.9970950810145086,0.7952436943040713,929.0,243.28571428571428,0.93,0.0,658.0,983.0,0.0,0.0,0.0,0.0,0.0,0.0,0.0,0.0,1.0,Baixo Risco
37749fc1f24b170c40fde9c10e124debd8ed1be64e7edfee2ab719207226b9e6,4642701.0,MT,0.993784684215242,0.8530041727895563,933.0,201.75,0.97,0.06329,980.0,987.0,0.0,0.0,0.0,0.0,0.0,0.0,0.0,0.0,1.0,Baixo Risco
87fb468e35c71aa565d8b038d6b18f28d826a53dbec6181917f9c6399870695b,4771701.0,PR,0.8731936595163523,0.8530041727895563,895.0,206.08333333333331,0.96,0.04763,982.0,988.0,0.0,0.0,0.0,0.0,0.0,0.0,0.0,0.0,1.0,Baixo Risco
1c1a94db7977750dec90c945ef1c2ca14e548afa0383928e1bdc5b3604d658f3,4691500.0,SP,0.05,0.8530041727895563,38.0,191.25,0.05,0.15746,25.0,56.0,1.0,7074.41,0.0,122.0,1.0,0.0,7074.41,488.0,1.0,Baixo Risco
f2d04d5759df1f70ad42d35c0f5cf080787ac3c6008b61ce6f50147fdd65ea41,4781400.0,SC,0.05,0.8530041727895563,118.0,95.16666666666669,0.59,0.27628,80.0,846.0,0.0,0.0,0.0,0.0,0.0,0.0,0.0,0.0,1.0,Baixo Risco
12719eedc47a03adfd63cba65fe0e38c944027e6cf5c5630b1946fc57ec338f8,4744099.0,PI,0.1995437056353636,0.8530041727895563,119.0,58.8,0.77,0.30963,28.0,799.0,0.0,0.0,0.0,0.0,0.0,0.0,0.0,0.0,1.0,Baixo Risco
bae54f64b24b54834e69508cb1e72bef7dbff01ec9f73ed394ec527e53fd922c,2511000.0,SP,0.6550289333951309,0.7353818245069221,587.0,65.8,0.85,0.50587,75.0,962.0,2.0,3894.99,3894.99,0.5,0.5,0.0,0.0,61.5,1.0,Baixo Risco
8d792057afc956fbac44b070f5febd7d9289c895119f9eb9ca6d9fce7acfff7a,5231101.0,SP,0.2779798405658109,0.6959968093085458,234.0,109.37254901960785,0.41,0.10958,846.0,987.0,0.0,0.0,0.0,0.0,0.0,0.0,0.0,0.0,1.0,Baixo Risco
835819818098ba56ddea7c24b0a914df763b2fc5192e9f4873a7ab4b61b05ad7,4685100.0,Sem Info,0.553978177597994,0.6983424250319298,833.0,45.84615384615385,0.86,0.37465,312.0,980.0,5.0,65154.49,65154.49,0.4,0.2,0.0,0.0,71.6,1.0,Baixo Risco
2dcf86e2a08c274836b25cc7f2eaf850103004d6d8310e6b7c01b46a3bd98fb9,4761003.0,DF,0.3685694903137832,0.8530041727895563,176.0,86.48148148148148,0.59,0.20293,58.0,973.0,0.0,0.0,0.0,0.0,0.0,0.0,0.0,0.0,1.0,Baixo Risco
6fa6d1300951c145a18402cf955c414f16f60a3804e05746d6c22178a2e9b887,1412601.0,SP,0.7003232939732245,0.7078703174837211,895.0,220.91176470588235,0.93,0.01544,977.0,988.0,2.0,3222.83,3222.83,0.0,0.0,0.0,0.0,74.5,1.0,Baixo Risco
b3f2db17d3c14a6193b1432820eca7b47d9fa5ed4c2ddca6df2e1b547f4c6f18,4759899.0,SP,0.6483642992824354,0.8530041727895563,295.0,160.5,0.62,0.0,187.0,941.0,0.0,0.0,0.0,0.0,0.0,0.0,0.0,0.0,1.0,Baixo Risco
19f613e5651c75048c24655646aa21d309b96eda0a0ab64c704181b39b83878e,2062200.0,Sem Info,0.9706215764873464,0.7413855057808066,953.0,245.66666666666663,0.97,0.09198,980.0,988.0,1.0,969.31,969.31,0.0,0.0,0.0,0.0,33.0,1.0,Baixo Risco
5a83b8939ffdba3af47385f79b1068f588c6bf0a4442f7c48291bde6db3f5c3f,5611201.0,PR,0.9817449029181944,0.8530041727895563,951.0,232.46153846153845,0.97,0.0,981.0,988.0,0.0,0.0,0.0,0.0,0.0,0.0,0.0,0.0,1.0,Baixo Risco
57c0a602f789161422c0e9788df612f27d2e0c232550ec71624a4e0ebe0800eb,3299099.0,SP,0.8862789881290112,0.8530041727895563,746.0,168.25,0.84,0.03966,908.0,978.0,0.0,0.0,0.0,0.0,0.0,0.0,0.0,0.0,1.0,Baixo Risco
45a4d974314ab4b8fa7a09db4e2280d2f5268de60ff8910282170dc0ddd53840,4771701.0,PR,0.9789006846884234,0.8530041727895563,963.0,244.25,0.98,0.0,973.0,989.0,0.0,0.0,0.0,0.0,0.0,0.0,0.0,0.0,1.0,Baixo Risco
0a89063e4a1ea89d9f2e54c8bb892b63cd9e8ed1d96458b7bf91f728aea00492,4771701.0,RS,0.903881555664062,0.8530041727895563,872.0,172.3,0.94,0.21718,976.0,986.0,0.0,0.0,0.0,0.0,0.0,0.0,0.0,0.0,1.0,Baixo Risco
692800815a80128c7e5f07fbfe4e441b97560f7283182bf836e8730b6319cc3d,4781400.0,BA,1.0,0.8530041727895563,900.0,0.0,1.0,0.0,859.0,975.0,0.0,0.0,0.0,0.0,0.0,0.0,0.0,0.0,1.0,Baixo Risco
c129c7b6779a5bd26bc7901b4118a712f037c98aed90d567869bc0542f3227c8,4930202.0,SP,0.8597345757022192,0.7010664955273911,750.0,13.5,0.69,1.0,792.0,986.0,1.0,576.25,576.25,0.0,0.0,0.0,0.0,24.0,1.0,Baixo Risco
4dec6f1b18bda0e76d4ff091378d73ec283bf46557cb3f99651e4a679e64d881,4712100.0,SP,0.6512521514231444,0.8530041727895563,863.0,136.16666666666666,0.91,0.01912,967.0,988.0,0.0,0.0,0.0,0.0,0.0,0.0,0.0,0.0,1.0,Baixo Risco
cb00691da6f99ec1b6fc5e65aca0a5b0af923be11c4a8a6ecae00e80a95809e9,4930202.0,MG,1.0,0.8530041727895563,751.0,0.0,1.0,0.0,778.0,925.0,0.0,0.0,0.0,0.0,0.0,0.0,0.0,0.0,1.0,Baixo Risco
a608598d9da45342f482618e66312597be627fe8d8d4fa4565fb0b9838219996,2733300.0,SP,0.8778954554631236,0.5706138458892462,958.0,220.3170731707317,0.97,0.0038,983.0,988.0,0.0,0.0,0.0,0.0,0.0,0.0,0.0,0.0,1.0,Baixo Risco
3ba5515669284b3a51b6d8b8f5bb3f80970cfc2bdb6daaa9880b6f1edc02b0bb,8211300.0,AL,0.7390735409578645,0.8530041727895563,104.0,0.0,0.44,0.0,45.0,565.0,0.0,0.0,0.0,0.0,0.0,0.0,0.0,0.0,1.0,Baixo Risco
65e5223534d2c8b4a493e2c7ce7c8d1268cf06e56a3715c9d33dd2a54a4c522f,5211701.0,PE,0.7775782291218273,0.5139306016426718,412.0,114.51351351351352,0.85,0.09335,914.0,986.0,0.0,0.0,0.0,0.0,0.0,0.0,0.0,0.0,1.0,Baixo Risco
3846e184cf757f0e4f246993940987101ec96509d96ce5c88678e2892f9165fa,4623109.0,ES,0.1857986998776691,0.7107436837586856,811.0,120.2,0.61,0.62767,240.0,963.0,0.0,0.0,0.0,0.0,0.0,0.0,0.0,0.0,1.0,Baixo Risco
8619319b91727cbbb3011a0eb1071483834e56a73bc87cfe13d3893f53e7f0c7,4711302.0,GO,0.9556524532754695,0.8530041727895563,964.0,61.69767441860465,0.96,0.21025,982.0,989.0,0.0,0.0,0.0,0.0,0.0,0.0,0.0,0.0,1.0,Baixo Risco
fb434a60ae74fa4b1e64330d2e26031ee49973f86e8d4ffe86736265ef3207a7,2862300.0,MT,0.9886125127606882,0.9628610404317364,829.0,158.66666666666666,0.86,0.0,966.0,988.0,0.0,0.0,0.0,0.0,0.0,0.0,0.0,0.0,1.0,Baixo Risco
5e5aa6ba90c6bf83342c4f5461976dcfef4003c026b03e9462e047f1d49f1666,6203100.0,RJ,0.3569238106762298,0.8050110427399606,437.0,88.7560975609756,0.77,0.02451,441.0,984.0,2.0,24252.370000000003,24252.370000000003,0.0,0.0,0.0,0.0,134.5,1.0,Baixo Risco
765c71ff01ceee8116d7ddb5dcab7ccf8ebee7f93e78dfef8867eaea0f2e3c52,4771701.0,PR,0.9207543034702038,0.8530041727895563,949.0,211.38,0.96,0.13338,976.0,986.0,0.0,0.0,0.0,0.0,0.0,0.0,0.0,0.0,1.0,Baixo Risco
a1b93c534d2d807d47bcd8b4b1511de559edf9480851f918272644eda49362f0,2091600.0,SP,0.9485648644867658,0.8795671615062315,854.0,184.83544303797467,0.95,0.00664,954.0,988.0,0.0,0.0,0.0,0.0,0.0,0.0,0.0,0.0,1.0,Baixo Risco
5b1bf048530ae38fdc983ed58f256cfdefbd5358298b70736d58f3dc38ae3b02,4922102.0,SP,0.7499202566115452,0.7980544046412481,932.0,197.33333333333331,0.96,0.11833,979.0,988.0,0.0,0.0,0.0,0.0,0.0,0.0,0.0,0.0,1.0,Baixo Risco
62c32401efdbd0894de6ac557970b2bf113e9ca873c9e3fe677a3ed0fab984a7,4781400.0,PE,0.9256485420026564,0.8530041727895563,776.0,112.63636363636364,0.94,0.29461,976.0,988.0,0.0,0.0,0.0,0.0,0.0,0.0,0.0,0.0,1.0,Baixo Risco
e3bf4dbb680709ddd5a4874e20e5bdd5ebc5dd99ce821a9a52e5719d7ca6170b,4673700.0,RS,0.665187714843592,0.8969344462055547,532.0,133.752508361204,0.77,0.21967,119.0,982.0,1.0,2681.16,2681.16,0.0,0.0,0.0,0.0,60.0,1.0,Baixo Risco
3f6852ecff70162746954e9806dfbebb302c489e8efa63040ba9dc5a44fe20cb,4652400.0,RS,0.2481813804910497,0.9511970597003658,182.0,112.4516129032258,0.55,0.10013,95.0,974.0,0.0,0.0,0.0,0.0,0.0,0.0,0.0,0.0,1.0,Baixo Risco
ebcd906e64635d8787b6847f51fdd69166efa9ea81fdcf6df1aafffff26e62bd,4530701.0,SP,0.9879428679554876,0.945812221631719,965.0,234.8947368421053,0.99,0.0,984.0,988.0,0.0,0.0,0.0,0.0,0.0,0.0,0.0,0.0,1.0,Baixo Risco
1287372f740f0c64c53d606d48270b8293a8079a0eb55f070747e53948cd7dea,4781400.0,SP,0.9502750974895404,0.05,944.0,275.0,0.94,0.0,978.0,989.0,0.0,0.0,0.0,0.0,0.0,0.0,0.0,0.0,1.0,Baixo Risco
9171d94bcd623e0aa2ac976c150ecfb1d5df9d6cf3c9547c7e7cccf29835d857,1093701.0,SP,0.3146740256418908,1.0,663.0,150.03174603174602,0.83,0.32356,933.0,979.0,0.0,0.0,0.0,0.0,0.0,0.0,0.0,0.0,1.0,Baixo Risco
ce96c84bd9877c554aa482ff1a3e0431674411b69030cd8c8407517dbb3b00f4,2531402.0,SP,0.8641210116665243,0.35821414401587,955.0,198.21052631578948,0.92,0.28783,979.0,986.0,0.0,0.0,0.0,0.0,0.0,0.0,0.0,0.0,1.0,Baixo Risco
e59190ffa2c12485d3c8402f14e828885c140c53aef96d432114bdc2af252c00,1749400.0,SP,0.6485600700871629,0.921310325184034,828.0,191.5,0.88,0.29688,980.0,988.0,1.0,1822.16,1822.16,0.0,0.0,0.0,0.0,42.0,1.0,Baixo Risco
6410a8970bc0aa2b5046fe7ed12a873f66f5af97f35172f4390b18a608a40bd2,1412601.0,SC,0.1327161478483472,0.2737639906533642,265.0,111.0,0.54,0.1948,110.0,557.0,2.0,357.68,373.48,5.5,1.0,0.0,-15.799999999999983,80.0,1.0,Baixo Risco
1bdab1eeff33e1d041689cfb1911411fe9ec8e2d513f42f642cd1c8cb5f4981c,2449199.0,SP,0.9945223094750116,0.8604902008386971,964.0,218.47368421052636,0.98,0.0162,982.0,989.0,0.0,0.0,0.0,0.0,0.0,0.0,0.0,0.0,1.0,Baixo Risco
e891d93bd1dda61d3f6297eba9ae3369486b90fdc93ff01ca40b4ec20d787137,2593400.0,SP,0.8017826683631109,1.0,920.0,209.5,0.92,0.45116,981.0,989.0,0.0,0.0,0.0,0.0,0.0,0.0,0.0,0.0,1.0,Baixo Risco
5930d9ac7b97f56a289110a07ece1144e32482f7fecac54733bc635e299e4062,2733300.0,SP,0.8638997085169451,0.7490155978415732,958.0,207.2063492063492,0.94,0.00052,981.0,988.0,4.0,24226.7,22050.5,1.5,0.25,0.0,2176.2,50.5,1.0,Baixo Risco
f052905a64862f99018d18f52323264b4424bbbed20b713da3e01ae52152d3ff,2733300.0,SP,0.9327600844217746,0.8503649595093021,922.0,124.14285714285714,0.97,0.0,974.0,988.0,0.0,0.0,0.0,0.0,0.0,0.0,0.0,0.0,1.0,Baixo Risco
0e5fb7efbbd13d2349db9619e3fe4106120c8f9db57c16b6351eab6619a7b2f5,2422901.0,SP,0.6620263990136794,0.9244748642907716,932.0,139.5,0.94,0.0,978.0,988.0,1.0,9074.64,9074.64,0.0,0.0,0.0,0.0,27.0,1.0,Baixo Risco
17ec8bd7423a809778388d267c5e9b3ad9714de23ebcb5ae7778e9e342d2c204,4711302.0,SP,0.9292754392819949,0.8530041727895563,956.0,214.74193548387095,0.98,0.09,981.0,989.0,0.0,0.0,0.0,0.0,0.0,0.0,0.0,0.0,1.0,Baixo Risco
b4cfc5c6db5099a3c8a580ba12b0312984c26f5e015f66de8373fb43576bcba9,8211300.0,RJ,0.0902558829532688,0.05,267.0,138.50299401197606,0.64,0.0108,623.0,981.0,1.0,280372.65,280372.65,0.0,0.0,0.0,0.0,171.0,1.0,Baixo Risco
987492b9139d3e6dd4ecdf26b91a19f7b16fb44c6528772e3e5198fab15aa7d5,2943300.0,SC,0.823895817653371,0.8530041727895563,737.0,88.0,0.84,0.0,879.0,988.0,1.0,1092.22,1092.22,0.0,0.0,0.0,0.0,56.0,1.0,Baixo Risco
c77828ea34760c39929a49a42657873a7a8f446212d2ae7c9d75cbf6fe865302,1413401.0,PR,0.8740486070233553,0.9019572281668432,687.0,190.7058823529412,0.87,0.0,928.0,987.0,0.0,0.0,0.0,0.0,0.0,0.0,0.0,0.0,1.0,Baixo Risco
e6cd01e65529728288bdf5c098817aa782ba0b17e24d5a8a501e63103c39d64d,5611201.0,GO,0.937262451517886,1.0,951.0,251.82857142857145,0.94,0.0,973.0,989.0,0.0,0.0,0.0,0.0,0.0,0.0,0.0,0.0,1.0,Baixo Risco
9bcbb9eaa97522a5bf1dd6fdb4f3973c4c487f7129de74012b3c8839b95eeac8,4644301.0,BA,0.9042279518311648,0.9015490077431736,913.0,204.81656804733728,0.98,0.08546,983.0,988.0,5.0,1040.8,1040.8,0.6,0.4,0.0,0.0,65.8,1.0,Baixo Risco
70550be01d8b81bb43dd2468441647ba22a115f16924180bf35bf8e9378f3d74,4711302.0,PR,0.9065985693337862,0.8530041727895563,914.0,211.69767441860463,0.95,0.07621,896.0,986.0,0.0,0.0,0.0,0.0,0.0,0.0,0.0,0.0,1.0,Baixo Risco
e3e33b91504457eebf50703f3075941e4c98707be6511ffa27cd96da4a2f5547,4771701.0,PR,0.9498606288753226,0.8530041727895563,929.0,168.56,0.96,0.1065,978.0,986.0,0.0,0.0,0.0,0.0,0.0,0.0,0.0,0.0,1.0,Baixo Risco
90da5faff948e0bd0386bb30c36232131e510e0364cf55a7ad8380c919421343,4711302.0,Sem Info,0.9778125839155738,0.9253957262625616,949.0,246.74,0.96,0.00832,980.0,988.0,0.0,0.0,0.0,0.0,0.0,0.0,0.0,0.0,1.0,Baixo Risco
f99ac681dbaf6fcda262d9e1091692c3adebafb8a29b432428701e91fce9d3b5,4623102.0,SP,0.2160921109895022,0.8530041727895563,222.0,71.19354838709677,0.55,0.21072,285.0,968.0,4.0,10689.11,6048.39,17.75,0.75,0.25,4640.719999999999,54.25,1.0,Baixo Risco
7fe0513765e26c94e72476001bdb5ecdabb812c654205959bcc2ee67da6f3191,4771701.0,PR,0.9932815129670683,1.0,963.0,247.77083333333331,0.98,0.0,980.0,988.0,0.0,0.0,0.0,0.0,0.0,0.0,0.0,0.0,1.0,Baixo Risco
877a6bb081cfdf791fa3eb058c40fb033c9b898019d23cf3f8d40e5780569b1c,4742300.0,SC,0.9929503401486758,0.9464093604443896,957.0,245.02631578947367,0.98,0.00435,982.0,989.0,0.0,0.0,0.0,0.0,0.0,0.0,0.0,0.0,1.0,Baixo Risco
e41fd7e3d7d2758ff6cfc274d3d9a110f91bb87d4bf9b063dccfdce4629fdf37,4744005.0,SC,0.9632299792685148,0.9069540585716812,929.0,231.69230769230768,0.98,0.0,974.0,988.0,0.0,0.0,0.0,0.0,0.0,0.0,0.0,0.0,1.0,Baixo Risco
f4dc720dc5a25dbba6cd36b1e4d8953fb566439de7b26b9910e6a2db8f0578ed,4781400.0,BA,0.9842034813672136,0.8530041727895563,950.0,124.33333333333331,0.96,0.0,983.0,988.0,0.0,0.0,0.0,0.0,0.0,0.0,0.0,0.0,1.0,Baixo Risco
b3cb6f1683cd20450ada592422925fe0167a3aa48ec885622aece59e171c4aa9,1621800.0,RJ,0.7499989007052952,0.8530041727895563,825.0,104.71171171171171,0.63,0.10285,968.0,989.0,7.0,112122.41,112122.41,0.14285714285714285,0.14285714285714285,0.0,0.0,24.142857142857142,1.0,Baixo Risco
ceed5147b8f30b680fbdf74a88c1523c6fb0bcfb6d06aabe81a55e2a27ca382b,133407.0,PR,0.6070334424183629,0.9894060801499124,826.0,163.6,0.91,0.0,978.0,988.0,1.0,13045.0,13045.0,0.0,0.0,0.0,0.0,27.0,1.0,Baixo Risco
332412f3706fe055e7bc1b3f7a1b79ae3d76575c064e2f260e376f1fa7265fc0,4639701.0,SC,0.9999195904408688,0.8530041727895563,666.0,19.0,0.88,0.0,849.0,980.0,0.0,0.0,0.0,0.0,0.0,0.0,0.0,0.0,1.0,Baixo Risco
32662e6a6ffcbaf52c6b18d72fdd8a3dc28a334a106160b1ec378e5f88499829,4930203.0,PR,0.927131122186913,1.0,932.0,188.75233644859813,0.71,0.00611,979.0,988.0,0.0,0.0,0.0,0.0,0.0,0.0,0.0,0.0,1.0,Baixo Risco
c6836111458f55d64b2806a9c1a9ec57b4e9a68e142041c60b2df419c2f3f34e,4782201.0,PR,0.9897311878881768,0.8530041727895563,926.0,132.33333333333334,0.98,0.08585,985.0,988.0,0.0,0.0,0.0,0.0,0.0,0.0,0.0,0.0,1.0,Baixo Risco
0e5bbde6e024fec2819269435dd4122930d0361f0b0727acff3053ebb179a376,4771701.0,PR,0.9904876284782104,0.05,951.0,195.3846153846154,0.99,0.0,973.0,989.0,0.0,0.0,0.0,0.0,0.0,0.0,0.0,0.0,1.0,Baixo Risco
adb84971e61bda16c673edd5f35b35c0aa5747971be6f6bbb2cf80272c088b45,4530703.0,PR,0.9687675621957006,0.8530041727895563,140.0,31.5,0.36,0.0,447.0,853.0,0.0,0.0,0.0,0.0,0.0,0.0,0.0,0.0,1.0,Baixo Risco
9ddf7d1ac3835325bb623d15560f8c79fe65c9615922b48e0a5c182e3cce5eaf,2733300.0,SP,0.8783514980974738,0.9051122547544324,957.0,208.06896551724137,0.97,0.0,979.0,988.0,0.0,0.0,0.0,0.0,0.0,0.0,0.0,0.0,1.0,Baixo Risco
5b3172a059296e95f87fdb7dfd9ef3aefe7dcc94b779d06b84ba669e94a8fccb,1412601.0,SC,0.8817561077193209,1.0,919.0,187.1,0.93,0.10918,971.0,986.0,1.0,9600.0,0.0,0.0,0.0,0.0,9600.0,62.0,1.0,Baixo Risco
f1417f6213297616f2750c68b2cf59cc7b4c9bef540a863d9b1cf46f6d23fc12,4771701.0,PR,0.9573296360482052,0.8530041727895563,951.0,179.85714285714286,0.98,0.0,981.0,988.0,0.0,0.0,0.0,0.0,0.0,0.0,0.0,0.0,1.0,Baixo Risco
8b4a7a67986a724fbc3ea10174aef547975c3d7257a3b1dc728587eb18938f1a,2431800.0,SC,0.9585680383530824,0.9861288335228542,953.0,245.5265486725664,0.96,0.00684,979.0,988.0,29.0,162273.9,162273.9,0.0,0.0,0.0,0.0,21.379310344827587,1.0,Baixo Risco
1d2dbe8faf9f7d91dfd3c1280dbf4970880344db9b64487d2e405dd917545435,4711302.0,PR,0.9573351342531538,0.8530041727895563,943.0,198.95833333333331,0.98,0.09812,982.0,988.0,0.0,0.0,0.0,0.0,0.0,0.0,0.0,0.0,1.0,Baixo Risco
3f0c0fa2770a0a06823edaebc30669c0a426ed0dbde630acc34c5e349ebec7d0,4771701.0,PR,0.988081560475783,0.8530041727895563,923.0,259.0,0.97,0.0,962.0,987.0,0.0,0.0,0.0,0.0,0.0,0.0,0.0,0.0,1.0,Baixo Risco
616a9fa0e79cd5b37b0c4f151f13ba9b1ad927d6b2804dd39e76fb4406ceb55e,4789099.0,SC,0.9967845300333914,0.946376645112148,964.0,258.2631578947368,0.98,0.0,984.0,989.0,0.0,0.0,0.0,0.0,0.0,0.0,0.0,0.0,1.0,Baixo Risco
30866db9d2a4b96668027457e534fec1d9d7c14d38ce9aaa963c937951990f31,2222600.0,SC,0.9500779892458168,0.8603125743846542,958.0,224.288,0.96,0.00304,982.0,988.0,4.0,57119.17,57119.17,0.5,0.25,0.0,0.0,53.75,1.0,Baixo Risco
3f409f776e2d548efa562f63c6ef3dd0c47035011fcb3080cb6f3a5e4047f7d9,4781400.0,PA,0.8956547028594793,0.8530041727895563,820.0,197.8,0.91,0.0,960.0,988.0,0.0,0.0,0.0,0.0,0.0,0.0,0.0,0.0,1.0,Baixo Risco
c8bda253471b4e7e425dcfd50f874336b087ffe0c70d83fd2e4af6c813636c8d,4663000.0,SC,0.9771928292431358,0.9581167204972252,950.0,255.46308724832213,0.97,0.0,980.0,986.0,2.0,6489.54,6489.54,0.5,0.5,0.0,0.0,28.5,1.0,Baixo Risco
093921e4f9026bdb1bcd5d58969477cc6c0c672967716441f0e42b3ad4a2cda6,1610203.0,SC,0.9977371923905758,0.701215262464018,947.0,162.0,0.99,0.0,984.0,988.0,0.0,0.0,0.0,0.0,0.0,0.0,0.0,0.0,1.0,Baixo Risco
5064c2e0a0e15b434e25babf6a75c76f628252ed19c84cb01db1e390bc088c2a,4771701.0,PR,0.962541617471731,0.5182724252491694,758.0,181.09259259259255,0.94,0.02456,180.0,979.0,0.0,0.0,0.0,0.0,0.0,0.0,0.0,0.0,1.0,Baixo Risco
66fad86d43cee6b43020241c4431f8eac8637ed946fe0b3f4632766c6cd69592,4712100.0,SP,0.6141042379416009,0.1094720085370166,191.0,125.85714285714286,0.67,0.26041,149.0,975.0,2.0,2506.5,2506.5,0.0,0.0,0.0,0.0,16.0,1.0,Baixo Risco
f0773ee0c03e1d58218addcfbcccf469a4e5c641dfe6d7e2038120c96c7d071f,8610102.0,RJ,0.3519748473354901,0.8530041727895563,144.0,78.72584269662921,0.74,0.12602,84.0,928.0,1.0,1152833.44,0.0,2.0,1.0,0.0,1152833.44,121.0,1.0,Baixo Risco
059313ee8c4ea9971df4333d8ff4c31279ebda1eec1dc3832f8a1bad8817c1b2,2451200.0,RS,0.8947860044158298,0.9022245554128316,960.0,246.07438016528928,0.97,0.1636,981.0,989.0,5.0,331524.76,331524.76,0.2,0.2,0.0,0.0,584.4,1.0,Baixo Risco
e6fc100ca1af21639abb7455801b8a134f3821b2a1d89af56cc67e162f2ed50e,1932200.0,MT,0.983933585591981,0.5111548556430446,905.0,209.9090909090909,0.92,0.1383,981.0,988.0,0.0,0.0,0.0,0.0,0.0,0.0,0.0,0.0,1.0,Baixo Risco
9c702fcb134736e0d716216b0384b6a4bc41761cb124eec10f607eb6f093cdab,3101200.0,MG,0.8729381271890361,0.8530041727895563,875.0,155.8181818181818,0.92,0.08779,869.0,986.0,0.0,0.0,0.0,0.0,0.0,0.0,0.0,0.0,1.0,Baixo Risco
00ac28a417bb5fe5daeafecd84190e8d794ed1259715028bd671c5ff8e8c03f1,2219600.0,SP,0.991654129614416,0.76021104924228,957.0,221.7,0.95,0.00089,980.0,989.0,1.0,13416.18,13416.18,0.0,0.0,0.0,0.0,60.0,1.0,Baixo Risco
9a612f3d7368dad85f205c5f94930666ab43f43d6faea487db60e4a578bbbe15,4930202.0,MG,0.7001486105277773,0.5525133594764846,836.0,147.2,0.92,0.03181,974.0,989.0,0.0,0.0,0.0,0.0,0.0,0.0,0.0,0.0,1.0,Baixo Risco
8c46edd592deaefae5157bc983ee711f7343798e1ac2aa57a1999ea430904b47,4755503.0,MG,0.7753409429016059,0.8530041727895563,917.0,162.0,0.89,0.15426,954.0,987.0,0.0,0.0,0.0,0.0,0.0,0.0,0.0,0.0,1.0,Baixo Risco
e4c58fb8aaf115b948fc39902677ecbcb93c978829e182c1e33ed265ff289960,4781400.0,RS,0.98352101142978,0.8530041727895563,929.0,245.16666666666663,1.0,0.0,978.0,986.0,0.0,0.0,0.0,0.0,0.0,0.0,0.0,0.0,1.0,Baixo Risco
b76cc7fca6e64051f21f5a73a7480a2a6cce455634503034e8b75bb4a7b6605b,2229301.0,SP,0.6074117922087965,0.723265617762026,708.0,175.0860927152318,0.86,0.25084,954.0,989.0,2.0,8505.69,8505.69,0.0,0.0,0.0,0.0,56.5,1.0,Baixo Risco
66c926c3268ebae1de1a306d3a7c941900fed553d9d86aac44f7d75007645627,4771701.0,PR,0.728020329957886,0.8530041727895563,801.0,160.0,0.97,0.26511,144.0,951.0,0.0,0.0,0.0,0.0,0.0,0.0,0.0,0.0,1.0,Baixo Risco
955462ed3d50c1fa4fe4e50fa36fd9dd5368e0e5482204551bdd4691c47156db,4711302.0,PR,0.9600315594413033,0.8530041727895563,954.0,197.30927835051543,0.96,0.07065,980.0,989.0,0.0,0.0,0.0,0.0,0.0,0.0,0.0,0.0,1.0,Baixo Risco
05a8d3240ebc93422268809cff1f097b23a544a283106a845baae550e8586a4e,4782201.0,MA,0.9014312224969984,0.8530041727895563,912.0,100.0,0.96,0.36907,964.0,988.0,0.0,0.0,0.0,0.0,0.0,0.0,0.0,0.0,1.0,Baixo Risco
aa8e763291a4a1b79e1596d4f7e21b673a24fb88a30a7dcb589fffadf7ebb997,1931400.0,SP,0.9936834664877126,0.96720318291207,955.0,231.1904761904762,0.97,0.0002,981.0,988.0,1.0,3360.0,3360.0,0.0,0.0,0.0,0.0,20.0,1.0,Baixo Risco
afeeb743e57b2a1ba85734a74aaf7067ad0b4b00932bc879297994d8328b831a,2229302.0,Sem Info,0.9921331840782914,0.9214988877162676,958.0,247.86,0.95,0.00174,979.0,988.0,2.0,30278.4,30278.4,0.0,0.0,0.0,0.0,57.0,1.0,Baixo Risco
0f3a906a4ec86a886624fa6e0c052263904b743fa8bf6a95cd3fa3cbb97f49f5,4711302.0,RS,0.9925591067312818,0.8530041727895563,941.0,254.90384615384616,0.97,0.0,979.0,989.0,0.0,0.0,0.0,0.0,0.0,0.0,0.0,0.0,1.0,Baixo Risco
6fce4d563eaad3a9e749ff5b234cd0e66c660cba8cbda414b4e885ffdd7d7465,2229302.0,RJ,0.974366157446926,0.7472845255464348,961.0,252.1904761904762,0.95,0.0093,976.0,988.0,0.0,0.0,0.0,0.0,0.0,0.0,0.0,0.0,1.0,Baixo Risco
27be6551df3aff975906f47ef7354757f0f488f1223eac06b87ec388f7452b5e,4771701.0,MG,0.6527915797600989,0.8530041727895563,620.0,215.2277227722772,0.92,0.03888,632.0,979.0,0.0,0.0,0.0,0.0,0.0,0.0,0.0,0.0,1.0,Baixo Risco
317de11f81f86878ff91f62453ed246f4ddf444df8876a14020d3772f23a9681,2229399.0,Sem Info,0.4308172445344168,0.2993626467610016,605.0,161.57372654155495,0.85,0.14336,150.0,980.0,1.0,3318.25,0.0,68.0,1.0,0.0,3318.25,124.0,1.0,Baixo Risco
28b9f47330f8da25ccf87ca9849a4a3a47b09caf90d45c0e4013533c7ed4fa95,4782201.0,RN,0.7890947620400334,0.8530041727895563,867.0,45.63414634146341,0.95,0.0,961.0,989.0,0.0,0.0,0.0,0.0,0.0,0.0,0.0,0.0,1.0,Baixo Risco
20dbbaf0b9bbaea84df4fed9ead1bdacb51f15565d8fb0c6c44fcac248db5ec8,4781400.0,SC,1.0,0.8530041727895563,911.0,265.3333333333333,1.0,0.0,847.0,975.0,0.0,0.0,0.0,0.0,0.0,0.0,0.0,0.0,1.0,Baixo Risco
f7d95d6b88ec86159e158c4a20c11f26d24944a606c9bf7f9c8364649640ce42,4711302.0,RS,0.990373090906056,0.8530041727895563,964.0,239.6231884057971,0.97,0.0,983.0,989.0,0.0,0.0,0.0,0.0,0.0,0.0,0.0,0.0,1.0,Baixo Risco
d9e63d396ef371e3fe89fbaa42d5273d2266ef180676e5ff0fdb8dac4da1b1ff,4649404.0,RN,0.7915423226391659,0.8530041727895563,888.0,250.54716981132077,0.91,0.0,961.0,987.0,0.0,0.0,0.0,0.0,0.0,0.0,0.0,0.0,1.0,Baixo Risco
cb3b5178dd2318d18822c215793c570b7bfc0e978cd49b13db071928d94e24d3,4686902.0,MG,0.9544019565192088,0.959052140545589,956.0,224.90849673202612,0.97,0.00618,982.0,989.0,2.0,4993.78,4993.78,0.0,0.0,0.0,0.0,31.5,1.0,Baixo Risco
beaadb82441e0215802ff4145aa20e98db408c7ee3430c7a06abe17d280751a9,2829199.0,PR,0.961910765387864,0.8662326505974737,950.0,227.96470588235292,0.96,0.041,979.0,989.0,0.0,0.0,0.0,0.0,0.0,0.0,0.0,0.0,1.0,Baixo Risco
fbb6180b0338cd357ee3e350a1167dd1f2c60a99669f29b3c0aff7ee3b5b1f4b,6920601.0,DF,0.9292940360868912,0.6740463240711023,807.0,26.0,0.85,0.30144,802.0,983.0,0.0,0.0,0.0,0.0,0.0,0.0,0.0,0.0,1.0,Baixo Risco
8c103d2a7d445878d182d3f427ff5131f8a9cab74749580361e9d0c24f6f9c08,4771701.0,Sem Info,0.9561328561398104,0.8530041727895563,929.0,255.98,0.98,0.0,969.0,988.0,0.0,0.0,0.0,0.0,0.0,0.0,0.0,0.0,1.0,Baixo Risco
1d61e35d219833b9a12a6cc0719b40cd57d5720ca8a4ead0bf685a7db453fd3c,4782201.0,RS,0.9605687889642076,0.8530041727895563,922.0,9.5,0.96,1.0,952.0,987.0,0.0,0.0,0.0,0.0,0.0,0.0,0.0,0.0,1.0,Baixo Risco
68b3025ce6157b4d4239f2d63d043f34d49281cda44d039f9617b60fce142f68,4771701.0,PR,0.2007013403329348,0.8530041727895563,933.0,210.86666666666667,0.87,0.03889,981.0,985.0,0.0,0.0,0.0,0.0,0.0,0.0,0.0,0.0,1.0,Baixo Risco
07c68601f891ff93bafc070cc223a71c45458db5fc7fd6b8e005b79461807b2f,1731100.0,SP,0.2247207600501317,0.7634973325249362,337.0,162.51351351351352,0.49,0.3255,156.0,972.0,1.0,2666.93,2666.93,0.0,0.0,0.0,0.0,28.0,1.0,Baixo Risco
b21bf474ecfcaf821446d59f2e71f89688d12f68608539288c3915ef66fb80a4,3292202.0,SP,0.9058261489030744,0.9482669461826464,947.0,238.0,0.96,0.02411,966.0,988.0,1.0,1811.24,0.0,0.0,0.0,0.0,1811.24,10.0,1.0,Baixo Risco
282726863ca6228971f9c1307f5891a3da0186ada5b87b656ddad9683dde4e8b,2599399.0,MG,0.8330810894503723,0.8530041727895563,408.0,41.2,0.56,0.12221,627.0,912.0,4.0,2450.0,2450.0,0.75,0.5,0.0,0.0,30.0,1.0,Baixo Risco
36a4257f7239b5c3026fb1a7c494a00bffb6f3cc93fb5e0b432a0ca51ccbaa51,6920601.0,SC,0.9864353210808088,0.8613471694106323,847.0,235.0,0.83,0.0,861.0,983.0,0.0,0.0,0.0,0.0,0.0,0.0,0.0,0.0,1.0,Baixo Risco
0051060314660b01091a791b842f342fbf0e3db94268ce622ef0d9612de65aa0,4530703.0,ES,0.985852713214778,0.972330352868328,963.0,225.42857142857144,0.94,0.04762,979.0,989.0,0.0,0.0,0.0,0.0,0.0,0.0,0.0,0.0,1.0,Baixo Risco
5e1ea614a43897c76214330a31edac1dda6ea217762c90c4c12d98e0a69dbf90,6920601.0,ES,0.853099348063725,0.8530041727895563,419.0,34.5,0.76,0.0,359.0,979.0,0.0,0.0,0.0,0.0,0.0,0.0,0.0,0.0,1.0,Baixo Risco
1cebc3d43fc1b73fe58007d52b25100fd407e1cf34b1179f347c4de45ec91d40,4741500.0,BA,0.9651961070479717,1.0,952.0,212.8,0.96,0.14284,978.0,987.0,0.0,0.0,0.0,0.0,0.0,0.0,0.0,0.0,1.0,Baixo Risco
e59c95c9666bfa43696a1ea5b15f925f6922a9d22c9d1e69f4ec5d4de592d8b4,4662100.0,SP,0.5150209548227258,0.6709394034513846,288.0,92.94594594594597,0.73,0.374,683.0,988.0,2.0,1294.58,1294.58,0.0,0.0,0.0,0.0,211.0,1.0,Baixo Risco
e4585f27fca7cdd5b7c26e21ccadf1e713a42d11f8c8597d7cb0a9283a25cc5b,4781400.0,MT,0.9676298652241584,0.2140796858734147,944.0,204.25,0.96,0.0,953.0,988.0,0.0,0.0,0.0,0.0,0.0,0.0,0.0,0.0,1.0,Baixo Risco
9d117d9d73e8ab3596989612ab35b3c3318ba8eb42493ee04383f34289b138f5,4530705.0,GO,0.05,0.7771696136494837,137.0,68.54285714285714,0.73,0.39858,76.0,878.0,0.0,0.0,0.0,0.0,0.0,0.0,0.0,0.0,1.0,Baixo Risco
739d3bc545e0f5dd609159b482fe884bbd40e71e47fa39c130b04c245bc7dfd5,4771701.0,PR,0.9621193600446096,0.8530041727895563,951.0,213.0,0.98,0.07795,980.0,989.0,0.0,0.0,0.0,0.0,0.0,0.0,0.0,0.0,1.0,Baixo Risco
eafe957be992e7e804e8c2d38249ea8320cbab14a4a1752944aa37a7f29e4f8f,4771701.0,PR,1.0,0.8530041727895563,941.0,185.84615384615384,0.98,0.0,970.0,988.0,0.0,0.0,0.0,0.0,0.0,0.0,0.0,0.0,1.0,Baixo Risco
5048a28f8eaf1c298e9d9f37a73840a39f8b55f4deef4b1f7c3533fe6e05696e,4321500.0,SC,0.9220509431793528,0.709326761247753,931.0,248.83333333333331,0.92,0.0,985.0,988.0,0.0,0.0,0.0,0.0,0.0,0.0,0.0,0.0,1.0,Baixo Risco
213bddc02cad580dc6dce5c04e3d39eb8ebfdba96cd11ce8bce44c7101be4880,4781400.0,MT,0.9970444720951432,0.8530041727895563,963.0,212.75,0.99,0.0,983.0,988.0,0.0,0.0,0.0,0.0,0.0,0.0,0.0,0.0,1.0,Baixo Risco
7476d0e191ab88f244161b3b0455f0ed14e26e4f659ec5f4f1d003f10348eea9,4781400.0,SC,0.8927757108162362,0.8530041727895563,923.0,20.0,0.96,0.0,979.0,988.0,0.0,0.0,0.0,0.0,0.0,0.0,0.0,0.0,1.0,Baixo Risco
c59708de0725bd1e516c704a2049f4484252da0fd3f0dfaeae95703d12344066,4782201.0,RJ,0.9507335254660482,0.8530041727895563,950.0,211.34883720930236,0.99,0.09486,981.0,988.0,0.0,0.0,0.0,0.0,0.0,0.0,0.0,0.0,1.0,Baixo Risco
8c2021d386dc7e03f617df127c833248350bc69161b3fd17dfd3b0f2cc18d990,4930202.0,RJ,0.5627151234905472,0.3891778446938589,902.0,112.42944785276072,0.89,0.27377,896.0,986.0,1.0,44000.0,0.0,5.0,1.0,0.0,44000.0,92.0,1.0,Baixo Risco
38cfe1ba5f3475cc1fdbd84b9c86704824928de42299fec4a0e58d0c052dda01,1813099.0,SP,0.9689170290530572,0.9554988913598782,927.0,241.0,0.95,0.0,977.0,986.0,0.0,0.0,0.0,0.0,0.0,0.0,0.0,0.0,1.0,Baixo Risco
1868d2fa0b28dac70e73d0a6166a178d4a97d2e0cc85da897d18918c3e3f5ec6,4782201.0,CE,0.9313969938915884,0.8530041727895563,916.0,198.2,0.89,0.0,966.0,988.0,0.0,0.0,0.0,0.0,0.0,0.0,0.0,0.0,1.0,Baixo Risco
9eda57d80c02db37a913c146e4725e7c6e10f594ffb514ee7523df428bee2fbd,1011201.0,MG,0.9209844839509674,1.0,933.0,154.23076923076923,0.92,0.02204,978.0,988.0,3.0,19642.13,19642.13,0.3333333333333333,0.3333333333333333,0.0,0.0,15.333333333333334,1.0,Baixo Risco
d84991dcfdadd221c12e53c43cad20d053b052f426f74ddd64a1e85624aba0e8,4637199.0,Sem Info,0.8041093127224586,0.9148384245425684,965.0,146.11764705882354,0.9,0.15622,981.0,989.0,0.0,0.0,0.0,0.0,0.0,0.0,0.0,0.0,1.0,Baixo Risco
5e8b3f692436fa85ea1f1a6df16c0e7b15a532877d136272fe8dcdad10c87f5d,4771701.0,PR,0.8948557660329153,0.8530041727895563,875.0,195.4,0.96,0.13726,957.0,989.0,0.0,0.0,0.0,0.0,0.0,0.0,0.0,0.0,1.0,Baixo Risco
26794858ccb4d78c90dc9518c26e4c92a015dd8929a727bf713757b5ce0599b9,4729699.0,SP,0.992335809197095,1.0,920.0,240.05555555555557,0.96,0.0,972.0,989.0,0.0,0.0,0.0,0.0,0.0,0.0,0.0,0.0,1.0,Baixo Risco
6a3754babe82a9f83d5741cc4a53ada9d481c3a6a1991d5a54016fb3a56716a3,4679604.0,Sem Info,0.05,0.8530041727895563,48.0,60.0,0.05,0.0,95.0,252.0,1.0,1246.86,1246.86,1.0,1.0,0.0,0.0,31.0,1.0,Baixo Risco
22a8a0ea38e34f6d649803a19f8bd72d702a01221c82d0f31f6fa2cbddff8ee9,4771701.0,PR,1.0,0.8530041727895563,948.0,236.42857142857144,0.97,0.0,980.0,988.0,0.0,0.0,0.0,0.0,0.0,0.0,0.0,0.0,1.0,Baixo Risco
a8c02d20f5d435ff8c051a52852abf358710effb60446e69ac8dabb865806437,5611201.0,GO,0.9707698067805473,0.8530041727895563,958.0,186.8,0.96,0.04761,966.0,988.0,0.0,0.0,0.0,0.0,0.0,0.0,0.0,0.0,1.0,Baixo Risco
d875873e9768ff7045b04fed8c7759653c1d2ef0709709cf009151bb35a46108,4731800.0,SP,0.9970784523193754,1.0,903.0,173.15555555555557,0.94,0.00249,979.0,988.0,0.0,0.0,0.0,0.0,0.0,0.0,0.0,0.0,1.0,Baixo Risco
aeea07f18f1556dbb8b3ccaf3c1b60f5907b301afc82dc6878421d4355a59b24,4930203.0,SP,0.9086537400010428,0.7011957313733306,958.0,224.7,0.96,0.07777,968.0,989.0,0.0,0.0,0.0,0.0,0.0,0.0,0.0,0.0,1.0,Baixo Risco
a520288bf33871765cb96f5a7109bba2824c0fe09ead8ff6eb9e2f9a01604210,4742300.0,SC,0.9948148853366602,0.8614277934670801,891.0,261.0,0.98,0.0,970.0,988.0,0.0,0.0,0.0,0.0,0.0,0.0,0.0,0.0,1.0,Baixo Risco
bcad327f2260d79a92d7c0952f2e833be9f7c2f5f8eb48503ecee239b7738f6c,4530702.0,SP,0.9510252151189782,0.9608202339083918,929.0,227.575,0.94,0.0112,980.0,988.0,2.0,724.95,724.95,0.0,0.0,0.0,0.0,30.0,1.0,Baixo Risco
062aa39b04aa666244d5ff83ad0ff0dff9cad80ba0b217a5e8650aa670c99d72,4771701.0,ES,0.9647183176435236,0.8530041727895563,940.0,196.32,0.99,0.2081,983.0,988.0,0.0,0.0,0.0,0.0,0.0,0.0,0.0,0.0,1.0,Baixo Risco
b83ab6091221c41018ebc582d50814ef36fb255bf4bb5ff4403917bdc6da8eaa,4685100.0,SP,0.9335783053969984,0.9124462792224082,952.0,204.66666666666663,0.96,0.0,981.0,989.0,2.0,254258.4,254258.4,0.0,0.0,0.0,0.0,29.5,1.0,Baixo Risco
1e11cec424cdf2608515747e5c1d3c4181097e17be38ad46bfa35964b42a5429,4742300.0,SC,0.98447693316155,0.7128294273094089,965.0,258.0,0.97,0.0,981.0,988.0,0.0,0.0,0.0,0.0,0.0,0.0,0.0,0.0,1.0,Baixo Risco
39baf6c5038c643d9bd1bada84991cd6993194de0d7d224753652e4965eb0118,4641901.0,SC,0.9825055710929312,0.8614507018618774,810.0,150.95402298850576,0.95,0.00041,981.0,988.0,1.0,4162.86,4162.86,2.0,1.0,0.0,0.0,102.0,1.0,Baixo Risco
93cd42fa88267c6d94f25b8cb380d63955007e95624277bd62e87f6caa63cf5e,4530705.0,SP,0.9943185969348282,0.8530041727895563,963.0,249.95833333333331,0.98,0.0,980.0,986.0,0.0,0.0,0.0,0.0,0.0,0.0,0.0,0.0,1.0,Baixo Risco
d5800019db043379acfadc8fd627d7ffd0c24ec03494b3a5af6f0e257cac0ab9,4771701.0,Sem Info,0.8899650352305873,0.8530041727895563,857.0,173.34615384615384,0.96,0.01196,973.0,988.0,0.0,0.0,0.0,0.0,0.0,0.0,0.0,0.0,1.0,Baixo Risco
a8f15eaac9c90294628ca5004ce258db92b0b2cba97241b4a8e2581b3cebc70f,2751100.0,SP,0.9621198658124552,0.6266797620555632,945.0,224.5785123966942,0.95,0.02311,978.0,988.0,0.0,0.0,0.0,0.0,0.0,0.0,0.0,0.0,1.0,Baixo Risco
c4c8943643c55c7319484a1ecff1acf27e8294ee92651bbb367765b435e29190,2229399.0,SP,0.9881048037276832,0.9784076779721864,965.0,235.8780487804878,0.98,0.00322,983.0,989.0,0.0,0.0,0.0,0.0,0.0,0.0,0.0,0.0,1.0,Baixo Risco
0e703243f58e35465e424131cfedc96dc19ab1b12c6609361a7667185c8e9b35,4751201.0,MT,0.3217617477194633,0.8573236962936849,587.0,46.44230769230769,0.89,0.26258,888.0,986.0,0.0,0.0,0.0,0.0,0.0,0.0,0.0,0.0,1.0,Baixo Risco
9775632c44a4a2f1b8c805c5b99d2c573f4c0a3ef1342822fb5f47669af01fe7,4771701.0,PR,0.973044058649504,0.8530041727895563,951.0,241.8961038961039,0.98,0.00232,980.0,988.0,0.0,0.0,0.0,0.0,0.0,0.0,0.0,0.0,1.0,Baixo Risco
bb9b8a385a731a38c7d6c442266f20f5017a4869a39e557eb803068878bd9f5b,4930202.0,SP,0.9208872888189956,0.8055927223439441,772.0,137.25,0.79,0.0,843.0,988.0,1.0,60424.3,60424.3,1.0,1.0,0.0,0.0,58.0,1.0,Baixo Risco
96c24651ef0263a0206a4342fd1144b95743989ae2649d3a37bee776fe71af09,4637199.0,SP,0.8951824748021945,0.9105673161605262,908.0,198.92156862745097,0.94,0.00391,980.0,988.0,0.0,0.0,0.0,0.0,0.0,0.0,0.0,0.0,1.0,Baixo Risco
c852d7215399faa3aa7ecd8a784fb9f88a31fce6079115ac145cdb24d65bd4b3,4321500.0,SC,1.0,0.8530041727895563,927.0,0.0,1.0,0.0,898.0,984.0,0.0,0.0,0.0,0.0,0.0,0.0,0.0,0.0,1.0,Baixo Risco
8f95bec561fb40ce85a67bc3e1cb143011fc22f223ca70b4ce23025eebe73549,1031700.0,PE,0.8995651386354253,0.8864007680682416,961.0,225.6,0.93,0.01043,979.0,989.0,0.0,0.0,0.0,0.0,0.0,0.0,0.0,0.0,1.0,Baixo Risco
a5c0dc041d1ad84e9f888be06dd75124409ecfe522412f1c376e6659d91099bf,1813001.0,SP,0.9572441285477222,1.0,389.0,153.5,0.75,0.06267,125.0,927.0,0.0,0.0,0.0,0.0,0.0,0.0,0.0,0.0,1.0,Baixo Risco
1dcd79e6bd2e1319fb728337931e407fa6026b40008387e7789e4e338aaf3bb2,4754701.0,SP,0.4769212538630526,0.8530041727895563,526.0,104.4,0.76,0.35543,527.0,982.0,0.0,0.0,0.0,0.0,0.0,0.0,0.0,0.0,1.0,Baixo Risco
365a17c885f4b767c1466463dfaaa1d3219fed4648a0e17f8b364dc9f221fd3e,4781400.0,PR,0.8989533674589162,0.05,925.0,163.5897435897436,0.98,0.01829,982.0,989.0,0.0,0.0,0.0,0.0,0.0,0.0,0.0,0.0,1.0,Baixo Risco
65184389f2f52e3ba28e8022bd299717b085e18f723027aa966b260b3503647a,4781400.0,MS,1.0,0.8530041727895563,956.0,265.5,0.95,0.0,978.0,989.0,0.0,0.0,0.0,0.0,0.0,0.0,0.0,0.0,1.0,Baixo Risco
70a87076754f04e789ddc540458a722c1509f49ed531b6fe05bb06d5daf8ee3b,2071100.0,BA,0.8750033837822911,0.6403393734851416,771.0,313.0,0.85,0.0,951.0,987.0,1.0,1180.0,1180.0,0.0,0.0,0.0,0.0,90.0,1.0,Baixo Risco
766177521113ce60e4f37306b11075f184e8cdf87bea040f14a54de10815348b,2093200.0,SP,0.2305303042644048,0.2033241678183915,131.0,113.75862068965516,0.52,0.12971,30.0,931.0,1.0,1498.0,1498.0,0.0,0.0,0.0,0.0,26.0,1.0,Baixo Risco
df70340e548113a13fb91c7ed496648e68c9d54ed0d41fa3adabcf34835b6131,4689399.0,SP,0.6866735884969014,0.3702606508683649,185.0,87.86363636363636,0.37,0.12823,895.0,975.0,0.0,0.0,0.0,0.0,0.0,0.0,0.0,0.0,1.0,Baixo Risco
462a076beb106dc7250aa5f0fe0ecf7a1783aa88ef11df65de845d090d2f6180,2733300.0,SP,0.9747664782561556,0.9938592410462394,947.0,168.24242424242425,0.94,0.00148,971.0,989.0,0.0,0.0,0.0,0.0,0.0,0.0,0.0,0.0,1.0,Baixo Risco
c0f072ba65992e516f10bd0ebd321e230147688359c3f727533308388750a1fc,4771701.0,PR,0.8923808691058452,0.8530041727895563,928.0,215.42028985507247,0.95,0.00547,981.0,989.0,0.0,0.0,0.0,0.0,0.0,0.0,0.0,0.0,1.0,Baixo Risco
80f1b690101ff567c4d1663f7527156f454e6be96e109343e6a2f4212e84ccd0,2342701.0,SP,0.9871108978989294,0.9168083158571751,965.0,221.73958333333331,0.98,0.00042,981.0,988.0,3.0,5066.36,5066.36,0.0,0.0,0.0,0.0,110.0,1.0,Baixo Risco
d5841f537c14b31baea9e905df2377e873d81a5f12f4769dad7ab6e6856a0a72,4329101.0,SP,0.2436243298912009,0.558382163784479,268.0,48.72857142857143,0.49,0.15692,98.0,982.0,0.0,0.0,0.0,0.0,0.0,0.0,0.0,0.0,1.0,Baixo Risco
6a80d80cfd27c83397062c0a147906ccbb7cca8906b13d0ec9e89b820f26c156,4711302.0,MG,0.9461784960984934,0.8530041727895563,825.0,117.38036809815952,0.95,0.0918,979.0,988.0,0.0,0.0,0.0,0.0,0.0,0.0,0.0,0.0,1.0,Baixo Risco
6846ca637217c8267448b2c7dd1c6a6244084d5a2285a1ddbaaabc680c518347,2823200.0,SP,0.9762785580599348,0.9922460437017826,952.0,244.1,0.95,0.0,980.0,989.0,0.0,0.0,0.0,0.0,0.0,0.0,0.0,0.0,1.0,Baixo Risco
a94882a534925feaccf3af086429a09ef002a91f24c1412898b67f6459d06792,4744099.0,PI,0.9148373872444368,0.8530041727895563,844.0,206.5,0.97,0.07795,976.0,965.0,0.0,0.0,0.0,0.0,0.0,0.0,0.0,0.0,1.0,Baixo Risco
3ccef4f31eceb54f93f12568f44272a3353820ff4e3d415a7c73bd23c8ac2152,4211101.0,RJ,0.6487097458204052,0.8530041727895563,631.0,96.36,0.83,0.30075,888.0,986.0,0.0,0.0,0.0,0.0,0.0,0.0,0.0,0.0,1.0,Baixo Risco
8fb5abc307477353752c8edd9d9a73b734608550568def2ddd46e9ff6f8a5afc,4712100.0,GO,0.875763456985902,0.8530041727895563,933.0,221.9047619047619,0.95,0.01294,969.0,987.0,0.0,0.0,0.0,0.0,0.0,0.0,0.0,0.0,1.0,Baixo Risco
d10af5c431a1dda611df48f0e751c02dd6ad80cc995a39c7bf6f7948017aeba3,892403.0,RS,0.9380987436003676,0.974508531948819,937.0,235.875,0.95,0.0,966.0,986.0,27.0,85126.79000000001,76706.39,4.925925925925926,0.1111111111111111,0.0,8420.4,53.03703703703704,1.0,Baixo Risco
d37e5612a6856ea3f3b746f3a6a3834c364ee68f2c0e6cac29560849d2924110,4771701.0,PR,0.9941038321808874,0.8530041727895563,964.0,248.25,0.99,0.0,983.0,989.0,0.0,0.0,0.0,0.0,0.0,0.0,0.0,0.0,1.0,Baixo Risco
f377245ced8832cbb81392f093f39e9c9b789be012db746b1e7074bf945c8f9b,4781400.0,BA,1.0,0.8530041727895563,839.0,0.0,0.86,0.0,862.0,956.0,0.0,0.0,0.0,0.0,0.0,0.0,0.0,0.0,1.0,Baixo Risco
3364c42738e462c15a261cbe26362a809ba23ec72690e131300d63d2b7073dec,1013901.0,SP,0.909538164432401,0.8530041727895563,927.0,118.2,0.93,0.0,975.0,987.0,0.0,0.0,0.0,0.0,0.0,0.0,0.0,0.0,1.0,Baixo Risco
a5d5cc713155542c130c7f10a4505758b5d31f6cbc3fd1b20c6a9133c9f02f00,4763603.0,RS,1.0,0.8530041727895563,805.0,290.0,0.95,0.0,863.0,982.0,0.0,0.0,0.0,0.0,0.0,0.0,0.0,0.0,1.0,Baixo Risco
e21126cbff29056ee18aa96c55c887c3850dda2f5de1f8c2ad7fc18d814f43cf,4644301.0,PA,0.9536769045183466,0.6132671345399474,922.0,147.64285714285714,0.97,0.01511,979.0,986.0,0.0,0.0,0.0,0.0,0.0,0.0,0.0,0.0,1.0,Baixo Risco
e80e9385ea7c444400536a1683eae681abfe3be885b653fe4624f11eb3362369,4684299.0,RJ,0.9339779001527032,0.8077290473726363,943.0,185.7843137254902,0.91,0.0,980.0,988.0,0.0,0.0,0.0,0.0,0.0,0.0,0.0,0.0,1.0,Baixo Risco
c540c98525bab0996f3d31bf00ff2a53d529681ba10b423c68e58f646f29a0e6,3811400.0,SC,0.914938944834544,0.4288935411288337,931.0,229.60963455149505,0.85,0.01654,983.0,988.0,0.0,0.0,0.0,0.0,0.0,0.0,0.0,0.0,1.0,Baixo Risco
00303ef0342cf76115d05d3997a85f341b627b8f01fbd2eee3fb608b0d526bf9,4930203.0,MT,0.9851753128693752,0.8530041727895563,958.0,214.13888888888889,0.94,0.00282,973.0,989.0,0.0,0.0,0.0,0.0,0.0,0.0,0.0,0.0,1.0,Baixo Risco
02975fdfc524c04410c33a71c74707b69dd5fdd9ba3c785738f4b1b5fe5d09b1,4930202.0,PR,0.5760076868095967,0.8523410465326119,503.0,100.33333333333331,0.69,0.53485,108.0,979.0,1.0,179.01,179.01,0.0,0.0,0.0,0.0,21.0,1.0,Baixo Risco
54ef51e20b86508d718f86dd6ac6c2a3ebcf362d18cebc5d8b5dbe02b3f62dbd,4321500.0,Sem Info,0.872011650176128,0.8530041727895563,894.0,160.25,0.92,0.0,965.0,988.0,0.0,0.0,0.0,0.0,0.0,0.0,0.0,0.0,1.0,Baixo Risco
0620a9b097c81f1f7414769ab6ad7533f66f4f2db5d2e0d14978d4d7a58fb2a4,4771701.0,SC,0.987747423284422,0.8530041727895563,947.0,40.625,0.98,0.60599,968.0,988.0,0.0,0.0,0.0,0.0,0.0,0.0,0.0,0.0,1.0,Baixo Risco
a89affe5ad613044ea346a0ceeeaacb8ae766f0a20afa942780333cfb6cf8e4e,4771701.0,PR,0.9971755455237398,0.8530041727895563,950.0,245.53333333333333,0.98,0.0,983.0,989.0,0.0,0.0,0.0,0.0,0.0,0.0,0.0,0.0,1.0,Baixo Risco
a6d6c75b3e48a63d3837b209954ce8d3e08b5a378c9363bf7183448294e60327,1031700.0,RN,0.8282539444921274,0.9544649768763536,584.0,125.6734693877551,0.89,0.01987,963.0,988.0,0.0,0.0,0.0,0.0,0.0,0.0,0.0,0.0,1.0,Baixo Risco
50cf02846e2ba903f73e4576e83ccd2563cf57bf41fd34e0285f0e8db7e5553a,4639701.0,SP,0.979671865607394,0.8530041727895563,923.0,167.66666666666666,0.97,0.09531,974.0,989.0,0.0,0.0,0.0,0.0,0.0,0.0,0.0,0.0,1.0,Baixo Risco
23324b3c93a7211483c146313b47a295d7d53dda5bd3fb02d2ef749afb76cd4c,2122000.0,SP,0.9799732738991336,0.9285587717026678,958.0,222.50704225352112,0.95,0.01719,979.0,989.0,0.0,0.0,0.0,0.0,0.0,0.0,0.0,0.0,1.0,Baixo Risco
60eb969816edd9e824b251945f57c1b6d70fb88b32d68effa8b56a3b1eb6efb4,4530703.0,GO,0.946793820613671,0.7675761589101765,950.0,245.703125,0.97,0.01363,982.0,989.0,0.0,0.0,0.0,0.0,0.0,0.0,0.0,0.0,1.0,Baixo Risco
51b7f4b5e6ea82377ccffd55dce40e24505f6e15dbf0724575f3de098c1146c7,7112000.0,MG,0.7764799952781648,0.8530041727895563,903.0,197.25233644859813,0.91,0.00049,972.0,988.0,0.0,0.0,0.0,0.0,0.0,0.0,0.0,0.0,1.0,Baixo Risco
81e7327a1a32c556b1a22d633a19dfd18fde516a0d454e246720e915316b0bf4,1012101.0,GO,0.9406110829950568,0.9523178138648216,874.0,162.33764135702745,0.93,0.02099,965.0,988.0,0.0,0.0,0.0,0.0,0.0,0.0,0.0,0.0,1.0,Baixo Risco
28f18d31d22ad6df398ac4b055235c6f6ce15c20cd45764696f31774b2b2b521,2449101.0,MG,0.7806300180618309,0.9887845649922472,849.0,147.30769230769232,0.76,0.0,945.0,984.0,1.0,26462.94,26462.94,0.0,0.0,0.0,0.0,44.0,1.0,Baixo Risco
4ebc9c1a422259e7c5fe36f3d7bd614ac6d95c86e9bbba585f86787d5fc5c02f,4771701.0,PR,0.9772553967973584,0.8530041727895563,958.0,258.25925925925924,0.98,0.03055,983.0,988.0,0.0,0.0,0.0,0.0,0.0,0.0,0.0,0.0,1.0,Baixo Risco
566e4b6ab8627c2a6a9eed08e74f543c5094ddabd9f4cbd0c6714019a304f148,5510801.0,Sem Info,0.8519543021503437,0.1968494534389599,952.0,189.11510791366908,0.95,0.04097,980.0,989.0,0.0,0.0,0.0,0.0,0.0,0.0,0.0,0.0,1.0,Baixo Risco
1eb54131e9be485a23ed07d6667917b3af068af42e26acce42a48cf4344938f2,5611201.0,GO,0.981438555312718,0.8530041727895563,835.0,0.0,0.67,0.0,816.0,983.0,0.0,0.0,0.0,0.0,0.0,0.0,0.0,0.0,1.0,Baixo Risco
575ca95267c2b6017a678b53b945d9ea382f7fc4566f4f6d8046b0771040829e,4781400.0,PE,0.8436847024916577,0.8530041727895563,813.0,239.72727272727272,0.98,0.11457,924.0,987.0,0.0,0.0,0.0,0.0,0.0,0.0,0.0,0.0,1.0,Baixo Risco
5af1be6e6e110eacfadd568e1be1864644225b23ae841e8f1b6b9713ac84d904,4633801.0,SP,0.8584989603642466,0.4820565361471866,725.0,153.2905982905983,0.82,0.06134,980.0,987.0,1.0,635.0,635.0,0.0,0.0,0.0,0.0,47.0,1.0,Baixo Risco
e0a8996a64eab5e4d5095ee6409902b7ca8eea69b3de40a26a430ccabadccf23,4635402.0,SP,0.9967992455102505,1.0,921.0,236.7142857142857,0.91,0.0,978.0,988.0,4.0,1445.1,1459.08,1.5,0.25,0.0,-13.979999999999961,19.5,1.0,Baixo Risco
26c39c458b89f08afe320dacd0ed8875623bb90cf2055f4790c0595d2f43a0d7,4781400.0,MS,0.9270249086116008,0.8530041727895563,918.0,174.22727272727272,0.98,0.09668,980.0,988.0,0.0,0.0,0.0,0.0,0.0,0.0,0.0,0.0,1.0,Baixo Risco
f1e6e64fd53a2be555c24d5f6eb70e2fa0ff4209718ef4013b6444fa22457cef,4781400.0,BA,0.5672443310080021,0.8530041727895563,840.0,0.0,1.0,0.0,829.0,960.0,0.0,0.0,0.0,0.0,0.0,0.0,0.0,0.0,1.0,Baixo Risco
76721307bc052bfd5b21010337ffccf9ae0e6978e08b0111a9e108dd298b2fad,4611700.0,TO,0.8624370327298944,0.5610100957010038,445.0,118.16666666666669,0.67,0.24098,387.0,983.0,7.0,1391394.76,1391394.76,0.14285714285714285,0.14285714285714285,0.0,0.0,85.14285714285714,1.0,Baixo Risco
626152ca8dd5b0ed07b8a31b432075f8e2d2721d22ec769f8b75ce7851ae1b83,4772500.0,PR,0.9980116297449114,0.8530041727895563,938.0,164.125,0.99,0.01658,978.0,988.0,0.0,0.0,0.0,0.0,0.0,0.0,0.0,0.0,1.0,Baixo Risco
3b98366cf5933fcbecf353dc2d8b448188e6507efaba21d780efb54ecd2f8a68,4110700.0,SP,0.1918495839310147,0.459387548810818,137.0,86.27323943661972,0.51,0.42731,918.0,986.0,0.0,0.0,0.0,0.0,0.0,0.0,0.0,0.0,1.0,Baixo Risco
548d1d2f130295cbc78330140dbc507423a3d517d6b900e5b79670fa074bb0d3,1121600.0,AL,0.8757651352737271,0.8403943761684701,871.0,58.6,0.92,0.09706,974.0,989.0,0.0,0.0,0.0,0.0,0.0,0.0,0.0,0.0,1.0,Baixo Risco
f935dc9e66b49c21d9f3fea12cf54233899caefd1af2400404528cda38286d6f,4712100.0,GO,0.9823423569354174,0.8530041727895563,912.0,100.75,0.97,0.0,971.0,988.0,0.0,0.0,0.0,0.0,0.0,0.0,0.0,0.0,1.0,Baixo Risco
b8050163189bb9000154b90b7ef90a53a489d238813c38ecb7b4a12fcb2d3fe1,4781400.0,SC,1.0,0.8530041727895563,936.0,258.25,0.96,0.0,975.0,988.0,0.0,0.0,0.0,0.0,0.0,0.0,0.0,0.0,1.0,Baixo Risco
8e03008e93df3f2a5985687046e4acd6abf7fe22ae211b3bbf0bf262b3a43b4b,4781400.0,PA,1.0,0.8530041727895563,114.0,0.0,1.0,0.0,826.0,910.0,0.0,0.0,0.0,0.0,0.0,0.0,0.0,0.0,1.0,Baixo Risco
354f60034a582155775588b403dde2b0a98814db4c9c16d696803dd6a0b4ccff,4763601.0,RS,0.981677675781628,0.8530041727895563,952.0,201.225,0.97,0.00978,983.0,989.0,0.0,0.0,0.0,0.0,0.0,0.0,0.0,0.0,1.0,Baixo Risco
b983f5b082cab100825a6abb76fe271771ef2ed1a9e48883bf536d839e93c18d,4744001.0,PR,0.9975959111316358,0.9929942662574606,965.0,225.66666666666663,0.94,0.0,986.0,989.0,0.0,0.0,0.0,0.0,0.0,0.0,0.0,0.0,1.0,Baixo Risco
8e6e7f32c551162a12bb9ef9edeb166d89f2880beed9708f281633de7964e9b1,4781400.0,TO,0.9897272458145804,0.8530041727895563,964.0,231.31578947368425,0.99,0.0,984.0,989.0,0.0,0.0,0.0,0.0,0.0,0.0,0.0,0.0,1.0,Baixo Risco
07d7d43607be8c611499da41cf6b211c19bc42d511ea30e77fa850f464b81ede,2592602.0,SP,0.1588718637906363,0.2071074484088312,142.0,44.59782608695652,0.34,0.57211,29.0,768.0,1.0,4526.04,4526.04,0.0,0.0,0.0,0.0,90.0,1.0,Baixo Risco
1620b5c31d48b79b8edf3a061a23cacf165d6e275e53889f1c39efa3dccdaddc,1063500.0,SP,0.2896139311798748,0.6688585610272091,140.0,109.29629629629628,0.54,0.01847,47.0,921.0,1.0,6990.0,6990.0,0.0,0.0,0.0,0.0,35.0,1.0,Baixo Risco
198652c2e4493aba99b138e40317f0938da4a721fa74a513204a16a2846ac1ee,4652400.0,SC,0.7011031990188712,0.8010598030346312,502.0,37.0,0.71,0.0,758.0,975.0,0.0,0.0,0.0,0.0,0.0,0.0,0.0,0.0,1.0,Baixo Risco
e7ae700eb86c1d1bf887bd1e263832d8ded70ab76f0110f362ba70bd1dae990f,4321500.0,SC,0.976485812360768,0.8530041727895563,794.0,51.333333333333336,0.85,0.54825,928.0,987.0,0.0,0.0,0.0,0.0,0.0,0.0,0.0,0.0,1.0,Baixo Risco
c46203c92f28212eb4b5412a60b49b0c2ac5288a958acd48e274fc403bf8dc54,4530701.0,DF,0.9892972084145256,0.8016882890898329,957.0,212.5267857142857,0.98,4e-05,981.0,989.0,0.0,0.0,0.0,0.0,0.0,0.0,0.0,0.0,1.0,Baixo Risco
acc11da8f5f2683aa883048b1270f159be0c2b530259ddd5f1da2df56b2cec72,4782201.0,SP,0.966178001204084,0.8530041727895563,948.0,109.0,0.97,0.0,984.0,989.0,0.0,0.0,0.0,0.0,0.0,0.0,0.0,0.0,1.0,Baixo Risco
37111538b4924b0bcc81cec24eaeba22bd64789480462751ad7caf4765a4e662,4642701.0,SC,0.6625022989731871,0.6078127310217641,779.0,131.83333333333334,0.89,0.64914,833.0,986.0,0.0,0.0,0.0,0.0,0.0,0.0,0.0,0.0,1.0,Baixo Risco
2944bcafb604fbf247d87c69a59748cca9ae0c67f67a2d62cb8f785af5e816f4,4729699.0,DF,0.802792780371418,0.8530041727895563,928.0,206.75,0.88,0.0,944.0,986.0,0.0,0.0,0.0,0.0,0.0,0.0,0.0,0.0,1.0,Baixo Risco
968968f93687c816f3a7fd0498027762555ffa7a1805a8181a2f1c377892448b,4789099.0,MG,0.8281459034782617,0.9373345603613944,909.0,82.8,0.87,0.05801,931.0,988.0,0.0,0.0,0.0,0.0,0.0,0.0,0.0,0.0,1.0,Baixo Risco
fa2bde1b470b17794292ac267b539f7d45bdbd952189fc03358e85a2d365f248,4637104.0,SP,0.9981460038418244,0.8530041727895563,930.0,177.15037593984962,0.96,0.0007,969.0,988.0,0.0,0.0,0.0,0.0,0.0,0.0,0.0,0.0,1.0,Baixo Risco
866a8bd6b63e4905e8cb222918b66dec5d0fa24910f7397dc4bd585c41eba12a,4781400.0,GO,0.1516842318371848,0.05,149.0,85.33333333333333,0.66,0.35853,30.0,779.0,0.0,0.0,0.0,0.0,0.0,0.0,0.0,0.0,1.0,Baixo Risco
8759fa5c504f9a1c49fcc916596ab1ee2428c5c0339556b687e8c3774a09378f,4771701.0,PR,0.9348182154723376,0.8530041727895563,911.0,193.5,0.95,0.28258,980.0,989.0,0.0,0.0,0.0,0.0,0.0,0.0,0.0,0.0,1.0,Baixo Risco
712cfbd2101dae591f730eff048a7cb92ba33ff92c8d70c0aa5c6a9b7b746435,4631100.0,Sem Info,0.05,0.8530041727895563,94.0,6.0,0.13,1.0,72.0,549.0,1.0,18416.67,0.0,18.0,1.0,0.0,18416.67,59.0,1.0,Baixo Risco
a314b35ee8e7b3ff63ac02475a08c7447cd965218c04359262b3c42561653ed4,4639702.0,PR,0.9962962012412676,0.9708930159456328,961.0,248.8521739130435,0.97,0.0,983.0,989.0,0.0,0.0,0.0,0.0,0.0,0.0,0.0,0.0,1.0,Baixo Risco
c1a594955309cecd71d9f1f7207d2469a01f554745f0fcad75141086d8218637,4722901.0,GO,0.9507798145886492,0.8530041727895563,940.0,233.0,0.94,0.0,960.0,988.0,0.0,0.0,0.0,0.0,0.0,0.0,0.0,0.0,1.0,Baixo Risco
4e8a09bbb395f0e6be88f37acc74c6015bb34780e3d7e1d3ba00146f944c8457,4781400.0,RJ,0.950955230296251,0.9093546047860768,775.0,153.0,0.68,0.0,575.0,984.0,0.0,0.0,0.0,0.0,0.0,0.0,0.0,0.0,1.0,Baixo Risco
ef242e140424d4ea202bdbab9ba908d3542bc6f86286799f1f3a348411c86d61,4781400.0,PB,0.887195970032177,0.8530041727895563,925.0,162.5,0.96,0.0,908.0,988.0,0.0,0.0,0.0,0.0,0.0,0.0,0.0,0.0,1.0,Baixo Risco
40052c456d1d274c4e04ff31f5d45cef07aad7efb5c2690d8f6fb5dd8775e18b,2539001.0,RJ,0.1793404651505434,0.8530041727895563,106.0,68.71428571428571,0.46,0.18947,54.0,666.0,0.0,0.0,0.0,0.0,0.0,0.0,0.0,0.0,1.0,Baixo Risco
b725c1f9e587a0914162272dd16fa9c9c95fd4fc94ffce8d9a3c16356b0fa23a,4759899.0,SP,0.05,0.9307219781596576,220.0,278.0,0.67,0.0,473.0,756.0,1.0,445.45,445.45,0.0,0.0,0.0,0.0,35.0,1.0,Baixo Risco
c37fac8946c3f4d6106edf12dfe5805ea138d75d511367c45d66849f4519d0e0,1052000.0,PR,0.8232045044835018,0.9551098234424736,817.0,182.7942857142857,0.87,0.02669,979.0,989.0,0.0,0.0,0.0,0.0,0.0,0.0,0.0,0.0,1.0,Baixo Risco
7094bbb772d688aaa0976f516f04831b70a19d16452aaf1a5171ce9df154cf89,2031200.0,RJ,0.8530411893969907,1.0,948.0,154.46575342465752,0.92,9e-05,977.0,989.0,0.0,0.0,0.0,0.0,0.0,0.0,0.0,0.0,1.0,Baixo Risco
0553f6d3d4b39088a3634ca734413f938e3ab974901067d0e8dcd1190c7aa89c,4744099.0,SC,0.6348084141980016,0.914336293549982,545.0,101.91666666666669,0.91,0.49586,124.0,924.0,0.0,0.0,0.0,0.0,0.0,0.0,0.0,0.0,1.0,Baixo Risco
14cd354f5a4f8580acd8cde96a788f780669a2a340583f068fa2143cdae16029,4774100.0,SC,0.9098280712664524,0.8530041727895563,905.0,111.06666666666666,0.98,0.37728,982.0,988.0,0.0,0.0,0.0,0.0,0.0,0.0,0.0,0.0,1.0,Baixo Risco
a66b6543c17a90db634b131a6d5f348ad8a641636ddcc9165cb430ea097ddaa8,4781400.0,SP,0.9283775920464238,0.8530041727895563,963.0,217.11111111111111,0.98,0.0,981.0,988.0,0.0,0.0,0.0,0.0,0.0,0.0,0.0,0.0,1.0,Baixo Risco
cccd172351e9fc70ca1e36417e8e52a117eb8bf832c39f6d3aac7c21564cf101,2511000.0,MG,0.3579236000354644,0.7663987826324198,803.0,145.34453781512605,0.87,0.44074,976.0,989.0,3.0,51253.08,51253.08,0.6666666666666666,0.3333333333333333,0.0,0.0,39.0,1.0,Baixo Risco
0b062d2482f706210306e717746bb8b3aeb5af5e82ce95ffbbb65a75d61c924b,4712100.0,BA,0.3029350754618933,0.8530041727895563,464.0,86.1875,0.68,0.27545,172.0,983.0,0.0,0.0,0.0,0.0,0.0,0.0,0.0,0.0,1.0,Baixo Risco
eaafb2fcf4720a00d27fbc27ba5c98ad0946cbaf6c9cd804b06569d528c62619,1354500.0,Sem Info,0.5587521303338192,0.902108542294212,427.0,109.9070707070707,0.79,0.24821,474.0,983.0,2.0,39627.88,39627.88,0.0,0.0,0.0,0.0,45.0,1.0,Baixo Risco
145273144bb3a291c565938202a5c9d92f24d7d2890458adae2f41cd2834cee0,7020400.0,SP,0.1301946308342719,0.4316340946756508,243.0,89.11607142857143,0.66,0.26903,104.0,896.0,2.0,3318.49,3318.49,0.0,0.0,0.0,0.0,29.0,1.0,Baixo Risco
dca1700d9ab12dcc16e1d1cacf2802e90256b7efa11f265f24f1f7a8fd341bd5,2512800.0,RJ,0.7777208975215343,0.8530041727895563,629.0,11.0,0.55,1.0,781.0,984.0,0.0,0.0,0.0,0.0,0.0,0.0,0.0,0.0,1.0,Baixo Risco
8c00206d4c664ee936c21e700a695f4c6b5411413690a659953c4c10d16a8db0,1813099.0,RJ,0.8178983387967923,0.9562365685065282,757.0,192.3181818181818,0.84,0.14395,972.0,988.0,1.0,14502.54,14502.54,0.0,0.0,0.0,0.0,60.0,1.0,Baixo Risco
a36d80f21818549f5efd9e697180509659898ef05725ce6b11fc91e34212c859,4771701.0,Sem Info,1.0,0.8530041727895563,924.0,257.1111111111111,0.97,0.0,973.0,988.0,0.0,0.0,0.0,0.0,0.0,0.0,0.0,0.0,1.0,Baixo Risco
a8de0066b64427a0e6a4eda11acec6050d800f1c266afb33a2f3f1d2193bf0ec,2599399.0,SP,0.8445595650424497,0.7192617610730401,950.0,226.86111111111111,0.98,0.0005,980.0,989.0,0.0,0.0,0.0,0.0,0.0,0.0,0.0,0.0,1.0,Baixo Risco
540328339b04df3a633c42df8df348d80e993a7b84249f39ee985661a774fc5a,6462000.0,SP,0.8017650561779502,0.7292705042574813,940.0,207.4,0.87,0.11123,974.0,987.0,0.0,0.0,0.0,0.0,0.0,0.0,0.0,0.0,1.0,Baixo Risco
2002db391aa4772eff3d5efb1436cafdbf652ed85a83f492e0ba0de05662d54e,4789004.0,SP,0.967935233281466,0.8530041727895563,806.0,328.25,0.94,0.0,865.0,988.0,0.0,0.0,0.0,0.0,0.0,0.0,0.0,0.0,1.0,Baixo Risco
051dbb5a8a338b199589faa181277c273b4b85b6e2c6d51432e5eb464521dacd,1531901.0,Sem Info,0.9935156560794206,0.8402250836731099,962.0,242.58823529411765,0.98,0.03163,981.0,987.0,1.0,2573.7,2573.7,0.0,0.0,0.0,0.0,150.0,1.0,Baixo Risco
00d5105fdbe4f7d7b8e6f5e64d9d0e7f6996dae227bb21a2242f30cde95ec30e,4644301.0,Sem Info,0.963468021777466,0.9062711661466012,772.0,192.1153846153846,0.95,0.00545,979.0,989.0,2.0,383.64,383.64,0.0,0.0,0.0,0.0,50.5,1.0,Baixo Risco
bc29d74e0dd7a34cfcadaa7f902a0d6e7921444774b3e39091c0d76a0575119a,4763601.0,MG,0.9915421511964329,0.8530041727895563,917.0,235.4375,0.97,0.0,974.0,988.0,0.0,0.0,0.0,0.0,0.0,0.0,0.0,0.0,1.0,Baixo Risco
060098be29951489cd374d0e1f3b9fe96b47e2efe42ae188d505cdbc304e9c7e,2099199.0,SP,0.8544809130348077,0.8530041727895563,898.0,175.41592920353983,0.93,0.00134,978.0,989.0,0.0,0.0,0.0,0.0,0.0,0.0,0.0,0.0,1.0,Baixo Risco
89d62a0e67b78ad779756f07538aef5d7270ba518354bd96f8c9fe34b9f656b7,4644301.0,PB,0.6929178684991296,0.9806176046880514,629.0,150.68421052631578,0.89,0.36271,948.0,966.0,1.0,19240.85,19240.85,1.0,1.0,0.0,0.0,61.0,1.0,Baixo Risco
85624a5e7486c6fbdefb15fd335ec9f8a2013e66c065fae13355828c5011f308,2229399.0,SP,0.9918638787208742,0.9166625330249404,954.0,227.625,0.95,0.0,979.0,983.0,0.0,0.0,0.0,0.0,0.0,0.0,0.0,0.0,1.0,Baixo Risco
ef4ad5ade113c12006fe2b8999f9e3ed989203ab366b50df7abf9609064ff311,4723700.0,SP,0.05,0.05,568.0,0.0,0.05,0.0,299.0,621.0,0.0,0.0,0.0,0.0,0.0,0.0,0.0,0.0,1.0,Baixo Risco
b470d1393520270de3d7643c2322d973fc8a4d81bef752926811e2b50f72e64e,4763603.0,SC,0.3495187286319289,0.8530041727895563,114.0,92.14285714285714,0.68,0.06694,42.0,863.0,0.0,0.0,0.0,0.0,0.0,0.0,0.0,0.0,1.0,Baixo Risco
959d3f98c0fd8b7feaf80fb7987f1f586dcdbb7450444369a9eb7c3c08171984,4754702.0,SC,0.9734211706228432,0.5,883.0,132.5,0.92,0.0,955.0,988.0,0.0,0.0,0.0,0.0,0.0,0.0,0.0,0.0,1.0,Baixo Risco
035448685b88a3f018019e43fdf8ecaeabc24b8157f81c4b6597ba10e98d76e0,4711302.0,SP,0.9292275698738376,0.8530041727895563,965.0,233.5283018867925,0.96,0.01869,983.0,989.0,0.0,0.0,0.0,0.0,0.0,0.0,0.0,0.0,1.0,Baixo Risco
e24c0163115158f683733513e52f615dcd24c8f74918ec892910dc3f543ac87e,4744099.0,SC,0.4880963150965665,0.8530041727895563,795.0,113.83333333333331,0.8,0.13633,958.0,988.0,0.0,0.0,0.0,0.0,0.0,0.0,0.0,0.0,1.0,Baixo Risco
0058b0a75be2b245cc836be26c5c1e29d66a09e499f4fe95e33b1a7167727310,4789001.0,RS,1.0,0.8530041727895563,899.0,271.0,1.0,0.0,824.0,981.0,0.0,0.0,0.0,0.0,0.0,0.0,0.0,0.0,1.0,Baixo Risco
1599eaf8d48846cfedf5d939a9cb4b234b6fa63d9bf288540283d918ef9759e5,5510802.0,GO,0.947276626987599,0.8530041727895563,958.0,191.1190476190476,0.96,0.0,975.0,989.0,0.0,0.0,0.0,0.0,0.0,0.0,0.0,0.0,1.0,Baixo Risco
0a88f0fd719010b4800d12d8c774a263955871f60abddbbbfd5d9c1de8a1c0fb,1095300.0,SP,0.9984652610935596,0.905149598447806,950.0,253.40540540540545,0.98,0.00077,972.0,988.0,0.0,0.0,0.0,0.0,0.0,0.0,0.0,0.0,1.0,Baixo Risco
51fb0f3a7eb5a11b63f6704848bac6cef52c1d5b4e2f1515d7cb26d201bf700e,4782201.0,SP,0.9913564668335532,0.8530041727895563,937.0,249.13333333333333,0.97,0.0,977.0,989.0,0.0,0.0,0.0,0.0,0.0,0.0,0.0,0.0,1.0,Baixo Risco
2dc747e04f55b087765ac4569ea754d354ef20c853438a14057598e2dbdbc770,2422901.0,Sem Info,0.7615169565643821,0.5805828202072512,810.0,141.55555555555554,0.89,0.24867,968.0,985.0,1.0,3970.0,4089.09,3.0,1.0,0.0,-119.09000000000015,46.0,1.0,Baixo Risco
d62130bb346115bbaad8f9e76281b75e77dc0c70af55a5c726d65d67a7135518,4789099.0,SP,1.0,0.8696229906747572,959.0,240.5,0.96,0.0,981.0,988.0,0.0,0.0,0.0,0.0,0.0,0.0,0.0,0.0,1.0,Baixo Risco
e142b31dbc443114ecc4942152a98cf731997fb8c80d698e697d3387bf4ce8a6,2441502.0,PR,0.9553298136409004,0.9964433131713516,958.0,209.59459459459455,0.96,0.00078,983.0,989.0,0.0,0.0,0.0,0.0,0.0,0.0,0.0,0.0,1.0,Baixo Risco
1ec31a4874b04649f267297aa69a407626dc0d963d0133453e6c56b83d7850eb,4782201.0,SP,0.991858814390868,0.5658952709572342,963.0,207.375,0.99,0.0,981.0,988.0,0.0,0.0,0.0,0.0,0.0,0.0,0.0,0.0,1.0,Baixo Risco
2640ab92df108fd10e35e73e0e9e28568c7cefa27f7f383c72a5d43c8e437cfc,3101200.0,SP,0.9874234409750832,0.8530041727895563,962.0,272.2435897435897,0.95,0.01458,982.0,987.0,1.0,1871.8,1871.8,1.0,1.0,0.0,0.0,48.0,1.0,Baixo Risco
86ceef2c37175fad1e15f1d8659c71ce3b0144043b25311f608185664a01caf0,4711302.0,MG,0.9685286499992736,0.8261758932047466,960.0,161.92307692307693,0.95,0.02724,979.0,989.0,0.0,0.0,0.0,0.0,0.0,0.0,0.0,0.0,1.0,Baixo Risco
26ec69b840f59a4ba774bb459272d05ad81b40b9d7b5988c2c8c80d25a9db1c1,4646002.0,PE,0.9126542664117684,0.7046816716514729,868.0,203.3939393939394,0.93,0.00102,979.0,989.0,4.0,3953.0,1788.19,1.75,0.5,0.25,2164.81,21.75,1.0,Baixo Risco
89c3af578a2d5fe4b26ef55bb6a257793533b436b8d75c28dec2751c4a8f64ce,1071600.0,SP,0.933513558360742,0.7013274693399646,950.0,211.65028901734104,0.95,0.02879,979.0,988.0,0.0,0.0,0.0,0.0,0.0,0.0,0.0,0.0,1.0,Baixo Risco
a4d547b992a98924bd58830fab52e799c724bba105de833bc52bc1956b9dc4c5,2670101.0,Sem Info,0.2852799033258745,1.0,470.0,135.16216216216216,0.84,0.19897,831.0,973.0,1.0,51500.0,51500.0,0.0,0.0,0.0,0.0,12.0,1.0,Baixo Risco
69fc762b2eaf5f76aa1f2748cb62f657a87e9b3d8d7c19d7348c6af459181bd9,5229002.0,SP,0.9154549575812384,0.8530041727895563,938.0,242.72,0.97,0.03875,968.0,988.0,0.0,0.0,0.0,0.0,0.0,0.0,0.0,0.0,1.0,Baixo Risco
e74170d0844f3082a8a0e80d02b0606fdae6983840298336dd8cddb734d1a9aa,4744099.0,Sem Info,0.9938633007416812,0.9457610622011848,952.0,223.35294117647055,0.98,0.01271,978.0,988.0,0.0,0.0,0.0,0.0,0.0,0.0,0.0,0.0,1.0,Baixo Risco
38489c0e4c7a2204a249f8d41c0a884362d34beab37a7b7b641a7f31a71938f6,4120400.0,SP,0.8149556918944534,0.5741345863624409,496.0,101.45901639344262,0.79,0.15193,923.0,987.0,0.0,0.0,0.0,0.0,0.0,0.0,0.0,0.0,1.0,Baixo Risco
8346f3f7f30eb86ce3f0165dc42f64e2e56a1fc67b05c7e06a478772054c8c1a,4771701.0,PR,0.949210258318411,0.8530041727895563,914.0,218.91304347826087,0.94,0.0,962.0,987.0,0.0,0.0,0.0,0.0,0.0,0.0,0.0,0.0,1.0,Baixo Risco
7baf12680ef97b1902d3b9950a4a768d1b6e8894a29896e62ea2b2dafdeb8cd2,4663000.0,Sem Info,0.6998948628183863,0.05,175.0,105.94444444444444,0.85,0.04455,96.0,975.0,63.0,3228080.66,3226895.34,4.904761904761905,0.4444444444444444,0.031746031746031744,1185.3200000000002,55.682539682539684,1.0,Baixo Risco
a69490ef2e108428cd6cf1b1dcc0549c27bc4063dece00fd44ce95907e1997a2,4681805.0,Sem Info,0.8603694318980816,0.9099068056436246,941.0,183.2012987012987,0.91,0.02365,959.0,983.0,3.0,1104.03,1104.03,0.0,0.0,0.0,0.0,32.333333333333336,1.0,Baixo Risco
224a7c34426f4bc5bd41002f6ca0ad1f561c701bec6c1a68fe96cae6a5559a70,4771701.0,PR,0.5276608425782825,0.8530041727895563,160.0,69.58181818181818,0.77,0.16439,113.0,972.0,0.0,0.0,0.0,0.0,0.0,0.0,0.0,0.0,1.0,Baixo Risco
745f2c550d005c6312382b8ba8406eea1625c8ab5fece6e49c68f00f128bf089,2815102.0,SP,0.9470420081433684,0.8878728883913355,959.0,241.50617283950615,0.96,0.00429,983.0,989.0,0.0,0.0,0.0,0.0,0.0,0.0,0.0,0.0,1.0,Baixo Risco
30b091e0a8a1c7a374bbaacd4f31218145e48ccfd88a8d60278e7eac2ad5aa20,2441501.0,SP,0.6541541530557675,0.8530041727895563,392.0,119.7,0.85,0.61937,560.0,985.0,0.0,0.0,0.0,0.0,0.0,0.0,0.0,0.0,1.0,Baixo Risco
f242c80bc20e9565523100ce0c29e07cb480c292e46d39fe0002ea2e295f773e,2599399.0,SP,0.910143855890946,0.943747100883036,960.0,237.8571428571429,0.95,0.00845,982.0,987.0,0.0,0.0,0.0,0.0,0.0,0.0,0.0,0.0,1.0,Baixo Risco
bea85c64573afff189dea2da6956ba420dc5ba82a11e55b2089933b07ce438a6,2731700.0,SP,0.05,0.6728596550071595,42.0,103.61417322834646,0.2,0.03542,34.0,354.0,2.0,133842.87,12844.23,0.0,0.0,0.0,120998.64,23.5,1.0,Baixo Risco
db32912063d9b1821c227f5db6002b3cad112add69a3c0a590e484c608c4637b,2532201.0,SP,0.7359673252010006,0.9086936962487387,940.0,135.875,0.96,0.15077,981.0,988.0,0.0,0.0,0.0,0.0,0.0,0.0,0.0,0.0,1.0,Baixo Risco
056b23b847f8f9cd8dadf04f827df2cabe9bb1d2385410b13b5635e157df8e1f,4781400.0,SP,0.8733926957758136,1.0,830.0,111.21341463414636,0.94,0.12867,978.0,987.0,0.0,0.0,0.0,0.0,0.0,0.0,0.0,0.0,1.0,Baixo Risco
377ab96e9ecd703c64ec3a45fd18395eb960711aefeb45573cd47d0fc0db6232,4741500.0,MG,0.972964356468614,0.9040159309404808,911.0,158.63636363636363,0.92,0.0,972.0,985.0,0.0,0.0,0.0,0.0,0.0,0.0,0.0,0.0,1.0,Baixo Risco
37e1be6f3a426fe5b2b8a507bf39a48f011be85ddc82dbbb07901a016af1190d,4644301.0,ES,0.8498647814167651,0.9720737804377748,408.0,128.37373737373738,0.84,0.04649,689.0,984.0,3.0,794.2,794.2,0.0,0.0,0.0,0.0,62.666666666666664,1.0,Baixo Risco
7852b73e5d7f5a56129ae262bc525e45dec3fd02cdab9d9f4192a3e3277414f7,4722901.0,SP,0.951395568499906,0.8530041727895563,961.0,243.1578947368421,0.96,0.0,978.0,989.0,0.0,0.0,0.0,0.0,0.0,0.0,0.0,0.0,1.0,Baixo Risco
6ff2f2ce34f4ad407a28ae6d00bbf113604efd316ce9a508da020e3d8e35398d,2229399.0,Sem Info,0.5275508660429589,1.0,844.0,201.8823529411765,0.93,0.13926,332.0,986.0,4.0,11426.27,11426.27,0.25,0.25,0.0,0.0,36.25,1.0,Baixo Risco
3330e245119b2c29f896a616b6089e1cd6fc24bffea8b271aa7db3b66f3324f5,4729699.0,SP,0.9151029873373504,0.9250487748747952,940.0,220.60103626943004,0.94,0.03469,954.0,986.0,0.0,0.0,0.0,0.0,0.0,0.0,0.0,0.0,1.0,Baixo Risco
81dc3a0d666dd10d1b4e98521f03bece18b0dd24e3043bffb02790826717c28e,4711302.0,RS,0.8823724377100239,0.5644451707909856,960.0,243.04950495049505,0.97,0.00027,980.0,989.0,0.0,0.0,0.0,0.0,0.0,0.0,0.0,0.0,1.0,Baixo Risco
c46a879875a256557938760ce47b4c560169c7e57859320a394b8049d49cca3b,1052000.0,SP,0.9345914741190124,0.5748531706256682,915.0,185.4,0.94,0.01047,975.0,989.0,1.0,5532.72,5532.72,0.0,0.0,0.0,0.0,28.0,1.0,Baixo Risco
26bfb673cd95bb39e2dbf633823f8db6e56f7ff72bc8c19b3b1b40eddb697ae1,4771701.0,PR,0.9583950310963272,0.8530041727895563,950.0,246.0,0.97,0.0,985.0,989.0,0.0,0.0,0.0,0.0,0.0,0.0,0.0,0.0,1.0,Baixo Risco
1aee6d4440d28b41b37d1bef7f0e5880d77c0ab40f52e04e7d49012228745c8b,4771701.0,PR,0.9186841677635456,0.8530041727895563,856.0,127.1,0.89,0.19969,921.0,986.0,0.0,0.0,0.0,0.0,0.0,0.0,0.0,0.0,1.0,Baixo Risco
fc9f52bb6bc649f59fe142a9182449c65d087de0a317df006e0324e0f1c6e09f,4771701.0,PR,0.9938986637546112,1.0,963.0,270.17021276595744,0.98,0.0,982.0,989.0,0.0,0.0,0.0,0.0,0.0,0.0,0.0,0.0,1.0,Baixo Risco
9d4318016d961700ff25918339bcadf07e16e731972647282595d8acdc95d8e8,4691500.0,RO,0.9650641839994448,0.8780317993379794,950.0,211.425,0.95,0.25838,980.0,988.0,0.0,0.0,0.0,0.0,0.0,0.0,0.0,0.0,1.0,Baixo Risco
f10cb6c6fc22a39564448068246b66d972451c528abb246f530c72769e0e8711,1521100.0,SP,0.713438590301184,0.8413781796889743,940.0,238.4485294117647,0.95,0.0001,971.0,989.0,1.0,2175.7,2175.7,0.0,0.0,0.0,0.0,75.0,1.0,Baixo Risco
ecb95bac9913571b8dc1255c8eb896d0fe004fa0b31f605b89e0aa0b34b0a40f,4771701.0,PR,0.9454140098360364,0.8530041727895563,959.0,221.65,0.97,0.01054,972.0,989.0,0.0,0.0,0.0,0.0,0.0,0.0,0.0,0.0,1.0,Baixo Risco
90daac0a5c279db0b9d674cb3a79bee481f285f0df0da6d4b7018f641f545da3,2930101.0,SP,0.968825997252298,0.8530041727895563,951.0,224.6153846153846,0.92,0.00771,978.0,989.0,0.0,0.0,0.0,0.0,0.0,0.0,0.0,0.0,1.0,Baixo Risco
7a6f0092bd3cd7d88b3ef01e24be33f198c6590e57cc095c037b7f42246fd979,2751100.0,RJ,0.1791648498049879,0.7386930310924463,92.0,104.75,0.32,0.13861,101.0,981.0,5.0,2893.4300000000003,2893.4300000000003,0.4,0.4,0.0,0.0,72.8,1.0,Baixo Risco
08ed9ac5efffbfe546f6182605f3e73f1e868edb6a89751a51338cff7f2acc2f,4771701.0,PR,0.9477800102302298,0.8530041727895563,949.0,193.88888888888889,0.98,0.18823,971.0,988.0,0.0,0.0,0.0,0.0,0.0,0.0,0.0,0.0,1.0,Baixo Risco
17e86429059f2445f72631cfd7fab0dda6a743904d066e94730ab57fe647fc72,4686902.0,SC,0.2193079358403576,0.8530041727895563,145.0,24.0,0.12,0.0,579.0,916.0,0.0,0.0,0.0,0.0,0.0,0.0,0.0,0.0,1.0,Baixo Risco
d129fa048bd7b3af20c96d9859ad76f28e7d6cd7dbef1e68f0d117fa4ae95a25,4744001.0,MS,0.9801196484337056,0.9388695471581568,950.0,258.0,0.94,0.0,980.0,989.0,0.0,0.0,0.0,0.0,0.0,0.0,0.0,0.0,1.0,Baixo Risco
fe495684bb1e7110500b06d5ef300270fa7ae514ff5f9054b20c7b600cd13e5b,1092900.0,Sem Info,0.954066735255287,0.9134466270112468,950.0,176.94230769230768,0.93,0.03205,981.0,989.0,6.0,20502.480000000003,20397.54,3.1666666666666665,0.3333333333333333,0.0,104.94,28.5,1.0,Baixo Risco
77eb4549000237b72ab75fc961e56ea208c87ac489d21ea3f4945978b8f9c6f0,1412601.0,Sem Info,0.8980828922112835,0.8530041727895563,879.0,198.4320987654321,0.9,0.04309,971.0,988.0,16.0,8862.15,8798.24,1.3125,0.125,0.0,63.90999999999997,142.0,1.0,Baixo Risco
f358783fb3f4b6cc8ff611188cbb2a67d0908c42e3eb509389e4c560be8f07c5,4711302.0,PR,0.9494931986313028,0.7417213534166327,962.0,159.2900432900433,0.97,0.06633,981.0,988.0,0.0,0.0,0.0,0.0,0.0,0.0,0.0,0.0,1.0,Baixo Risco
57714baa608ca78d405912c82ddc9222101a32094e46f0d49ec097997936c63f,1353700.0,SC,0.882944267811789,0.932344274770916,944.0,228.31914893617025,0.92,0.01292,980.0,989.0,0.0,0.0,0.0,0.0,0.0,0.0,0.0,0.0,1.0,Baixo Risco
61f98de03e3495b3347f7187535ff01f28332930aba89023532642ddc80a19f4,4771701.0,PR,0.8107971892195577,0.8530041727895563,865.0,210.05263157894737,0.92,0.01506,930.0,977.0,0.0,0.0,0.0,0.0,0.0,0.0,0.0,0.0,1.0,Baixo Risco
f78c950b62f1854ff57afca16824cbf551dc88c5c15acc970f6e82ee5ba253b1,4771701.0,PR,0.968770444261446,0.916121186194632,951.0,219.73684210526315,0.98,0.0,980.0,988.0,0.0,0.0,0.0,0.0,0.0,0.0,0.0,0.0,1.0,Baixo Risco
e3e819eeb69a808bba9b78e4fec1997d42153cb6e750f69d833477cbe6331ecf,4771701.0,PR,0.9931680445622671,0.8530041727895563,958.0,242.97916666666663,0.97,0.00132,979.0,988.0,0.0,0.0,0.0,0.0,0.0,0.0,0.0,0.0,1.0,Baixo Risco
7362d5d8030a4dcd88bdf9825c3a4ab39f9b2548be44989778aa4a9e75ba5464,1113502.0,PR,0.9142719973521406,0.9205752479338628,827.0,159.6875,0.93,0.08655,938.0,986.0,6.0,63202.52,63202.52,0.5,0.3333333333333333,0.0,0.0,33.0,1.0,Baixo Risco
705b28ecba58311947d2c9a90a103670d8e7aa716838d2f595b2751efd64c953,4771701.0,PR,0.9728987907812542,0.8530041727895563,945.0,206.60919540229884,0.97,0.00239,975.0,987.0,0.0,0.0,0.0,0.0,0.0,0.0,0.0,0.0,1.0,Baixo Risco
aa2870fd1d6eab03ef3a4cbd6cb402fccb3e492b9351251556a53867cdd19ef2,4771701.0,PR,0.989331890961292,0.8530041727895563,914.0,241.12727272727275,0.95,0.01409,960.0,988.0,0.0,0.0,0.0,0.0,0.0,0.0,0.0,0.0,1.0,Baixo Risco
e7612b5d09a402017eb6df0d17540b91e4c88453b141c371029093c0b9eb40ef,4781400.0,SC,0.8228858797977048,0.8530041727895563,884.0,160.66666666666666,0.93,0.0,936.0,988.0,0.0,0.0,0.0,0.0,0.0,0.0,0.0,0.0,1.0,Baixo Risco
5bfb3618a3e5d636a5fcb38dd2c959e1ca49cd1aef8ca12b4b2d7d6769890307,2229301.0,SC,0.921070395080184,0.7293105606369241,823.0,152.55603448275863,0.92,0.0115,978.0,989.0,2.0,1379.3899999999999,1379.3899999999999,0.0,0.0,0.0,0.0,102.5,1.0,Baixo Risco
ae7ff6e57a33cf6f89e81a7f244f4d03b23382f7854e989d1c65963e23deba16,4711302.0,SC,0.8952241200762832,0.6351963826339417,848.0,147.63095238095238,0.94,0.00262,975.0,989.0,4.0,805556.76,806874.64,1.0,0.75,0.0,-1317.8800000000047,5.0,1.0,Baixo Risco
dbf8b0cd10c4df35b20d9e593cfde3700612daf5006fabb7390b01dfafbc9521,1099699.0,SC,0.8913748385276823,0.934879881107276,883.0,186.22381930184804,0.91,0.01697,969.0,989.0,0.0,0.0,0.0,0.0,0.0,0.0,0.0,0.0,1.0,Baixo Risco
445f3b7f428182494b7795670243724f3a5a58a98b629894e7278a13ff8dbe1b,4644301.0,AM,0.7217722321742477,0.7653509336201538,571.0,121.55654101995566,0.92,0.10021,980.0,987.0,0.0,0.0,0.0,0.0,0.0,0.0,0.0,0.0,1.0,Baixo Risco
90559623c61e2f1a4c33fc4be7ccc27f26b0c63ee807566b9e377651bb804bef,4771701.0,PR,0.3900382534002768,0.8530041727895563,770.0,203.0,0.79,0.00877,958.0,988.0,0.0,0.0,0.0,0.0,0.0,0.0,0.0,0.0,1.0,Baixo Risco
85c676dd677f2cedf3ee5f245278c13b8d1f3f0acb63811c5513bb80873e0019,4744005.0,SC,0.9810978602373616,0.8995363474238298,951.0,239.9777777777778,0.99,0.08885,977.0,988.0,0.0,0.0,0.0,0.0,0.0,0.0,0.0,0.0,1.0,Baixo Risco
56ff8c48f85b2a500e4432b645049bc2b7254ceb9d764d7fc765dc7375af5b8d,3102100.0,PR,0.810131020440709,0.9192600193319612,946.0,192.23809523809524,0.95,0.39242,970.0,989.0,1.0,755.0,755.0,0.0,0.0,0.0,0.0,61.0,1.0,Baixo Risco
fc921a19f63549bd70112eb4d6159986c99a80210682b2d8d58bcfa9d7d0b8f9,1412601.0,SP,0.9462863372510636,1.0,902.0,172.5909090909091,0.95,0.0,978.0,989.0,0.0,0.0,0.0,0.0,0.0,0.0,0.0,0.0,1.0,Baixo Risco
ff3badb01e8ad9dd6bc9785c5cfde7985ade87f7a2108cd05b2fd50ab7063efd,4781400.0,RS,0.9229769526820284,0.7886345453312039,940.0,213.9607843137255,0.97,0.04318,979.0,988.0,0.0,0.0,0.0,0.0,0.0,0.0,0.0,0.0,1.0,Baixo Risco
e4598a523033fff5f3253eb02c7376f659b9b601f41904a3c0fcae242b91363e,4772500.0,PR,0.9530915771681294,0.8530041727895563,951.0,159.625,0.98,0.0,982.0,988.0,0.0,0.0,0.0,0.0,0.0,0.0,0.0,0.0,1.0,Baixo Risco
3f9ee9d248ff85ad06baf75a806702a91bfb13cb9d7b9dc23b717f3b4beaaddc,4711302.0,MT,0.9250529064473652,0.8530041727895563,935.0,194.7795275590551,0.97,0.00389,961.0,986.0,0.0,0.0,0.0,0.0,0.0,0.0,0.0,0.0,1.0,Baixo Risco
ea956882b24afc1e0d4bc71eb3321851231d705c7b6b5990ccf074999a7eb41b,8650004.0,PA,0.7932191337833946,0.8530041727895563,414.0,44.5,0.64,0.0,827.0,975.0,0.0,0.0,0.0,0.0,0.0,0.0,0.0,0.0,1.0,Baixo Risco
a569751622a19e59bdbec2805b223431320dcf2d608890d00a262365c9611c90,4771701.0,PR,0.9279465056449008,0.8530041727895563,924.0,123.14285714285714,0.96,0.012,979.0,988.0,0.0,0.0,0.0,0.0,0.0,0.0,0.0,0.0,1.0,Baixo Risco
f67b9fe57c99a1084ad10616ff98409fc0396d714066b728bae340e5381ee645,4789099.0,Sem Info,0.8969931346304711,0.4713992164862199,914.0,203.74534161490683,0.98,0.00013,981.0,988.0,0.0,0.0,0.0,0.0,0.0,0.0,0.0,0.0,1.0,Baixo Risco
aad30e38e456334d6abe3c29a458e4f234d7f8bf1d7706b7b923481d876f00c5,4771701.0,PR,0.9832924195806432,0.8639610497473743,949.0,226.84,0.98,0.03393,979.0,989.0,0.0,0.0,0.0,0.0,0.0,0.0,0.0,0.0,1.0,Baixo Risco
0d558babb95c9f772eb98779f9690c4643161e91fb96da87d0f127d1db74cd08,6542100.0,RS,0.9191783686852708,0.8530041727895563,793.0,176.32142857142858,0.91,0.05981,973.0,989.0,0.0,0.0,0.0,0.0,0.0,0.0,0.0,0.0,1.0,Baixo Risco
b414038749ac507d39184ec9d9800e0fa4c671c5fb1404300def392e0179849d,4781400.0,RS,0.9521923739012422,0.8445900063651468,878.0,206.56666666666663,0.98,0.03933,970.0,988.0,0.0,0.0,0.0,0.0,0.0,0.0,0.0,0.0,1.0,Baixo Risco
84be7a0ffb00654e1e120aa4f337e1c51b48950ab601ae5051b6432a423d5d35,2751100.0,SP,0.1889154453041074,0.4412773058021711,95.0,146.6615494466262,0.18,0.00619,426.0,866.0,1.0,1964.0,0.0,0.0,0.0,1.0,1964.0,0.0,1.0,Baixo Risco
9a81553d299fe54cf3e0151cea555472d12d37414c1600987656c6ce2eef52f7,2722801.0,RS,0.3615485339110606,0.2887273801228329,185.0,137.44412607449857,0.7,0.06753,155.0,984.0,15.0,117793.03,111946.31,4.6,0.2,0.0,5846.72,55.666666666666664,1.0,Baixo Risco
3db2947e32fe3e9436a8c5344cb965e91d21228bef7dca11ffdc07ab1008c8e7,2063100.0,Sem Info,0.2315280717500211,0.6778331080914403,255.0,134.8618181818182,0.61,0.094,31.0,866.0,1.0,154.59,154.59,2.0,1.0,0.0,0.0,47.0,1.0,Baixo Risco
35a71d20ace5feda1a316b37d759d93dae85d311aaecd71f9f1e19f865c56b25,4754701.0,SC,0.9888225051795576,0.8530041727895563,950.0,287.95454545454544,0.98,0.0,969.0,986.0,0.0,0.0,0.0,0.0,0.0,0.0,0.0,0.0,1.0,Baixo Risco
1cd1ae56e4ed4f41865ac32d93007b4dd55995f30146e11583b0d29c4c9d8b8e,2071100.0,BA,0.9498332388166004,0.186995145374028,912.0,228.83333333333331,0.94,0.0,964.0,988.0,0.0,0.0,0.0,0.0,0.0,0.0,0.0,0.0,1.0,Baixo Risco
e33a3ae42a5bb03da072f5d1ca374808c4d9ffeab8d44c5c2b2db717780bf3cb,2061400.0,BA,0.6915346725582484,0.8452483666704139,932.0,234.33333333333331,0.93,0.0213,970.0,989.0,0.0,0.0,0.0,0.0,0.0,0.0,0.0,0.0,1.0,Baixo Risco
7808a0047b266d7aaeeb9d559c98f31f23aa739941a02765c16122e31820127d,4683400.0,RS,0.9878765020191316,0.605366410487495,887.0,201.71153846153845,0.97,0.01377,956.0,988.0,0.0,0.0,0.0,0.0,0.0,0.0,0.0,0.0,1.0,Baixo Risco
e344f95ca660447faada9b0903b838fe549efa7d298a6ca430a3f09a2bf13d4b,2229302.0,Sem Info,0.5578908079237758,0.9795182934332544,953.0,224.52941176470588,0.92,0.05104,982.0,989.0,2.0,3652.0699999999997,3652.0699999999997,0.0,0.0,0.0,0.0,28.0,1.0,Baixo Risco
04035511eb7373bdca98b42e8bd5ae09bc958910f2ec407aadbeaa2b46a19d29,4744099.0,SP,1.0,1.0,931.0,204.8,0.91,0.0,959.0,987.0,0.0,0.0,0.0,0.0,0.0,0.0,0.0,0.0,1.0,Baixo Risco
e7a8cb353cbfd773adee706c823665a0c80985b9ec457a5cfa3d9cc42d7dc7d8,4755503.0,GO,0.5146185009740374,0.270950952343807,504.0,76.5,0.89,0.67367,438.0,979.0,0.0,0.0,0.0,0.0,0.0,0.0,0.0,0.0,1.0,Baixo Risco
478523eb33282544008c173afa4f6661795368f2bbcafd42ae5a76a7e59dccca,4623106.0,SP,0.9511023111143933,0.3186629103631528,825.0,152.30357142857142,0.94,0.00503,335.0,982.0,0.0,0.0,0.0,0.0,0.0,0.0,0.0,0.0,1.0,Baixo Risco
9584f6e065829851e5bdedf1c83c9c44fd7a4cbb5b802c82f35b83d36f490e79,4744099.0,SC,0.9700641342637064,0.9063302009917265,944.0,237.66666666666663,0.98,0.07558,982.0,988.0,0.0,0.0,0.0,0.0,0.0,0.0,0.0,0.0,1.0,Baixo Risco
6c29aa0ae9fec35203eddbf81dc44131e0637b21c608534e5f350e193b0dc33c,3702900.0,PR,0.8696766509234846,0.8530041727895563,958.0,195.64285714285717,0.94,0.0067,971.0,988.0,0.0,0.0,0.0,0.0,0.0,0.0,0.0,0.0,1.0,Baixo Risco
de0a2e9521429efdcb5258675aa0feee319498e5659015bfaab2a0d4765e0cc4,4713004.0,GO,0.7925322670998916,0.8530041727895563,823.0,155.65116279069767,0.96,0.05409,982.0,986.0,0.0,0.0,0.0,0.0,0.0,0.0,0.0,0.0,1.0,Baixo Risco
d2c8e4869bc689d4588ec2cb9daccb39ac77a2b7fdfd82236b699c7b4bb0416a,4782201.0,PB,0.9924181695471076,0.8530041727895563,960.0,233.3018867924528,1.0,0.0,970.0,988.0,0.0,0.0,0.0,0.0,0.0,0.0,0.0,0.0,1.0,Baixo Risco
a9a7e968ef5365bc4750ce2142bde3b6a077a2c2081f15bebc298cb6fe6bc558,6920601.0,RJ,0.9038451569146848,0.8530041727895563,872.0,24.0,0.86,0.0,709.0,983.0,0.0,0.0,0.0,0.0,0.0,0.0,0.0,0.0,1.0,Baixo Risco
428987e4dc3b268b1bbd2328a3adb6b38996baa3fd7e1d0202bc4bf0dad0017e,6492100.0,SP,0.9446661715188984,0.883444608226059,606.0,169.88888888888889,0.84,0.0,942.0,988.0,10.0,2609707.02,2176794.97,0.5,0.2,0.0,432912.05,1.2,1.0,Baixo Risco
d6eacdf2ef679d55c507fc9e9408f08a3cb21c0645068a39826aeac4c77c1c6b,4634602.0,SP,0.8968922122649874,0.8530041727895563,857.0,72.66666666666667,0.77,0.0,954.0,988.0,0.0,0.0,0.0,0.0,0.0,0.0,0.0,0.0,1.0,Baixo Risco
044ce53215bd94b7619418e63379d0fc1dc18a9ddc74340e902a165413f0dc72,4771701.0,PR,0.727581767992394,0.8530041727895563,857.0,167.375,0.9,0.33448,99.0,977.0,0.0,0.0,0.0,0.0,0.0,0.0,0.0,0.0,1.0,Baixo Risco
1b63ba832ff7b2f569642ea7277eb8a59af5ddefe2a24e0eeaa507c64b38e036,4771701.0,PR,0.9737253480827266,0.952500600108414,949.0,223.3673469387755,0.99,0.20922,981.0,988.0,0.0,0.0,0.0,0.0,0.0,0.0,0.0,0.0,1.0,Baixo Risco
85a7b99194a2c54637568e3b6ecafc161a5bda6f4dc6b2ccac08c1255040482e,4771701.0,PR,0.9903062865323392,0.8530041727895563,953.0,263.1304347826087,0.97,0.06507,972.0,988.0,0.0,0.0,0.0,0.0,0.0,0.0,0.0,0.0,1.0,Baixo Risco
533143e1c76befa00ad3b6b96cfe9b47837b1f6acbf3748bd319f84fa0bc26ce,4751201.0,SP,0.8797940509459228,1.0,942.0,91.3076923076923,0.99,0.0,980.0,988.0,0.0,0.0,0.0,0.0,0.0,0.0,0.0,0.0,1.0,Baixo Risco
7cd1fde74ac274d6a8aacb59d1dd1477acf74af02cde7e49db5d21bf5027ea49,4771701.0,PR,0.9935565569457718,0.8530041727895563,964.0,155.75,0.97,0.22295,984.0,988.0,0.0,0.0,0.0,0.0,0.0,0.0,0.0,0.0,1.0,Baixo Risco
44cfc79a8d8f94afbe5136be8cf4951e1b3943dbf6d72ffdba30c12bd6743f5f,4771701.0,PR,0.9922976444798204,0.8530041727895563,951.0,238.91666666666663,0.96,0.03284,979.0,989.0,0.0,0.0,0.0,0.0,0.0,0.0,0.0,0.0,1.0,Baixo Risco
183d532d2b424e1f7e82417c78bc1d109700ed5795e3b5bbcaedc330eb8f101d,4673700.0,SC,0.9779505686716404,0.9166382394457846,845.0,205.14814814814812,0.97,0.23251,960.0,988.0,0.0,0.0,0.0,0.0,0.0,0.0,0.0,0.0,1.0,Baixo Risco
a0291cf73cfc668fc32ab3b5a0bf99c3634ce6e77b092874d4f0ab7ba9f48bee,4639702.0,SP,0.8988763109409145,0.7970166869459052,922.0,174.625,0.94,0.07052,982.0,989.0,0.0,0.0,0.0,0.0,0.0,0.0,0.0,0.0,1.0,Baixo Risco
a9806371f45a1e0678b45656c58937ba65da3173c94ace154fe2fa3a7b92811f,6462000.0,SC,0.05,0.8530041727895563,73.0,36.07692307692308,0.05,0.60132,41.0,119.0,1.0,37492.02,42386.65,39.0,1.0,0.0,-4894.630000000005,525.0,1.0,Baixo Risco
53b132a4a7cf209f7658751d5b5cea63b29a9c8187d2d455a1fd2f19ac95aa82,4782201.0,RS,0.9897902732738266,0.8530041727895563,937.0,219.1304347826087,0.99,0.0,980.0,989.0,0.0,0.0,0.0,0.0,0.0,0.0,0.0,0.0,1.0,Baixo Risco
ace648d24bcced24caef2a6817dbfe1ad9d252c984c3209bce79d5aaca219508,9602501.0,PR,0.9212212855206992,0.8530041727895563,920.0,136.93333333333334,0.96,0.21961,979.0,987.0,0.0,0.0,0.0,0.0,0.0,0.0,0.0,0.0,1.0,Baixo Risco
e14c365aa6754a88a0be85576f8f7348c72993a915247657c7291900ea842789,2229302.0,Sem Info,0.1838395255815902,0.9213323906144572,178.0,98.77941176470588,0.55,0.14213,879.0,988.0,2.0,306714.45,0.0,2.0,1.0,0.0,306714.45,62.0,1.0,Baixo Risco
f1956a8a70f8085f42a982e810200413ed14a26ea163e43af4bc500ceed2ed73,4781400.0,ES,0.8908578103394669,0.8530041727895563,798.0,167.84615384615384,0.91,0.1751,975.0,989.0,0.0,0.0,0.0,0.0,0.0,0.0,0.0,0.0,1.0,Baixo Risco
0894265d72c46f5fa3e601a7668c13321660eeac6e25bbd5834c2e31e5b346ca,4771701.0,PR,0.9851527995431482,1.0,929.0,194.64583333333331,0.98,0.03164,982.0,989.0,0.0,0.0,0.0,0.0,0.0,0.0,0.0,0.0,1.0,Baixo Risco
9c4511420529be4eca711367c028f10ec3576e0d5c3c9e68294222b1a809b775,4712100.0,PR,0.9804044034435382,0.8530041727895563,964.0,241.78333333333333,0.98,0.00134,983.0,989.0,0.0,0.0,0.0,0.0,0.0,0.0,0.0,0.0,1.0,Baixo Risco
04e94b017a621851c7f16521d3ac5b1086594ac88b235c8b026929afee471707,5611201.0,GO,0.9637748423580688,0.8530041727895563,943.0,216.10526315789477,0.94,0.02457,966.0,988.0,0.0,0.0,0.0,0.0,0.0,0.0,0.0,0.0,1.0,Baixo Risco
2fa7c2fc66bb50323d4dd059b5d2986b36969dae08e5bc4b43474623d15efc4d,4930202.0,MG,0.4706048325253635,0.8530041727895563,279.0,67.33333333333333,0.41,0.00377,155.0,640.0,0.0,0.0,0.0,0.0,0.0,0.0,0.0,0.0,1.0,Baixo Risco
c8a6d12697960bf1660876ce9718dd54d6cbe7867853ef59c4f6a5d836f23cc8,3299003.0,PR,0.5462152820575442,0.2342408268251486,854.0,107.10526315789474,0.85,0.00248,979.0,988.0,0.0,0.0,0.0,0.0,0.0,0.0,0.0,0.0,1.0,Baixo Risco
4751f2a2bdabe6ef05f6103ae02203bf741e68db4b68290b23b1afd340cd0ec5,4763602.0,MA,0.7504180732919704,0.8530041727895563,770.0,148.77777777777777,0.95,0.01089,957.0,984.0,0.0,0.0,0.0,0.0,0.0,0.0,0.0,0.0,1.0,Baixo Risco
7678d855fb4dcf826c2f78629bb9522a61092044629441f521d60d9da7584631,1062700.0,MG,0.9549660586231168,0.8660512329002069,909.0,167.82638888888889,0.92,0.0241,982.0,989.0,0.0,0.0,0.0,0.0,0.0,0.0,0.0,0.0,1.0,Baixo Risco
7365a4d308e1f097df49008ace5a26d578a9358869005f53a5ddb6a02ac2b202,4721102.0,PR,0.9962421077635882,0.05,934.0,233.625,0.98,0.0,971.0,988.0,0.0,0.0,0.0,0.0,0.0,0.0,0.0,0.0,1.0,Baixo Risco
2cbc5df0b63d5d52b53d0f9fed50b3f26451c9d0a23c8c2ffc0c7ac390078530,4679604.0,Sem Info,0.6357664471096847,0.8530041727895563,285.0,109.75862068965516,0.5,0.01979,353.0,972.0,2.0,3721.65,3721.65,0.0,0.0,0.0,0.0,60.0,1.0,Baixo Risco
55cc20ed2e5e18232b2f1cde2f17c10580037171fa48f488d3589783b069bbe8,4771701.0,PR,0.7696283474256284,0.8530041727895563,886.0,113.47058823529412,0.96,0.37043,980.0,987.0,0.0,0.0,0.0,0.0,0.0,0.0,0.0,0.0,1.0,Baixo Risco
3310f90fa087f0d92a53c8970739af3627fc48fde8a75677e14860dbe84208ec,4651601.0,SP,0.6522960131026645,0.6665959284240222,791.0,190.01570680628276,0.91,0.05731,979.0,989.0,0.0,0.0,0.0,0.0,0.0,0.0,0.0,0.0,1.0,Baixo Risco
c1a94228c7dc845040eae8f35dfcdebc5bb34cd0737579969a986067793ba484,4759899.0,CE,0.873085119884545,0.7989792923513699,910.0,167.33333333333334,0.93,0.0,954.0,988.0,0.0,0.0,0.0,0.0,0.0,0.0,0.0,0.0,1.0,Baixo Risco
d3b5313b73714b4474e31dc4e1d8e65f6b152837dba0238895c759afa7a8c422,4921301.0,MG,0.9961029040006034,0.8774258788367212,959.0,223.21621621621625,0.97,0.00233,982.0,989.0,0.0,0.0,0.0,0.0,0.0,0.0,0.0,0.0,1.0,Baixo Risco
687c087bf86712ec041586685c3410d82fb231db512f50167c02b7b5f77060a0,4763601.0,PR,0.9338730380638004,0.8530041727895563,902.0,216.13333333333333,0.92,0.09935,968.0,989.0,0.0,0.0,0.0,0.0,0.0,0.0,0.0,0.0,1.0,Baixo Risco
638a8a8d5b7428e0a1b659a1ef45c71039185c59a137db8407e8443cd273ad85,2052500.0,PR,0.8035344217271329,0.8530041727895563,549.0,119.66666666666669,0.85,0.23077,950.0,986.0,0.0,0.0,0.0,0.0,0.0,0.0,0.0,0.0,1.0,Baixo Risco
7edc2a59fc29e17df55e2ad2eb33be5c67cc020343d8c297315af0164982309b,4646001.0,RS,0.18124857379868,0.6614772743290046,372.0,106.83333333333331,0.72,0.04923,133.0,582.0,0.0,0.0,0.0,0.0,0.0,0.0,0.0,0.0,1.0,Baixo Risco
b560863592bb7731c83c768bae9b145a53b383b96c54edc307fab8933d1696b9,4211101.0,MG,0.9435499229949929,0.8530041727895563,952.0,115.94901960784314,0.96,0.00382,973.0,988.0,0.0,0.0,0.0,0.0,0.0,0.0,0.0,0.0,1.0,Baixo Risco
3861fc4dec03c2d07c2dbd7f3d80408b50e372c43e33b954d824069c6fa68956,4771701.0,PR,0.915517984787673,0.8530041727895563,963.0,250.75675675675677,0.98,0.42789,974.0,988.0,0.0,0.0,0.0,0.0,0.0,0.0,0.0,0.0,1.0,Baixo Risco
1c5f81ab500f836f29df1da04f05e88623af8aa268ffb15a5555ce63b3138bbe,1311100.0,SC,0.9789785740655385,0.989172063116018,933.0,223.66666666666663,0.94,0.0,980.0,988.0,1.0,62546.8,62546.8,0.0,0.0,0.0,0.0,57.0,1.0,Baixo Risco
965630aee5567c962dfd531e04eb8dc4598ec3e8a0f618ed97c6cd13eb5919e3,5611201.0,DF,0.9556159910966028,0.8530041727895563,960.0,237.3947368421053,0.95,0.00063,977.0,989.0,0.0,0.0,0.0,0.0,0.0,0.0,0.0,0.0,1.0,Baixo Risco
53ef61b8aba17e380cb36c8eae2e139f64663dec6974e2ad5d5807427006c939,4713004.0,MG,0.9802674592764272,0.7104551064440768,950.0,236.7941176470588,0.98,0.07916,978.0,988.0,0.0,0.0,0.0,0.0,0.0,0.0,0.0,0.0,1.0,Baixo Risco
8b24fea8e5da1ec8b953c4f9342fe42d90eb0bdf838105e141e5abd5d4f69a83,4771701.0,PR,0.9364763619170738,1.0,648.0,184.40384615384616,0.94,0.12341,924.0,963.0,0.0,0.0,0.0,0.0,0.0,0.0,0.0,0.0,1.0,Baixo Risco
02a85b7e377d3b49db10b22afa0576acdbbee83834c7e444581e062c65ebc435,4744099.0,PR,0.4944153862319715,0.8530041727895563,524.0,0.0,0.61,0.0,483.0,981.0,0.0,0.0,0.0,0.0,0.0,0.0,0.0,0.0,1.0,Baixo Risco
2615ac16729c01976a797805cf365119e849e7141796b358c3cf023905f6f4e1,1011201.0,Sem Info,0.4248473023590104,0.05,417.0,157.61904761904762,0.82,0.02487,896.0,988.0,6.0,33380.69,33762.72,0.5,0.5,0.0,-382.03000000000065,18.833333333333332,1.0,Baixo Risco
115158170e1aa1faed44436437282e67c7aa8a6a630acc9b0ffb1d063bdf336b,4213800.0,Sem Info,0.05,0.8530041727895563,152.0,0.0,0.75,0.0,445.0,656.0,1.0,21180.0,0.0,62.0,1.0,0.0,21180.0,262.0,1.0,Baixo Risco
d2833d282d475295e492b9f14af1663346bba5057d8dd0e103a5edb380e07844,1066000.0,MG,0.8999988485348374,0.755750072545313,952.0,181.4102564102564,0.93,0.04174,981.0,988.0,0.0,0.0,0.0,0.0,0.0,0.0,0.0,0.0,1.0,Baixo Risco
5efcb0420d3bea22d7632199e88a17cda67361aaa6c9d8ce8ac19bbc80775755,4781400.0,PI,0.936524019016845,0.8530041727895563,941.0,265.44444444444446,0.98,0.0,984.0,988.0,0.0,0.0,0.0,0.0,0.0,0.0,0.0,0.0,1.0,Baixo Risco
ae1feb6f996e67d20380ff789ce77fd4203658becd9299ec7ac43778f9b8ee2c,4681805.0,RN,0.1941836850003159,0.881839656244704,858.0,175.59649122807016,0.87,0.01938,960.0,988.0,0.0,0.0,0.0,0.0,0.0,0.0,0.0,0.0,1.0,Baixo Risco
72ff16f70da865ec56419215bc30f1618039dbb240d48e220b453040fe79568c,4771701.0,PR,0.7857386741037555,0.8530041727895563,695.0,128.52941176470588,0.93,0.02974,908.0,983.0,0.0,0.0,0.0,0.0,0.0,0.0,0.0,0.0,1.0,Baixo Risco
a8b3d03518e8109e04bf2a7d6ae1b99f7f7dcb6931649e0dc9249dda3aae6ff0,4673700.0,SP,1.0,1.0,876.0,339.4,0.92,0.0,959.0,987.0,0.0,0.0,0.0,0.0,0.0,0.0,0.0,0.0,1.0,Baixo Risco
d56c464f978b8e04194d4341a14363bfe0c279e701806581d72032cfe5361168,2532201.0,SC,0.9770103301199956,0.7257010835103525,926.0,204.73873873873876,0.92,0.00359,977.0,989.0,1.0,1550.0,1550.0,0.0,0.0,0.0,0.0,28.0,1.0,Baixo Risco
92ccb39de7c31c9ca41607b7797d26660e9935b1d7c215ad94048a1ebe26b03f,1323500.0,SP,0.9473130610696584,0.99739905080791,932.0,207.0,0.98,0.0,984.0,989.0,1.0,196.68,196.68,0.0,0.0,0.0,0.0,28.0,1.0,Baixo Risco
0d9e6ecf3467ae235045e2f29421194978450227fb0d69344bc18686407d8f77,4781400.0,MG,0.9825144582888368,0.8530041727895563,947.0,14.5,0.92,0.12636,970.0,989.0,0.0,0.0,0.0,0.0,0.0,0.0,0.0,0.0,1.0,Baixo Risco
f74a81705605d7c91556ff7004442f2258210d9010e0bdb0d800befc85ab7550,1359600.0,MG,0.9214758048783654,0.8799893279120726,926.0,209.07476635514016,0.95,0.02615,983.0,988.0,0.0,0.0,0.0,0.0,0.0,0.0,0.0,0.0,1.0,Baixo Risco
d71f817119b5a721c940013320ce66afbb94fcc7db02e587baf26e066312925f,4646001.0,SP,0.4341044087502712,0.980420630356024,301.0,112.70731707317071,0.68,0.05681,344.0,971.0,0.0,0.0,0.0,0.0,0.0,0.0,0.0,0.0,1.0,Baixo Risco
dc6e385c62deebf41aff26fb9e1bc5c44c025c96c88fe6395d49ad90ba4d7899,2733300.0,SP,0.8141170902141468,0.9951850433594402,961.0,230.875,0.98,0.49722,983.0,989.0,68.0,4226124.35,4226570.25,0.39705882352941174,0.20588235294117646,0.0,-445.8999999999987,49.88235294117647,1.0,Baixo Risco
60220134fff9be26e0035c06c936c7fcd9e1a799c3ac8d7ef098f21bccd3bbe1,4744099.0,GO,0.9228161233063008,0.8530041727895563,860.0,181.3846153846154,0.91,0.01195,973.0,988.0,0.0,0.0,0.0,0.0,0.0,0.0,0.0,0.0,1.0,Baixo Risco
bb09e482b6a8be28d7e95b0899352091e7b30fba5218385e26add7a3ecb5a2d3,4647801.0,SC,0.9871789299882642,0.9765806978206172,951.0,237.5,0.96,0.0112,982.0,989.0,0.0,0.0,0.0,0.0,0.0,0.0,0.0,0.0,1.0,Baixo Risco
47f04a76f8a3edd7df3c16662ca8fd50155d681ce2ebc1182d59916ce6a256c3,4782201.0,GO,0.968798287751681,0.8530041727895563,961.0,129.22222222222223,1.0,0.0,983.0,989.0,0.0,0.0,0.0,0.0,0.0,0.0,0.0,0.0,1.0,Baixo Risco
fe538e3f816550e5ee12ed0d2eb3f4f5bb168d6816f4f228d28f9356022f2d65,4771701.0,PR,0.9916030146181808,0.8530041727895563,902.0,246.4705882352941,0.98,0.0,968.0,988.0,0.0,0.0,0.0,0.0,0.0,0.0,0.0,0.0,1.0,Baixo Risco
72c568ff9f33a81a1afccce491b93a7cbc93d2c4d2d60a7550d8db139c3c5301,6920601.0,GO,0.7127049687463546,0.7978309337565658,770.0,140.5,0.83,0.1614,892.0,986.0,0.0,0.0,0.0,0.0,0.0,0.0,0.0,0.0,1.0,Baixo Risco
1c17ee668d98f9450ed7eae3780745fd17f8759e17a32131f1e86626779119db,4754701.0,MS,1.0,0.8530041727895563,964.0,163.33333333333334,0.94,0.0,982.0,989.0,0.0,0.0,0.0,0.0,0.0,0.0,0.0,0.0,1.0,Baixo Risco
331bf7530aa22a1c40b6e3402e15a6c516d976eca8c7182d5ec1e08c6e3a1093,4781400.0,SC,0.9355599351723534,0.8530041727895563,410.0,161.0,0.64,0.0,769.0,979.0,0.0,0.0,0.0,0.0,0.0,0.0,0.0,0.0,1.0,Baixo Risco
db3ad25a49b13b754fca927f4ef7c7ab8075092524a5161e1557f3337541078c,2099199.0,SP,0.498375240344809,0.2559492765694398,96.0,98.8861386138614,0.52,0.07536,687.0,989.0,0.0,0.0,0.0,0.0,0.0,0.0,0.0,0.0,1.0,Baixo Risco
f55481f2488a055cf258338082950b66ac8545935cf04a3a00ccc803bfde337d,2821601.0,SP,0.9172779291442772,0.4972827267161412,952.0,230.64102564102564,0.93,0.02137,979.0,989.0,0.0,0.0,0.0,0.0,0.0,0.0,0.0,0.0,1.0,Baixo Risco
4e6de9bb991123d24481857cc7dc0ff796c2b35a4ebf641bcadea618af31b8d2,1412601.0,PE,0.9050242066784904,0.8530041727895563,926.0,244.14285714285717,0.89,0.13421,972.0,988.0,0.0,0.0,0.0,0.0,0.0,0.0,0.0,0.0,1.0,Baixo Risco
8625003b734a313ddf87a3b6123de3c9a0b58120c12cdaf5b2bd358235341523,4671100.0,RS,0.5399163186330249,0.4580963815021971,620.0,157.0,0.65,0.0527,736.0,983.0,0.0,0.0,0.0,0.0,0.0,0.0,0.0,0.0,1.0,Baixo Risco
b43c20aad20b5cf320712948fa0cbf0c815d189e89f568591439e824ba3a872f,1013901.0,GO,0.7514013987615293,0.8530041727895563,453.0,132.0,0.67,0.28483,92.0,930.0,0.0,0.0,0.0,0.0,0.0,0.0,0.0,0.0,1.0,Baixo Risco
7df64de96781f660b98d1b95152c0d0f9ca9afb507bbda15b88dacfb2ff2535f,4771701.0,PR,0.9881085697739016,0.8530041727895563,944.0,221.39583333333331,0.97,0.0,962.0,988.0,0.0,0.0,0.0,0.0,0.0,0.0,0.0,0.0,1.0,Baixo Risco
a64d97b2b3cf8d3ce84896aec5612f00acc023788d1a0720fa74274bea761bc3,4789099.0,MS,0.9380436012842152,0.8530041727895563,925.0,144.5,0.95,0.0421,983.0,989.0,0.0,0.0,0.0,0.0,0.0,0.0,0.0,0.0,1.0,Baixo Risco
c54d2d7269f96cf96bf3bfc6b58c312c0d5d2778bcf38b3bc13bda034a11601a,2051700.0,Sem Info,0.1132693972971307,0.9967001419876974,671.0,173.97058823529412,0.74,0.03563,857.0,986.0,1.0,131300.0,0.0,6.0,1.0,0.0,131300.0,275.0,1.0,Baixo Risco
c993813bbe476279b08919d29d36ca0dced706276147fe33069cc637f9219a08,4759801.0,PR,0.9314110782113456,0.8530041727895563,962.0,113.33333333333331,0.78,0.0,929.0,986.0,0.0,0.0,0.0,0.0,0.0,0.0,0.0,0.0,1.0,Baixo Risco
76e19d389f5352f22556c46ca641f994f0194a64211002869a03ecd0908d017d,2829199.0,Sem Info,0.9385792606712324,0.8530041727895563,928.0,186.33333333333331,0.95,0.0,941.0,988.0,1.0,1367.03,1367.03,1.0,1.0,0.0,0.0,46.0,1.0,Baixo Risco
ca03fd0d1a400952f2f1d4babdd412df61624159124749e50167fee3961d48eb,4781400.0,RS,0.9774181767060628,0.05,878.0,163.96666666666667,0.96,0.0,981.0,989.0,0.0,0.0,0.0,0.0,0.0,0.0,0.0,0.0,1.0,Baixo Risco
1eeb82dc883155756fc6190f74d0ec6c25b91c2fb2f0298b38e554d9d6079507,4781400.0,RS,1.0,0.8530041727895563,876.0,270.6666666666667,0.84,0.0,958.0,987.0,0.0,0.0,0.0,0.0,0.0,0.0,0.0,0.0,1.0,Baixo Risco
ee8e3cf47b87b799f32c8b3d0f2d84bbd2a4aa0d46e6079e5371d794a2ac5b1a,4652400.0,PR,0.3460625899154369,0.2454715263915997,354.0,162.44897959183675,0.73,0.09106,709.0,979.0,1.0,28417.2,28417.2,2.0,1.0,0.0,0.0,152.0,1.0,Baixo Risco
039b2e75b6eeef7cc32e5d7a5b4b3215dda9788c0fcf31e1c8395925aa081b4d,4759899.0,GO,0.9807836988579034,0.8530041727895563,909.0,95.375,0.98,0.08708,982.0,986.0,0.0,0.0,0.0,0.0,0.0,0.0,0.0,0.0,1.0,Baixo Risco
64f89e70a518cb2f966004c1b4e0d7bab4cd3ba730075b2a623ce1dc6305fa73,4771701.0,PR,0.9588392750994812,0.8530041727895563,821.0,121.33333333333331,0.99,0.0,973.0,988.0,0.0,0.0,0.0,0.0,0.0,0.0,0.0,0.0,1.0,Baixo Risco
5d190eb75197f6cf5522bc2c2ac1fdc839c893727b85749a839b080a44c23229,3839499.0,SP,0.6949658519283055,0.8530041727895563,711.0,75.04895104895105,0.9,0.19479,971.0,986.0,0.0,0.0,0.0,0.0,0.0,0.0,0.0,0.0,1.0,Baixo Risco
5aa791ca8aa78cc1de4dde97ef46875c3267ee3c9b15a797852892b1e820d333,4782201.0,RJ,0.96126256286176,0.8530041727895563,900.0,171.88235294117646,0.9,0.03338,964.0,988.0,0.0,0.0,0.0,0.0,0.0,0.0,0.0,0.0,1.0,Baixo Risco
9234dbd1bcac82e29c40d08b4597200f16b20239693882171bf6f0f9335a796b,4691500.0,MS,0.9484661601969916,0.8530041727895563,912.0,167.0,0.94,0.0,963.0,988.0,0.0,0.0,0.0,0.0,0.0,0.0,0.0,0.0,1.0,Baixo Risco
c9dc1a87050d61b4fd3ce04be47fa32a1b9bb3ad22abe08f5d82208288bd0b86,4774100.0,GO,0.9845181190406078,0.8530041727895563,813.0,145.6,0.95,0.0,963.0,988.0,0.0,0.0,0.0,0.0,0.0,0.0,0.0,0.0,1.0,Baixo Risco
e4c2e788b1b8cf252b8ea776dbb2d14ea01745b1f851258be1dda0c6aff4378f,4724500.0,RS,0.977528822327127,0.8530041727895563,935.0,241.0,0.96,0.0,971.0,989.0,0.0,0.0,0.0,0.0,0.0,0.0,0.0,0.0,1.0,Baixo Risco
f64726ba40bb8a925f9b74454e16a937cc68c720086939bdb383adffdfcc74d2,4771701.0,Sem Info,0.984247633388506,0.8530041727895563,962.0,177.22222222222223,0.99,0.0,977.0,988.0,0.0,0.0,0.0,0.0,0.0,0.0,0.0,0.0,1.0,Baixo Risco
cdaff5a573a9ed5d183e9ec4d94ce90de2d2f45deb0fbaf30abaa978c8fb871e,4930202.0,PR,0.2101677245625636,0.05,408.0,114.99111111111112,0.71,0.08934,765.0,874.0,0.0,0.0,0.0,0.0,0.0,0.0,0.0,0.0,1.0,Baixo Risco
8b9bc270bde85004a64b4da0a0b86b8e0d88354a132d8239560fa0932de796ee,3250705.0,RJ,0.6663689429713368,0.7821096645829473,566.0,88.7375796178344,0.85,0.02446,973.0,989.0,2.0,24950.28,24950.28,0.0,0.0,0.0,0.0,315.0,1.0,Baixo Risco
072cf549e054e27d23e63f9da255621ae3667b2bebabd0e4fcbdac585bff1c6a,4781400.0,PI,0.9489805461161078,0.8530041727895563,690.0,169.5,0.94,0.09038,971.0,989.0,0.0,0.0,0.0,0.0,0.0,0.0,0.0,0.0,1.0,Baixo Risco
4794deb73ec0a7f06f17479ad961cdf07eb9f7347086dabe7b5e446341704dde,5229002.0,SP,0.5299306700073854,0.05,410.0,72.6,0.69,0.65502,611.0,972.0,0.0,0.0,0.0,0.0,0.0,0.0,0.0,0.0,1.0,Baixo Risco
1f3fe2cbe5600beb6f3f58549ebb8bc7725164125c5b6019ba416c68b19497f1,2222600.0,RJ,0.7955718767077967,0.8530041727895563,893.0,143.75,0.94,0.59471,974.0,988.0,0.0,0.0,0.0,0.0,0.0,0.0,0.0,0.0,1.0,Baixo Risco
1cfa079dbcb1e12e623bb59118edb81393f4fef2739e52262f3fb670f6d2edf9,7490199.0,SP,0.1675029566104809,0.9726148632962296,907.0,266.81481481481484,0.79,0.0,981.0,968.0,1.0,2338.92,2338.92,0.0,0.0,0.0,0.0,76.0,1.0,Baixo Risco
5fb313f5ee4175c3411ee6dc11fabc566dd9aecea4d03db17d2061ce439aa586,4781400.0,MG,0.5216489268864127,0.8530041727895563,759.0,122.57142857142856,0.84,0.74155,968.0,989.0,0.0,0.0,0.0,0.0,0.0,0.0,0.0,0.0,1.0,Baixo Risco
f55fd541394e848f1116eb71d329f742a973d7ec5abfcade49e013487cb43529,4782201.0,MG,0.8939084842518039,0.8530041727895563,905.0,239.16666666666663,0.91,0.0,973.0,988.0,0.0,0.0,0.0,0.0,0.0,0.0,0.0,0.0,1.0,Baixo Risco
8af86f4e72ba26488a9919995da65f005a52eab3a8f40b49f465822b7b2683ee,4649408.0,MG,0.9615116875820352,0.861665705098392,958.0,207.91666666666663,0.97,0.00402,983.0,989.0,0.0,0.0,0.0,0.0,0.0,0.0,0.0,0.0,1.0,Baixo Risco
1dc7f487589182025a51303353459e73fa366b3679d42ddcbdd1e2fd41ba07bb,4712100.0,BA,0.988261032954209,0.8530041727895563,896.0,283.6666666666667,0.96,0.0,950.0,988.0,0.0,0.0,0.0,0.0,0.0,0.0,0.0,0.0,1.0,Baixo Risco
9f494305596854ac6d9bc623ad24924f45b3a920b76a17ae59b874659a1413bb,4744005.0,SP,0.9498039346962598,1.0,933.0,176.36363636363637,0.97,0.10335,983.0,987.0,0.0,0.0,0.0,0.0,0.0,0.0,0.0,0.0,1.0,Baixo Risco
bf0ede80e8ad319f95b81a92ccae523be904bdca5cfb46d0a7d00c39d254b8a5,4781400.0,SC,0.5112504186979554,0.05,238.0,72.26315789473684,0.71,0.34938,221.0,984.0,0.0,0.0,0.0,0.0,0.0,0.0,0.0,0.0,1.0,Baixo Risco
5071bf44073d7dc2b3ebc9a81491e192635f3b12255fd5ed50b9dd9ae79f1bb0,4530701.0,SP,0.2138930570809841,0.6901834120247802,110.0,112.78,0.56,0.17569,103.0,981.0,0.0,0.0,0.0,0.0,0.0,0.0,0.0,0.0,1.0,Baixo Risco
698eee5caab449823207b00644f5cdd39e653d6048989b06bd2c89c7c06a1d6d,4744099.0,MA,0.9536606658747818,0.8530041727895563,961.0,236.1,0.98,0.20219,975.0,988.0,0.0,0.0,0.0,0.0,0.0,0.0,0.0,0.0,1.0,Baixo Risco
8c19a8c55be617cc5b064508f51b89c52c36da8825598c151ea66c8d0c4b052e,4757100.0,BA,0.830005921111761,0.9461043072579476,817.0,246.4,0.82,0.0,894.0,987.0,0.0,0.0,0.0,0.0,0.0,0.0,0.0,0.0,1.0,Baixo Risco
aa7b38538804ed05b747c7e9589db80629a7c3aaef2afea188abda40459e2d40,4681801.0,Sem Info,0.9916299038901936,0.9616186098948848,725.0,150.5,0.7,0.0,910.0,987.0,3.0,62778.7,61978.7,0.0,0.0,0.0,800.0,9.666666666666666,1.0,Baixo Risco
5ff414fcec08beb5a3228fe7edc477a8db2ee26f93481e5d29b7d675ea38205a,5620104.0,PR,0.6568798732933431,0.8530041727895563,525.0,116.55555555555556,0.75,0.12266,97.0,979.0,0.0,0.0,0.0,0.0,0.0,0.0,0.0,0.0,1.0,Baixo Risco
6ab1fd800e40f23dc4143a179e6991a2609969f75ff4e595fcabf9066eef3ba7,2829199.0,SP,0.8670355021077248,1.0,953.0,152.625,0.93,0.80339,965.0,988.0,0.0,0.0,0.0,0.0,0.0,0.0,0.0,0.0,1.0,Baixo Risco
fc7086bdd1311e0fc4bc5f2d40be83030171a926292cfb062f0682dc565489c2,1330800.0,SC,0.9854974479458084,0.8485639350988147,954.0,215.33333333333331,0.96,0.0,979.0,988.0,0.0,0.0,0.0,0.0,0.0,0.0,0.0,0.0,1.0,Baixo Risco
4fa4e5a9eb55e452f0f2a78e62ee32df6a08172678820f57de1c779629673b8b,4781400.0,SP,0.527777236353261,0.05,120.0,48.0,0.5,0.24217,48.0,914.0,0.0,0.0,0.0,0.0,0.0,0.0,0.0,0.0,1.0,Baixo Risco
4fe964db8aee399846d4fce1b17f9f1b0a7a35001a7b6d52368ea1b49d387df8,151201.0,MT,1.0,0.8530041727895563,710.0,237.0,0.89,0.0,801.0,977.0,0.0,0.0,0.0,0.0,0.0,0.0,0.0,0.0,1.0,Baixo Risco
25f0722c39a242ba9c909375cc30087eb9f785bd92f4aefb98fbb0d2bb30ff56,4530701.0,PR,0.9364592803751628,0.8829977714150201,957.0,238.66666666666663,0.96,0.1415,980.0,989.0,5.0,2861.48,2870.32,1.4,0.6,0.0,-8.840000000000032,64.8,1.0,Baixo Risco
99959ef1449f40aa373452feba021eaac88167855114d88931a0c7fc8cba98d5,2422901.0,Sem Info,0.820513806425916,0.7091556820370101,922.0,95.1925925925926,0.92,0.00077,974.0,988.0,3.0,77083.81999999999,77083.81999999999,0.0,0.0,0.0,0.0,48.333333333333336,1.0,Baixo Risco
730ab9db44d268e12440fb81ed13131843803e0f47e9f759aa67fa1ecd97213b,4771701.0,PR,0.9718259798879766,1.0,964.0,245.36,0.98,0.0,981.0,988.0,0.0,0.0,0.0,0.0,0.0,0.0,0.0,0.0,1.0,Baixo Risco
ef04cb2fa462c8682d5247c81ba05af517d8f3e673ef6bb94e93ffcdae33d7a4,5611205.0,PB,0.2945641169272499,0.8530041727895563,348.0,89.66666666666667,0.67,0.22199,117.0,869.0,0.0,0.0,0.0,0.0,0.0,0.0,0.0,0.0,1.0,Baixo Risco
17846de106ec8b57dac8be098f3d20ea9c0d1a8ea85e8f075613b35b3fecaec2,4723700.0,SP,0.9860492923935034,0.8530041727895563,956.0,228.2,0.9,0.0395,977.0,989.0,0.0,0.0,0.0,0.0,0.0,0.0,0.0,0.0,1.0,Baixo Risco
15ef136d50bde35063a895d3a36f3690bb83d50468f0445b99e37ced3c1e30a1,2539002.0,SP,0.3090656185986228,0.8801681169888549,509.0,199.3571428571429,0.7,0.12344,823.0,988.0,1.0,1471.35,1471.35,0.0,0.0,0.0,0.0,28.0,1.0,Baixo Risco
59207cc1e0318f63c1cf72646b46b2007b44a96001aa5d36fdc1d1cf19f1b31a,4771701.0,SP,0.3245198875002202,0.8530041727895563,375.0,79.8360655737705,0.82,0.56894,355.0,930.0,0.0,0.0,0.0,0.0,0.0,0.0,0.0,0.0,1.0,Baixo Risco
5117b5dfde3a5d23fdc50139fb39e89a48d2f3bfde9c8815e41f3a6b2c127868,4623199.0,SP,0.1112280969092388,0.8530041727895563,885.0,239.7058823529412,0.94,0.01619,880.0,986.0,0.0,0.0,0.0,0.0,0.0,0.0,0.0,0.0,1.0,Baixo Risco
eec2b09cff66d01fc573a4af3a4214eedd65d7dc13acc352777959b5b78d09a4,6622300.0,RS,0.9058423487565384,0.8530041727895563,922.0,0.0,0.93,0.0,721.0,721.0,1.0,238032.68,238032.68,0.0,0.0,0.0,0.0,51.0,1.0,Baixo Risco
3577d416e4cab6e52cd28f1edd7910cd8d1b6d8ba229f9463464783461096514,4649401.0,PE,0.7002603491051893,0.8530041727895563,569.0,111.46396396396396,0.76,0.04144,974.0,989.0,0.0,0.0,0.0,0.0,0.0,0.0,0.0,0.0,1.0,Baixo Risco
f17bb07cdc71bb29b695d36ff2a7471577e450534360a14dd6f6393685f7aeca,4781400.0,SP,0.7323261238061822,0.8530041727895563,798.0,136.8,0.91,0.0,930.0,983.0,0.0,0.0,0.0,0.0,0.0,0.0,0.0,0.0,1.0,Baixo Risco
5f29b99fb09c8e0d89297843bceb0e686d4116d0aeafd1ca9490bf67de96098f,2063100.0,SP,0.9828327957980306,0.9515844972182852,917.0,174.1764705882353,0.95,0.03542,972.0,988.0,0.0,0.0,0.0,0.0,0.0,0.0,0.0,0.0,1.0,Baixo Risco
2c43e5f3d0eeb16c58b9af3af719fba5a17df1f16924205567f6f89218498d47,4781400.0,PR,0.9058423487565384,0.6531976581496045,167.0,144.0,0.93,0.0,234.0,364.0,0.0,0.0,0.0,0.0,0.0,0.0,0.0,0.0,1.0,Baixo Risco
49e2108f681f0d4e030c988cf1ace3281b2ff7ba8ca19353fbdf5949cfaba992,4744099.0,SC,0.9961616833176256,0.7555727024722874,930.0,222.2,0.97,0.0,973.0,988.0,0.0,0.0,0.0,0.0,0.0,0.0,0.0,0.0,1.0,Baixo Risco
df7f7905fb0221808ed2b1f3ac9b50ec15ac052855802d11598a61ec47648ff9,2833000.0,PA,0.7405594360338845,1.0,924.0,132.5,0.86,0.97886,967.0,989.0,0.0,0.0,0.0,0.0,0.0,0.0,0.0,0.0,1.0,Baixo Risco
ad77fd25937b3046500619787a45994345588965892e004af8a297e751950952,4781400.0,SP,0.2254863835301545,0.8530041727895563,479.0,0.0,0.57,0.0,841.0,976.0,0.0,0.0,0.0,0.0,0.0,0.0,0.0,0.0,1.0,Baixo Risco
1142e4e3a80876572aeaa6b5f08f09fb1c70a57ca9c68f946ec2230e582829cf,4771701.0,PR,0.9243554442015744,0.8530041727895563,880.0,224.38888888888889,0.98,0.0,969.0,989.0,0.0,0.0,0.0,0.0,0.0,0.0,0.0,0.0,1.0,Baixo Risco
bb684a1733eba3c3bf7e48e66af7682470741c908bb9e51e004656fc9e7ff4d4,2949299.0,SP,0.9528921688644154,0.05,932.0,230.65753424657532,0.98,0.04018,965.0,987.0,3.0,11812.56,11812.56,0.0,0.0,0.0,0.0,46.0,1.0,Baixo Risco
922d54f6fd816a8fa0a15f1986458bee4cef4812c114f610f24899f531c13c04,2539001.0,SC,0.7956843218212053,0.8530041727895563,899.0,248.66666666666663,0.93,0.01361,980.0,989.0,0.0,0.0,0.0,0.0,0.0,0.0,0.0,0.0,1.0,Baixo Risco
f6d3b2b02d1863d098926a188aa64a1d6d5b1a47dcf44e222beb50894ca7bace,4744001.0,Sem Info,0.9503439947036918,0.4574045004408794,877.0,189.16666666666663,0.98,0.12826,968.0,987.0,0.0,0.0,0.0,0.0,0.0,0.0,0.0,0.0,1.0,Baixo Risco
289eaf178023cd524af203cc4d941e7199be39ecef1f84af913bf65620b82154,4781400.0,RS,0.5196693788334861,0.8530041727895563,197.0,116.33333333333331,0.67,0.0,157.0,967.0,0.0,0.0,0.0,0.0,0.0,0.0,0.0,0.0,1.0,Baixo Risco
ee3046a149fbb719a8915183f925660e4f8a2c259b39b18aa163ce8eaf6e9fad,4781400.0,PA,0.05,0.8530041727895563,82.0,50.125,0.05,0.24101,72.0,555.0,0.0,0.0,0.0,0.0,0.0,0.0,0.0,0.0,1.0,Baixo Risco
cdd91a47732c342bfab1358f6a216677f2a40254ad2831b10abdc3ca627942c7,4120400.0,SP,0.9047739047541702,0.8530041727895563,744.0,172.27272727272728,0.85,0.0,959.0,987.0,0.0,0.0,0.0,0.0,0.0,0.0,0.0,0.0,1.0,Baixo Risco
9dfbb074e9976b2505e31603052c5171675f373b805a63496699335b457c41d4,4771701.0,PR,0.9860975376851464,0.8530041727895563,950.0,241.11111111111111,0.99,0.0,980.0,988.0,0.0,0.0,0.0,0.0,0.0,0.0,0.0,0.0,1.0,Baixo Risco
f8cb09f910df03b053c388570ba504edf67dc13ca7d5b8054ebe8a4e00886ca0,1069400.0,PB,0.390027282273739,0.8862811715319405,176.0,94.38176638176638,0.7,0.35275,75.0,933.0,2.0,2718.98,2718.98,0.0,0.0,0.0,0.0,39.5,1.0,Baixo Risco
e37b0ec43f19f3559dc4af33b77a327d432c0266242066ec90aa0932d271da0b,1412601.0,PA,0.1285378146608275,0.8530041727895563,305.0,159.33333333333334,0.73,0.0,133.0,950.0,1.0,4383.33,4383.33,0.0,0.0,0.0,0.0,91.0,1.0,Baixo Risco
5a0b1bc5be6fc4c4da2b7ffa77b0a6de03842e0a40f44c7b6c91b7588a2622c3,4771701.0,PR,0.842771419738009,0.8530041727895563,453.0,138.15384615384616,0.8,0.04099,827.0,980.0,0.0,0.0,0.0,0.0,0.0,0.0,0.0,0.0,1.0,Baixo Risco
918ab32d9325cf9169486c4162037680ecd5d7584cb73eeadbe380be9a1eb19c,4642701.0,SP,0.214345347569321,0.6262326302812692,754.0,124.07407407407408,0.78,0.00451,937.0,987.0,1.0,360.5,360.5,1.0,1.0,0.0,0.0,31.0,1.0,Baixo Risco
719684ff6daa68f0728bb04cdfcc2282ce38e9a27a77ad80076ed9d7899c5ac1,4686902.0,AL,0.9126999614776417,0.8647849525838539,958.0,241.4,0.96,0.0,979.0,989.0,0.0,0.0,0.0,0.0,0.0,0.0,0.0,0.0,1.0,Baixo Risco
a197d6b7b26bf9c04063b9e09476dc497d7ac6cfa2ff6b92af2e39e12e581198,4744003.0,SP,0.9943757645457588,0.8530041727895563,943.0,166.11111111111111,0.98,0.0,971.0,989.0,0.0,0.0,0.0,0.0,0.0,0.0,0.0,0.0,1.0,Baixo Risco
9bd447cc50f3943a12e185304f1eef57935711f8fdd1eb0b91066f94e5a6c90f,6920601.0,RJ,0.4079241980037055,0.8530041727895563,325.0,6.0,0.5,1.0,113.0,954.0,0.0,0.0,0.0,0.0,0.0,0.0,0.0,0.0,1.0,Baixo Risco
602a1b2ecd25d8f284a9137dfb6cabdf69dae6fb9299ea9d489b2b4620089ade,4771701.0,PR,0.9518042778247529,0.8530041727895563,924.0,236.5,0.98,0.0,980.0,988.0,0.0,0.0,0.0,0.0,0.0,0.0,0.0,0.0,1.0,Baixo Risco
e7a98ca15374999ed7916c1e033de46c4b1074564b14d0513d6ce643cf267120,2813500.0,SP,0.3805964994525842,0.8530041727895563,804.0,148.6060606060606,0.9,0.16091,974.0,988.0,0.0,0.0,0.0,0.0,0.0,0.0,0.0,0.0,1.0,Baixo Risco
c69216819e88e4b0494a36f4db0425ce69b0d330b376982514bbd3dfb389853a,2651500.0,SP,0.9273003402647892,0.4031721888527753,943.0,175.92156862745097,0.92,0.0043,982.0,989.0,0.0,0.0,0.0,0.0,0.0,0.0,0.0,0.0,1.0,Baixo Risco
b0e40ddabe66c2997299318cf6cd210f81e5599f66524e3fef230d01519dfab1,4771701.0,PR,0.2169274874596337,0.8530041727895563,184.0,93.65437788018431,0.6,0.05397,77.0,735.0,0.0,0.0,0.0,0.0,0.0,0.0,0.0,0.0,1.0,Baixo Risco
54a3512119eadc412a86477e801a102bd66e483507645357df7378423e4fd534,2212900.0,RN,0.2170920685202969,0.742298283263453,155.0,33.333333333333336,0.85,0.11886,232.0,927.0,0.0,0.0,0.0,0.0,0.0,0.0,0.0,0.0,1.0,Baixo Risco
7cbcc3adf708caf4cd8a0dac8c0433729d150c99a51a07b9725ff7b53253a966,3321000.0,SC,0.9255904579839964,0.8530041727895563,884.0,178.0,0.93,0.0,944.0,988.0,0.0,0.0,0.0,0.0,0.0,0.0,0.0,0.0,1.0,Baixo Risco
b2d8dc7f74b33685e7dfc7acba3619165c5bd54705ba693672af750ea58c1aca,1099699.0,SP,0.9546376672507392,0.8530041727895563,649.0,170.0,0.82,0.0,739.0,983.0,23.0,507423.0,456231.9,0.2608695652173913,0.13043478260869565,0.0,51191.1,32.52173913043478,1.0,Baixo Risco
71b8fc1bac896946c64556af79b29cee1e3f3d74b38bc8f9d1064a5290d2051a,4771701.0,SP,0.8337061410456432,0.8530041727895563,951.0,209.6818181818182,0.99,0.0,983.0,989.0,0.0,0.0,0.0,0.0,0.0,0.0,0.0,0.0,1.0,Baixo Risco
a3158a309262b30f535a90b4c53a762aac9d217b2d276fe12a07653c25039522,4647801.0,SP,0.9607784765217988,0.9599462532696424,958.0,229.15530303030303,0.97,0.00109,981.0,988.0,0.0,0.0,0.0,0.0,0.0,0.0,0.0,0.0,1.0,Baixo Risco
ea08283e0129008b9e0652dec9f38fc1649f7f8f522f37259efea85b5a4f1221,2342702.0,Sem Info,0.05,0.8291922073379863,125.0,44.05042016806723,0.67,0.36258,55.0,688.0,1.0,2688.0,0.0,122.0,1.0,0.0,2688.0,267.0,1.0,Baixo Risco
a4242d23979c283a613be687e7c56a63ca8fc01b47e23c44dcfcb30e29a3dd54,8610101.0,SP,0.7725199592972978,0.8530041727895563,240.0,76.09610705596107,0.89,0.32757,935.0,987.0,0.0,0.0,0.0,0.0,0.0,0.0,0.0,0.0,1.0,Baixo Risco
808b069e3bf9748489f330c1231df6af0dfe539a62975938ce7348a5d9ff98e5,4781400.0,BA,0.9058423487565384,0.8530041727895563,195.0,0.0,0.93,0.0,186.0,283.0,0.0,0.0,0.0,0.0,0.0,0.0,0.0,0.0,1.0,Baixo Risco
ccc9271b4fd7f3e89c37639847c79c13ee5c7a6e9eb8b90a86059f51b28d19ad,4530703.0,Sem Info,0.9252258172105304,0.8530041727895563,485.0,6.0,0.5,1.0,371.0,722.0,4.0,7043.5,7043.5,0.0,0.0,0.0,0.0,36.75,1.0,Baixo Risco
eaa82659e4cbdb634e71f74704481a710a7dbfea135d3e81904b742b0856d3e7,3101200.0,SP,0.8313509171414867,0.8530041727895563,948.0,224.45454545454547,0.95,0.0,979.0,989.0,5.0,18512.5,18512.5,0.0,0.0,0.0,0.0,51.2,1.0,Baixo Risco
d08c9b674a271f39f52d6d89127e9389268c7713848b38948c0faecb81e6631a,4771701.0,PR,1.0,0.8530041727895563,690.0,0.0,1.0,0.0,886.0,934.0,0.0,0.0,0.0,0.0,0.0,0.0,0.0,0.0,1.0,Baixo Risco
2edb6e3a4cc436cdb4ba0032ff31208d1a6ee37851ffaf12c7b90d6bb7fd1006,4771701.0,SP,0.9614677638117324,1.0,948.0,248.41304347826087,0.96,0.00027,980.0,988.0,2.0,1000000.0,1000000.0,0.0,0.0,0.0,0.0,145.0,1.0,Baixo Risco
26bb9235bb310f8b2936c7605a26bf04b27a9eed1ce008315ac23e9969b8c905,4781400.0,MG,0.9098360414061358,0.8530041727895563,920.0,132.7,0.99,0.20648,967.0,989.0,0.0,0.0,0.0,0.0,0.0,0.0,0.0,0.0,1.0,Baixo Risco
dd4aabb797584c75518c1df46ddef435e15fa3845e6ac8c07209ba9a1c140cca,4781400.0,SP,0.6349611141298843,0.1659432272291636,503.0,81.32,0.97,0.18274,105.0,970.0,0.0,0.0,0.0,0.0,0.0,0.0,0.0,0.0,1.0,Baixo Risco
62a23e7a73026d83877988aa7f487de072dd5b2c1c3c545d5b93f30e01c8a44e,4781400.0,MS,0.9995438593437443,0.8530041727895563,748.0,174.5,0.95,0.0,788.0,980.0,0.0,0.0,0.0,0.0,0.0,0.0,0.0,0.0,1.0,Baixo Risco
3e4684f7e56192742ade2696501d11a16011f656a6620e7de4552467988396f7,2229302.0,Sem Info,0.4257015532265966,0.7447618682388274,803.0,152.4,0.91,0.03102,965.0,987.0,1.0,3900.0,3900.0,0.0,0.0,0.0,0.0,33.0,1.0,Baixo Risco
2f0f483aa786fbca5d1a917228be945ce0a89ff9575a7ecb89600e9044bf8e7c,4781400.0,MA,1.0,0.8530041727895563,954.0,285.0,0.96,0.0,983.0,989.0,0.0,0.0,0.0,0.0,0.0,0.0,0.0,0.0,1.0,Baixo Risco
27d8ce8df36b843c5ea94958a690a5f369ec680c65faf0b61fb422f2a573e279,4530703.0,SP,0.9941381937973331,0.9648822279768776,965.0,265.9166666666667,0.99,0.00318,982.0,988.0,0.0,0.0,0.0,0.0,0.0,0.0,0.0,0.0,1.0,Baixo Risco
240f19aca81b1dc43d59927556509a77f23b17b8f93eb9b3dff7bdadf8402843,2099199.0,SP,0.6210202248551235,1.0,958.0,233.44827586206893,0.96,0.46947,986.0,988.0,4.0,54800.0,54800.0,1.0,0.5,0.0,0.0,61.0,1.0,Baixo Risco
f2b068b96a108f0bfbba6c7bfa2ba3f4cc6e0cd1012a6d5dff7787b9b82a5239,4530703.0,SP,0.2770167181869868,0.6237221439692715,717.0,75.28571428571429,0.85,0.1941,877.0,978.0,1.0,9680.0,0.0,62.0,1.0,0.0,9680.0,90.0,1.0,Baixo Risco
637dc7fb715ff4ed3230f5be37de8227b874d8e28b4a32edf24a1f93fb529ac7,4771701.0,SP,0.8759658078258896,0.8530041727895563,887.0,214.20833333333331,0.94,0.03348,973.0,989.0,0.0,0.0,0.0,0.0,0.0,0.0,0.0,0.0,1.0,Baixo Risco
c4bc3ac4eb9ad17303512abbb61da2b4fa579400d046bc78afb7b3728b74d48b,1312000.0,SP,0.1429322334666799,0.984888463018436,510.0,152.23893805309734,0.75,0.06313,170.0,958.0,2.0,5013.04,5013.04,1.0,0.5,0.0,0.0,27.5,1.0,Baixo Risco
0351113dbf32d54c59d2e796d34294af15952ad722cced17e73b837e2708291b,4771701.0,PR,0.9602830923573948,0.8530041727895563,951.0,254.71014492753625,0.98,0.0,978.0,988.0,0.0,0.0,0.0,0.0,0.0,0.0,0.0,0.0,1.0,Baixo Risco
72616afc7e23490643ac2a4871847708c2a2e88a5a55c680752be01dea3eb57c,4711302.0,SP,0.6193994158695935,0.8530041727895563,611.0,156.48850574712642,0.84,0.09333,973.0,988.0,0.0,0.0,0.0,0.0,0.0,0.0,0.0,0.0,1.0,Baixo Risco
082269371e64a76de0c9fb38f62640e9da44df7628e7099b17bda3f8ed5b8adc,1531901.0,Sem Info,0.8256292474820153,0.2457042470326054,815.0,214.56962025316452,0.89,0.05841,281.0,978.0,25.0,81277.25,68410.08,12.88,0.48,0.04,12867.17,116.64,1.0,Baixo Risco
3afc84292a48915fdf4af4917615e9eddde5fb02b925abe604e68be9b380fbcf,2211100.0,SP,0.974631522050708,0.8865501285367655,908.0,220.0,0.97,0.0,972.0,988.0,0.0,0.0,0.0,0.0,0.0,0.0,0.0,0.0,1.0,Baixo Risco
4b608f06c2f1b7c0693f19b651036978a62f0fe0dc5551f80a80f80428e423e9,2790299.0,SP,0.9575215695764772,0.942138895558434,958.0,224.64285714285717,0.98,0.02269,983.0,988.0,0.0,0.0,0.0,0.0,0.0,0.0,0.0,0.0,1.0,Baixo Risco
410bda285f59ade068d69a6ba71fb7b242dae5b5cb9112cc953923245aecb886,2949299.0,SP,0.9048740736847192,0.9463462593996708,911.0,164.8125,0.95,0.0,979.0,986.0,0.0,0.0,0.0,0.0,0.0,0.0,0.0,0.0,1.0,Baixo Risco
3e6a7a94c7e0f21db450d75d7b45b32b39593990aa9c3c27195493d7672284fa,4741500.0,SP,0.998059459856678,0.6943212923330816,964.0,259.84615384615387,0.96,0.00068,972.0,988.0,0.0,0.0,0.0,0.0,0.0,0.0,0.0,0.0,1.0,Baixo Risco
f60a21cf4de5dc9ab0a20425f7f57e199c3d22effe956084451746b5a0bcf5f8,4781400.0,SP,1.0,0.8530041727895563,966.0,247.27272727272728,0.99,0.0,982.0,989.0,0.0,0.0,0.0,0.0,0.0,0.0,0.0,0.0,1.0,Baixo Risco
6dfd28ba592041cfca8345ed32875930ffc589a04d69ef3be7eb08066727f96b,6550200.0,SP,0.091154263214861,0.8530041727895563,189.0,143.18725099601593,0.67,0.06954,568.0,639.0,0.0,0.0,0.0,0.0,0.0,0.0,0.0,0.0,1.0,Baixo Risco
3354914431c12af2065dc42213bc8e9f83d92f796637228b32ecc9c7399f8eaf,1011201.0,SP,0.9341724913098196,0.9339526007239752,780.0,194.4102564102564,0.88,0.07772,949.0,989.0,2.0,12223.11,12223.11,0.0,0.0,0.0,0.0,21.0,1.0,Baixo Risco
7a8e06f64e132174254bc774525cfa1cf962b525ddbde46995825218445ab434,2229399.0,SP,0.05,0.6188047553375245,48.0,119.15714285714286,0.2,0.06399,25.0,307.0,1.0,3354.03,3354.03,0.0,0.0,0.0,0.0,77.0,1.0,Baixo Risco
21b3f4dc112cba68f88206e2e73367a10de3c001e99cba4008f8efdfbf15eb1a,4742300.0,SC,0.780144353835472,0.8530041727895563,730.0,230.5,0.91,0.01003,938.0,989.0,0.0,0.0,0.0,0.0,0.0,0.0,0.0,0.0,1.0,Baixo Risco
72d1c2b88ffb59fd68da85e729bdaf3ec403dd0484347eb333536dd71fb6cba2,1011201.0,Sem Info,0.8294938988809162,0.9384081543710836,930.0,228.9,0.93,0.00591,974.0,986.0,1.0,3614.48,3698.81,1.0,1.0,0.0,-84.32999999999993,7.0,1.0,Baixo Risco
446de5f06880fe02e2583c6c7631fe21aba62c38a3823319a080dbbfa9e455e7,4930202.0,RS,0.05,1.0,202.0,86.83333333333333,0.47,0.06198,92.0,959.0,2.0,5223.63,5223.63,0.5,0.5,0.0,0.0,22.0,1.0,Baixo Risco
0ee7aac99d5576a2c79556305aca38ea9a8fa3b056b42eb913eeb82fc5a3652a,4781400.0,SP,0.9847588312898388,0.8530041727895563,943.0,264.7142857142857,0.94,0.0,978.0,989.0,0.0,0.0,0.0,0.0,0.0,0.0,0.0,0.0,1.0,Baixo Risco
082c88c3a88331c1948e7fed6b5f70a0c2d2d870a8d431275c86fb0f8612e340,4644301.0,PI,0.888692496152918,0.8530041727895563,942.0,151.75378787878788,0.96,0.08514,983.0,989.0,0.0,0.0,0.0,0.0,0.0,0.0,0.0,0.0,1.0,Baixo Risco
6009814fd3674c1e2e56773482c6397da02260f53fa42d494e8a40d55ce9f072,8593700.0,PR,0.8980493337861162,0.8530041727895563,203.0,137.0,0.75,0.0148,517.0,964.0,0.0,0.0,0.0,0.0,0.0,0.0,0.0,0.0,1.0,Baixo Risco
d9d6a11f80cd6e877751af78c23a33172125c4f7bbca61a9f2187d18d8139039,4755501.0,SP,0.932483520082162,0.862739334960465,951.0,231.06410256410257,0.97,0.03248,983.0,989.0,1.0,31571.39,31571.39,0.0,0.0,0.0,0.0,80.0,1.0,Baixo Risco
a3789c0c4210d11254bc88d9a1bf8c13a44dc02283f27b36d6135f1775005ea4,4771701.0,PR,0.9875572307054516,0.8530041727895563,963.0,239.6206896551724,0.99,0.02096,983.0,989.0,0.0,0.0,0.0,0.0,0.0,0.0,0.0,0.0,1.0,Baixo Risco
c1a1b41b91f0bb0de4033bbaccc26cd331820d5d69e8d30e321cf76aa8a992f0,4644301.0,SP,0.9680233834654792,0.906227228708194,961.0,208.04444444444445,0.94,0.05479,982.0,988.0,0.0,0.0,0.0,0.0,0.0,0.0,0.0,0.0,1.0,Baixo Risco
e1cd1d47059d1e1c166af7e1d3895fd2b595f9473e9c58496785700c9b61f755,4687703.0,SP,0.8745889282017374,0.5747294598525091,918.0,120.125,0.95,0.27221,972.0,987.0,1.0,911.34,914.99,1.0,1.0,0.0,-3.6499999999999773,31.0,1.0,Baixo Risco
2f1eb42fb96ed1f4cae6876a1a5a71af8bea9a470e8ef30c94fef29250a2c5ce,4771701.0,PR,0.94087076321,0.8530041727895563,945.0,237.0857142857143,0.94,0.04181,979.0,989.0,0.0,0.0,0.0,0.0,0.0,0.0,0.0,0.0,1.0,Baixo Risco
ac14baed01242c4e43be0cbc8dda6806d163d1dbd633e396ac49217a0991b2bd,4771701.0,PR,0.9890121664108126,0.8530041727895563,936.0,261.4,0.99,0.0,986.0,989.0,0.0,0.0,0.0,0.0,0.0,0.0,0.0,0.0,1.0,Baixo Risco
aaa9743d7ab41e50b76a4adb6bef28b51fd46019caddf70d451095a60b98a719,4712100.0,PR,1.0,0.8530041727895563,953.0,202.5,0.98,0.0,984.0,988.0,0.0,0.0,0.0,0.0,0.0,0.0,0.0,0.0,1.0,Baixo Risco
65cab00529c5e68d5581d69e26bb59b02328269090e98c50aaab1a9189b902b5,163600.0,SP,0.1301468900069082,0.8530041727895563,690.0,156.89361702127658,0.83,0.04039,901.0,988.0,2.0,15050.0,15050.0,0.0,0.0,0.0,0.0,34.5,1.0,Baixo Risco
0502c4ed8e29114cecfe7f6fc432255c689043e01096f7cec191314e65dd69ce,4644301.0,PR,0.7107649073470862,0.4971619552729223,351.0,141.9915966386555,0.88,0.15134,180.0,972.0,0.0,0.0,0.0,0.0,0.0,0.0,0.0,0.0,1.0,Baixo Risco
f5c1faa8bde566754f0fa35c4fe3b11f935360080949f2851a377c2792373210,3600601.0,PR,0.5552201880198281,0.7575377876691507,93.0,115.82485270487412,0.31,0.05682,56.0,968.0,0.0,0.0,0.0,0.0,0.0,0.0,0.0,0.0,1.0,Baixo Risco
31cef407fabbd805e3d60435858c51f7b1317768f80b76f0272dc054300a1af4,1099699.0,Sem Info,0.3077010058748212,0.8338357225528166,142.0,96.08620689655172,0.44,0.06223,33.0,750.0,21.0,85779.56,81545.91,4.0,0.23809523809523808,0.0,4233.65,46.523809523809526,1.0,Baixo Risco
876e08ba87a8e09b1ffef1e75ffb482510398e52d46cd0230372d888d6221e57,2651500.0,SC,0.7020531799465682,0.8530041727895563,350.0,196.78395061728395,0.78,0.26511,792.0,989.0,1.0,70695.2,70695.2,0.0,0.0,0.0,0.0,29.0,1.0,Baixo Risco
d1d1b77613b94adf1b5a1f43daad6e0f1d860d9cfdb0c0b2d544e2b922c3dbfb,1011201.0,SP,0.3708445151702397,0.7338167735930105,900.0,188.0,0.93,0.88608,973.0,988.0,5.0,64228.03999999999,65269.88,3.0,0.6,0.0,-1041.8399999999992,24.2,1.0,Baixo Risco
2427f3a24b353859e5d48cfcb8fca8c87128b35af6b7a1ceb111306d9b8304c2,4781400.0,RN,1.0,0.8530041727895563,221.0,0.0,0.88,0.0,846.0,947.0,0.0,0.0,0.0,0.0,0.0,0.0,0.0,0.0,1.0,Baixo Risco
82bb3b6c36e722ddaa70c72b13b5af42f476132eb9d335773af92f55f5200d96,4313400.0,PE,0.9254704315494434,0.8530041727895563,907.0,160.21428571428572,0.95,0.12913,982.0,988.0,0.0,0.0,0.0,0.0,0.0,0.0,0.0,0.0,1.0,Baixo Risco
fdbace054db181e3eefcf02ceac96c788397bb99fbba0d8ef0f3f69a8ee75bbd,4771701.0,PR,0.9576618678266972,0.8530041727895563,920.0,146.4,0.93,0.14212,982.0,988.0,0.0,0.0,0.0,0.0,0.0,0.0,0.0,0.0,1.0,Baixo Risco
cfd488cf8d5499ed1f54910b6b6fd20018fd4d611cffa3b8c3c0df084056f28d,2222600.0,SC,0.2888781747323793,0.6224200617580666,113.0,128.45205479452054,0.41,0.01939,39.0,877.0,14.0,432975.67,328189.97000000003,6.0,0.42857142857142855,0.0,104785.7,111.14285714285714,1.0,Baixo Risco
20c9430c05d4f27a6239a11f17748b0555fc4d8d7661fde1e80f16fa8833a93c,4782201.0,PR,0.9778210273416902,0.8530041727895563,959.0,234.42857142857144,0.94,0.0,969.0,988.0,0.0,0.0,0.0,0.0,0.0,0.0,0.0,0.0,1.0,Baixo Risco
ac69837002b2e704edb69997b8591f5c519c8ad43f351cec696c0580ddc24dfd,113000.0,SP,0.9732978250572548,0.8530041727895563,765.0,203.40740740740745,0.97,0.0,912.0,985.0,0.0,0.0,0.0,0.0,0.0,0.0,0.0,0.0,1.0,Baixo Risco
df80b8b51c81d15de2a9dbc1fdee1eecfcfa5916b96f6219fe018c7377cc0e89,4689399.0,SP,0.05,0.6722561800257091,788.0,172.08510638297872,0.83,0.12135,972.0,989.0,2.0,375.15999999999997,375.15999999999997,0.0,0.0,0.0,0.0,105.0,1.0,Baixo Risco
4b804049ddd69c5939abd62f343bb5ceab33301e30ca8f9d62cd11802850c1e3,4771701.0,PR,0.9420438951390264,0.8530041727895563,962.0,178.1904761904762,0.96,0.0896,982.0,989.0,0.0,0.0,0.0,0.0,0.0,0.0,0.0,0.0,1.0,Baixo Risco
85519cb5631cf3be127645237bcafb17fff2dfec470faba22b68bf27358e107a,4781400.0,SC,0.9623760246424896,0.8530041727895563,834.0,28.0,0.8,0.0,913.0,989.0,0.0,0.0,0.0,0.0,0.0,0.0,0.0,0.0,1.0,Baixo Risco
fa430bbc47c9cfdb2b50f13628d1f2cc45deb65e59303b3301c6d08f0bf4490a,4646001.0,SP,0.0533787123270268,0.8530041727895563,106.0,89.33333333333333,0.73,0.09422,202.0,844.0,1.0,1885.4,1885.4,0.0,0.0,0.0,0.0,30.0,1.0,Baixo Risco
7544f78c79ab7d7ee895a7783b701dacdeda4aca0cb9d5f24d33df5a134c0df3,4921301.0,SC,0.9373393622442404,0.8530041727895563,898.0,202.5921052631579,0.92,0.00042,967.0,985.0,0.0,0.0,0.0,0.0,0.0,0.0,0.0,0.0,1.0,Baixo Risco
098dfc7cf056fe5400a30f51157e50f9e4b3ea60270e30fa5731de71a33177e8,4755503.0,SC,0.964076235394256,0.8530041727895563,945.0,150.57142857142858,0.94,0.0,982.0,989.0,0.0,0.0,0.0,0.0,0.0,0.0,0.0,0.0,1.0,Baixo Risco
e93442a2f9ad0a4096b5196adafc12da4d97b840c49cf11b30f11d7ac3d5b934,5510801.0,SC,0.8972381914760238,0.8530041727895563,892.0,150.30769230769232,0.85,0.0,944.0,987.0,0.0,0.0,0.0,0.0,0.0,0.0,0.0,0.0,1.0,Baixo Risco
44e949a304ddd0da708450abf201aeb8f3067befa986774d383dc612ca024d3c,2330303.0,SC,0.7640289376002418,0.9715887901965408,935.0,191.7984293193717,0.91,0.00212,977.0,989.0,3.0,84551.29000000001,84551.29000000001,0.0,0.0,0.0,0.0,21.0,1.0,Baixo Risco
095bc15d27b304bc051bc19cd4d24cd05bc9566cf6158d0ddbc85dd0bda85256,4744099.0,SC,0.8329485342355776,0.6020472632415416,792.0,254.20689655172413,0.97,0.26506,971.0,988.0,0.0,0.0,0.0,0.0,0.0,0.0,0.0,0.0,1.0,Baixo Risco
988a0b983b3a08e79be78644d9c5fa9f9931ad540113fafd130e496ca2476123,2941700.0,SP,0.5104244103401144,0.9850795204448352,915.0,196.8823529411765,0.9,0.0,977.0,987.0,4.0,5387.11,5387.11,0.0,0.0,0.0,0.0,34.5,1.0,Baixo Risco
189cfc07c1a574e9533aa6e63c88a70111eb44945f24a5be372db05b67c27d24,5611201.0,Sem Info,0.967613452674122,0.8530041727895563,958.0,229.32258064516128,0.98,0.07146,967.0,989.0,0.0,0.0,0.0,0.0,0.0,0.0,0.0,0.0,1.0,Baixo Risco
1a8d3a598bd9b365223865c33072a170a5dd7aeb5d8dccf0a6c77a75035de4a8,2063100.0,SP,0.9561925679919904,0.811046367074625,945.0,215.15384615384616,0.91,0.0,961.0,986.0,0.0,0.0,0.0,0.0,0.0,0.0,0.0,0.0,1.0,Baixo Risco
858e59ef8754e14dfb8c491cb6182496180afcf73f47d88b5b5f02e544fd3bc3,4771701.0,PR,0.8000142319401857,0.8530041727895563,650.0,194.2295081967213,0.85,0.0,564.0,964.0,0.0,0.0,0.0,0.0,0.0,0.0,0.0,0.0,1.0,Baixo Risco
8b02b2d977be8fd2135e00698e0ca2da76cfe36067d62595cfb64cf568cbb73e,4771701.0,PR,0.989818238152908,0.05,950.0,236.90243902439025,0.98,0.03291,978.0,987.0,0.0,0.0,0.0,0.0,0.0,0.0,0.0,0.0,1.0,Baixo Risco
2ae63012fcbf2742f1f792670ccf83629f9ca5c34a77c96689bad1f1d1fc293f,2543800.0,RS,0.4096077453427189,0.8302352431483457,364.0,106.03731343283582,0.76,0.32323,169.0,973.0,1.0,685.06,685.06,0.0,0.0,0.0,0.0,37.0,1.0,Baixo Risco
a9bdbae276df58cdf653b9de844849507566aadf70b4a220d1f50162bbd61c2d,1610203.0,RS,0.908734262688156,1.0,739.0,205.1818181818182,0.81,0.0,956.0,989.0,7.0,34626.1,34626.1,0.0,0.0,0.0,0.0,29.571428571428573,1.0,Baixo Risco
3347c7afba6732fca2c2e5bcb9ce2393d8099067988a14d5d0db0119d20ca434,1531901.0,Sem Info,0.1107960196506738,0.0868977634838048,496.0,64.34937238493724,0.46,0.19501,34.0,490.0,1.0,1454.13,1518.13,6.0,1.0,0.0,-64.0,41.0,1.0,Baixo Risco
dfe18e9a87c4f98747157a9f7be0bca3e1f1d3c196f6f3a997f6d97d8f069256,4711302.0,RS,0.9633340816496776,0.8530041727895563,965.0,238.73076923076923,0.97,0.07423,985.0,989.0,0.0,0.0,0.0,0.0,0.0,0.0,0.0,0.0,1.0,Baixo Risco
2f078d7e2123438588c5646f76dc2919890201bfcbcf53d0e12b2fadeccafc99,3250701.0,RS,0.3884489765363859,0.9250120030063664,558.0,204.42352941176472,0.86,0.07012,738.0,978.0,6.0,13359.65,13359.65,0.6666666666666666,0.6666666666666666,0.0,0.0,172.0,1.0,Baixo Risco
e5be476cd8f5a054aea28552f868064420b347c7133c4ec0f46d9ce779de5aa1,4644301.0,Sem Info,0.9282662591072092,0.4104313962777627,760.0,111.6842105263158,0.86,0.03268,952.0,987.0,2.0,1596.54,1634.86,2.0,1.0,0.0,-38.319999999999936,60.5,1.0,Baixo Risco
cf7e4efbff0093109a37b3bdf9b9bde4409b2be6dd131f551e75f4bb8308fed6,5611201.0,GO,1.0,0.8530041727895563,964.0,247.8181818181818,0.98,0.0,974.0,988.0,0.0,0.0,0.0,0.0,0.0,0.0,0.0,0.0,1.0,Baixo Risco
bd83057e68142a7605c48d74f8543821796b655e20edaa8660ffbc2b8f6e6549,4771701.0,PR,0.9878612026112776,0.8530041727895563,964.0,241.25,1.0,0.0,979.0,986.0,0.0,0.0,0.0,0.0,0.0,0.0,0.0,0.0,1.0,Baixo Risco
0f5d141db3e2f4680c6f6175a41071b99ca054af20e831c32b552af339015f31,2229301.0,RS,0.8547379343464572,0.7398472538228846,202.0,92.53051643192488,0.41,0.0953,532.0,988.0,0.0,0.0,0.0,0.0,0.0,0.0,0.0,0.0,1.0,Baixo Risco
539995aa538ca48588608143ebb910be96d5b0b26054356f7ebf6aefc7b62e6a,4712100.0,GO,0.8484570867442146,0.8530041727895563,959.0,193.35,0.95,0.16503,962.0,986.0,0.0,0.0,0.0,0.0,0.0,0.0,0.0,0.0,1.0,Baixo Risco
0da7159c89c37263755158d99743c36e614fb3dede2d4b1fb77c7f273673dd1d,4789099.0,SP,0.05,0.9482428853333732,89.0,93.4,0.17,0.39308,75.0,576.0,0.0,0.0,0.0,0.0,0.0,0.0,0.0,0.0,1.0,Baixo Risco
e367cc002853bfa21876a79398b27dfbb3f07c23b9fe70313a9f6be8af53bc43,4530703.0,SP,0.525332293810645,0.8530041727895563,800.0,82.09375,0.77,0.17494,788.0,983.0,0.0,0.0,0.0,0.0,0.0,0.0,0.0,0.0,1.0,Baixo Risco
16e169e98c5c21679283b408cdc53932eae61a9c53ae698ef810d4109a3d62d6,4771701.0,PR,0.9360360429328756,0.8530041727895563,951.0,203.5217391304348,0.98,0.07661,972.0,989.0,0.0,0.0,0.0,0.0,0.0,0.0,0.0,0.0,1.0,Baixo Risco
db4c05847f251512459149fbe865c62dceda4b4509ef2b3379b6497fbc5cd404,4530701.0,Sem Info,0.8557918342823383,0.5467588562543433,941.0,197.377358490566,0.97,0.04392,983.0,988.0,1.0,692.48,692.48,0.0,0.0,0.0,0.0,29.0,1.0,Baixo Risco
46abd6f08e955bd47144d827160fbdb277db6c13d3758d785dda47759e320fa9,4752100.0,MA,0.9223732849250816,0.8530041727895563,861.0,133.68965517241378,0.82,0.35089,947.0,988.0,0.0,0.0,0.0,0.0,0.0,0.0,0.0,0.0,1.0,Baixo Risco
8a4617302098e01c84256d0a0209d40099bd10c7be1e7a18ac4c854f77b33dee,6920601.0,RJ,0.6130911551812124,0.9570336062888912,590.0,43.2,0.63,0.0,698.0,973.0,0.0,0.0,0.0,0.0,0.0,0.0,0.0,0.0,1.0,Baixo Risco
d25fa5acf1c1a6751fcbf3e8381010eae85b70f92041cea097c6c6df54921bf4,1093702.0,RS,0.3531552138301279,0.910427114739676,394.0,123.43478260869566,0.77,0.17096,595.0,985.0,1.0,417.89,417.89,1.0,1.0,0.0,0.0,31.0,1.0,Baixo Risco
e7b28505dfd34d13f986528b9db1cdc4fc115cd08ef44cd420160011c55d9692,4771701.0,PR,0.9079618969549264,0.8530041727895563,938.0,185.88888888888889,0.96,0.05763,981.0,986.0,0.0,0.0,0.0,0.0,0.0,0.0,0.0,0.0,1.0,Baixo Risco
e404c9de8579f1c3d9eda516484d28738d3d10f8b01a8cb0b1ef553773785d04,4781400.0,PE,0.6880795754507956,0.8530041727895563,208.0,155.625,0.73,0.0,171.0,962.0,0.0,0.0,0.0,0.0,0.0,0.0,0.0,0.0,1.0,Baixo Risco
7224f032669428f0229cd0969c8afed792d5b461af0a4bec37680c9a0c4da780,2319200.0,SP,0.9519520465701196,0.8530041727895563,922.0,242.11320754716985,0.96,0.23604,976.0,988.0,0.0,0.0,0.0,0.0,0.0,0.0,0.0,0.0,1.0,Baixo Risco
5e2aecb1358ded1d66b7d5181598f1dbec6374b7249e75a8cef1e8549fec50f7,4637199.0,MG,0.2426257741080733,0.8134378482746603,98.0,66.07142857142857,0.56,0.06147,106.0,801.0,2.0,87549.26000000001,87549.26000000001,3.0,1.0,0.0,0.0,48.0,1.0,Baixo Risco
85309b07c75e3dc1641ce812bf6aa767dcd0ee083d4bd017fe21524b7675b472,4530703.0,SP,0.9942379881684156,1.0,962.0,223.04545454545453,0.99,0.0,981.0,989.0,0.0,0.0,0.0,0.0,0.0,0.0,0.0,0.0,1.0,Baixo Risco
19a6e472729fa43eadc258681f97e898e3e6c789f7ba2e05798380106caf2730,1412601.0,SC,0.9665173972278688,0.7838435057022288,964.0,248.79113924050637,0.96,0.00012,982.0,989.0,5.0,3070.1800000000003,3090.71,2.4,1.0,0.0,-20.52999999999986,80.2,1.0,Baixo Risco
6573573492fc23f12cc04842ad4b137f0bc653285aa70976505bc9f9507fe859,4329101.0,SP,0.3594350839029596,0.959451822391156,411.0,84.94444444444444,0.87,0.35934,70.0,918.0,0.0,0.0,0.0,0.0,0.0,0.0,0.0,0.0,1.0,Baixo Risco
b156ee1de91b2c6cd3a9e9fccd3cfe59e6fe5c97ddb7de0b1db7dab816da40e6,4635499.0,RJ,0.05,0.8530041727895563,32.0,206.22222222222223,0.2,0.0,37.0,144.0,1.0,2640.0,2640.0,0.0,0.0,0.0,0.0,91.0,1.0,Baixo Risco
0e93bc9f4f50d64857696fa450c97d57e22eed5b9695943706d1b890c3002d11,4781400.0,SE,0.9902134144506282,0.8530041727895563,863.0,195.3428571428572,0.96,0.0,967.0,986.0,0.0,0.0,0.0,0.0,0.0,0.0,0.0,0.0,1.0,Baixo Risco
4de0c18b241cf0c349da16f5f98999f527c4565e902bb6de3e20c4c0af8da515,4721103.0,PR,0.9557453690545196,0.755409637095927,865.0,179.83333333333334,0.85,0.04205,950.0,989.0,0.0,0.0,0.0,0.0,0.0,0.0,0.0,0.0,1.0,Baixo Risco
89fbc69cbaef0c56c6384354c6f26d84270c825583a064950d514393e9a1042f,4781400.0,BA,0.7096207211612583,0.8530041727895563,395.0,134.2058823529412,0.77,0.12775,757.0,951.0,0.0,0.0,0.0,0.0,0.0,0.0,0.0,0.0,1.0,Baixo Risco
c465ded951cde5d9415e2acac11a9b8d85e69eed2b4db4e897344f525e6e40b7,4781400.0,MG,0.9639946173647952,0.8530041727895563,923.0,160.4,0.97,0.0,969.0,989.0,0.0,0.0,0.0,0.0,0.0,0.0,0.0,0.0,1.0,Baixo Risco
f8a5ca1027925af71822a69887e33ffc7b47ef03c512815245b89a9dbf926245,2399102.0,Sem Info,0.4687722504443345,0.1826518374874048,759.0,179.1764705882353,0.84,0.16324,900.0,985.0,1.0,1860.0,1860.0,0.0,0.0,0.0,0.0,44.0,1.0,Baixo Risco
525d704444bc837fd0e9edfcf104c934f7e200548868e2d528fa7d57b0a58b45,4712100.0,BA,0.9009979311597768,0.8530041727895563,917.0,151.29166666666666,0.98,0.05235,976.0,988.0,0.0,0.0,0.0,0.0,0.0,0.0,0.0,0.0,1.0,Baixo Risco
0adf615e9a09fb5a00ddef47f2465dede27c36408c3530f8bdcb9699c3846da4,4110700.0,MT,0.0648040664131514,0.5353779843309708,74.0,212.76623376623377,0.36,0.04293,45.0,849.0,0.0,0.0,0.0,0.0,0.0,0.0,0.0,0.0,1.0,Baixo Risco
a1a10e4001cc261f276e16bdc02ad1f134fda2037a7186601180e9b6f5df8201,4781400.0,SP,0.2549722898277184,0.05,163.0,200.625,0.71,0.02888,68.0,643.0,1.0,1102.31,1115.54,3.0,1.0,0.0,-13.230000000000018,33.0,1.0,Baixo Risco
94a68514cc0070c5441f5576e00e6a4344adbbb18283279bac6e13c339d33a6b,4712100.0,AC,0.9299893915066768,0.8530041727895563,947.0,192.64102564102564,0.95,0.05053,944.0,987.0,0.0,0.0,0.0,0.0,0.0,0.0,0.0,0.0,1.0,Baixo Risco
21565e934c76f3305265e48f3a4bfbb683c5f3d2be96084abcf5d51834baa1d7,4687703.0,RS,0.898961758442603,0.8409460011714878,956.0,225.4189189189189,0.94,0.00121,976.0,989.0,0.0,0.0,0.0,0.0,0.0,0.0,0.0,0.0,1.0,Baixo Risco
40e738a40b1846ac7a5a46b41b6724481fc9169dd63ed015a11b8fe2f5dc87cd,4781400.0,MA,0.8643828962747343,0.8530041727895563,752.0,15.0,0.92,0.06386,956.0,986.0,0.0,0.0,0.0,0.0,0.0,0.0,0.0,0.0,1.0,Baixo Risco
1d0764e195cfae9e212d8aec6a3d43fa203a5f507e794634789fb440697606c1,4789005.0,Sem Info,0.7984052381509343,0.90159419743758,894.0,197.56,0.94,0.24997,934.0,986.0,0.0,0.0,0.0,0.0,0.0,0.0,0.0,0.0,1.0,Baixo Risco
f1d1c9f362b314304e5b083916638ebf7cd41bbb802f24938e75c68edde1dda5,4711302.0,MS,0.6278073747987362,0.8530041727895563,638.0,100.46932515337424,0.68,0.09696,840.0,986.0,0.0,0.0,0.0,0.0,0.0,0.0,0.0,0.0,1.0,Baixo Risco
7b6950258e8d7ae91aabb8e9827613626a6a1760ebfd1430f64d6a2cb1a40f15,4644301.0,RN,0.1664142030631688,0.928925925648242,202.0,96.73,0.75,0.15725,102.0,968.0,0.0,0.0,0.0,0.0,0.0,0.0,0.0,0.0,1.0,Baixo Risco
9ff611588205957772035e2103ef6d38d68169b8f00bdb55a33dd17ceec81a1b,4771701.0,PR,0.8929101280474862,0.8530041727895563,897.0,221.66666666666663,0.97,0.05269,981.0,988.0,0.0,0.0,0.0,0.0,0.0,0.0,0.0,0.0,1.0,Baixo Risco
bc54c3000f316963719e14d1231f90885292e027efc245296bf1f1229768d5a3,4732600.0,GO,0.9023554738502606,0.9257066776722552,935.0,223.5,0.97,0.02297,983.0,988.0,0.0,0.0,0.0,0.0,0.0,0.0,0.0,0.0,1.0,Baixo Risco
f7fb69836b73acb417699b4fe566a7274206d214cd53504ecc42051d2405a6d8,4761003.0,RS,0.9071346451072928,0.8530041727895563,833.0,222.14285714285717,0.89,0.02303,952.0,986.0,0.0,0.0,0.0,0.0,0.0,0.0,0.0,0.0,1.0,Baixo Risco
6124200c90bc27b4850bf60bca887e5d908de13775589ca5508570600062fa44,1052000.0,MG,0.3141295691842726,0.05,125.0,157.03529411764706,0.54,0.00191,676.0,969.0,5.0,520049.6,102520.08,2.6,0.2,0.0,417529.52,81.6,1.0,Baixo Risco
97b5a3a5fc02775940ad3586dce950349221b89dbbdd7a81d54e7ed41bb274e9,1052000.0,MG,0.05,0.8530041727895563,114.0,124.73076923076924,0.52,0.69595,572.0,946.0,0.0,0.0,0.0,0.0,0.0,0.0,0.0,0.0,1.0,Baixo Risco
c9473afc0e6eea1048014610f40be59414618074b8956fc81d6f4c3e038c2694,4771701.0,PR,0.9318502336399666,0.9229433332945688,950.0,212.1904761904762,0.98,0.47108,983.0,989.0,0.0,0.0,0.0,0.0,0.0,0.0,0.0,0.0,1.0,Baixo Risco
6cd7c1a9f8d2bc63f31965e03b0ba1a22e6d7b7e620768baeef31299a4ee29fe,4711302.0,PA,0.9520928258571476,0.9203286733769604,949.0,204.68217054263565,0.96,0.02242,980.0,989.0,0.0,0.0,0.0,0.0,0.0,0.0,0.0,0.0,1.0,Baixo Risco
2158fdc13011d2f637ef0ca884b3fc849280f5d5cbd5916a6fdf04b59ac04d6b,4754702.0,RS,0.991074425800743,0.8530041727895563,966.0,237.42857142857144,0.94,0.0,980.0,989.0,0.0,0.0,0.0,0.0,0.0,0.0,0.0,0.0,1.0,Baixo Risco
5ff56d92f3ebac71a111beed4a8c1dd9e2dd05705e44bd4333f38b85ce106266,4771701.0,PR,0.96050550176162,0.8530041727895563,950.0,241.6,0.98,0.07785,981.0,988.0,0.0,0.0,0.0,0.0,0.0,0.0,0.0,0.0,1.0,Baixo Risco
6c85379be75f4256c51634a7f5eb7b390562cf442e4a8eeb455e02482b2e4356,4712100.0,SC,0.509589203138884,0.8530041727895563,374.0,81.45132743362832,0.88,0.18226,550.0,984.0,0.0,0.0,0.0,0.0,0.0,0.0,0.0,0.0,1.0,Baixo Risco
1a8067c87466ac072d55ff9cea1cda8b102f3d6657c8de037149f937216dbcd2,4689301.0,SP,0.6532539338800633,0.8117102232305478,694.0,172.68,0.88,0.00028,971.0,960.0,0.0,0.0,0.0,0.0,0.0,0.0,0.0,0.0,1.0,Baixo Risco
c95816a56076ef7fcbd31f7dc74fdb48c579b10d8d10c59b40864a8f0912e5f3,4661300.0,RO,0.933271248457772,0.1384327527508879,951.0,234.47368421052636,0.95,0.16309,978.0,989.0,0.0,0.0,0.0,0.0,0.0,0.0,0.0,0.0,1.0,Baixo Risco
80042c165987b80fc8daed773b694528c2783f5ca850d4ed1334f9b24297785c,5611201.0,GO,0.7692133171920738,0.8530041727895563,773.0,181.83333333333331,0.7,0.18514,93.0,966.0,0.0,0.0,0.0,0.0,0.0,0.0,0.0,0.0,1.0,Baixo Risco
628c78cca3447e9d99e54dfd6d422ab6dc6df6c2fcb480856b800f0c221624e5,4753900.0,RS,0.3554419622342121,1.0,190.0,77.44444444444444,0.79,0.3139,55.0,911.0,0.0,0.0,0.0,0.0,0.0,0.0,0.0,0.0,1.0,Baixo Risco
ce904818472e142155b71c5be8e99f98c8f51e294155926bcbfed5090b9330bf,4781400.0,MT,1.0,0.8530041727895563,950.0,247.44444444444449,0.98,0.0,981.0,988.0,0.0,0.0,0.0,0.0,0.0,0.0,0.0,0.0,1.0,Baixo Risco
a3d06fb452729e2ddb3aece693d70f884a37e2cb1fa7379483b9dc6ced18a845,3101200.0,MG,0.972695178544894,0.8781949181990745,957.0,244.19402985074623,0.95,0.04127,981.0,988.0,0.0,0.0,0.0,0.0,0.0,0.0,0.0,0.0,1.0,Baixo Risco
a4b4baa758cf5d5c8d51f118a39a982f6401d2b716d67e00dc603ffa2cf1ebd2,1412602.0,PR,1.0,0.8530041727895563,942.0,267.5,0.98,0.0,979.0,986.0,0.0,0.0,0.0,0.0,0.0,0.0,0.0,0.0,1.0,Baixo Risco
4dde7a3424162ce9e0727447abdb61db51b896e28051a79e4a1a2d0c6dbf0543,4632001.0,Sem Info,1.0,0.8530041727895563,566.0,0.0,0.4,0.0,752.0,927.0,3.0,131162.14,87377.14,5.0,0.3333333333333333,0.0,43785.0,69.33333333333333,1.0,Baixo Risco
c9e960d4b0eb57635219e97718abd71a835bc032c81c781d2d81891d2a642578,4644301.0,CE,0.5655600085269027,0.712484126416938,804.0,122.26119402985074,0.89,0.16525,855.0,985.0,0.0,0.0,0.0,0.0,0.0,0.0,0.0,0.0,1.0,Baixo Risco
d0d85fad16d9007456c824ac5eb9b9c3f0060cc88d41506cab2af0a4f6167d16,4742300.0,SC,0.9253619966245384,0.2747252747252747,536.0,172.375,0.96,0.29597,911.0,985.0,0.0,0.0,0.0,0.0,0.0,0.0,0.0,0.0,1.0,Baixo Risco
aa354ea53020b1b84c408d2f7b14cfaef43fe1f7ba8d2a0f6521bea62bbb022e,1539400.0,RS,0.9415559956047628,0.7839331613618536,957.0,233.8211920529801,0.97,0.0072,983.0,989.0,3.0,11216.48,11216.48,0.0,0.0,0.0,0.0,126.0,1.0,Baixo Risco
32db2f84b28fd756455ee98ce839b7120cb7078fdec329565a2a2e516047605c,2229302.0,SP,0.7469324596863139,1.0,871.0,226.4375,0.92,0.17921,942.0,988.0,0.0,0.0,0.0,0.0,0.0,0.0,0.0,0.0,1.0,Baixo Risco
2e6981b09e4757cbed6181cb4efb97145d43ac3a42568f6b1409f68b593e02f7,4781400.0,PE,0.5740317216708097,0.8530041727895563,582.0,0.0,1.0,0.0,159.0,777.0,0.0,0.0,0.0,0.0,0.0,0.0,0.0,0.0,1.0,Baixo Risco
cdf8ded0264b800e8eb7e0e1d51a2c29b46a15319530b3ed076ee56bea1c117c,1095300.0,Sem Info,0.9063350081876672,0.8171174708788911,404.0,145.91304347826087,0.8,0.28027,844.0,980.0,0.0,0.0,0.0,0.0,0.0,0.0,0.0,0.0,1.0,Baixo Risco
c83845d0808f14ff7c74d0bfd45a59b173c997f979ff8d7e1add5ae81db77c5f,4642701.0,SP,0.9366393710108986,0.5280257306923541,858.0,125.5,0.88,0.21672,975.0,988.0,0.0,0.0,0.0,0.0,0.0,0.0,0.0,0.0,1.0,Baixo Risco
70b7d0d51e028b858dbb0eac27048a9a45d2ce5bc38fa837956ca3b4c68be43d,7210000.0,PR,0.948883279588615,0.8530041727895563,840.0,16.0,0.87,0.5,958.0,988.0,0.0,0.0,0.0,0.0,0.0,0.0,0.0,0.0,1.0,Baixo Risco
d6f43e0405d77f9c05a8efc025ed6e2acb1bf71167154a18338618edecd5a4e9,1066000.0,PR,0.978814537719025,0.7959296059673512,962.0,246.62790697674416,0.97,0.00228,979.0,988.0,0.0,0.0,0.0,0.0,0.0,0.0,0.0,0.0,1.0,Baixo Risco
90a57ffe94f9f04a5a3e13052c32afaa816973315e9e332982a7174e961bb400,4789004.0,MG,0.973457844109598,0.8530041727895563,947.0,222.1573033707865,0.99,0.0,980.0,988.0,0.0,0.0,0.0,0.0,0.0,0.0,0.0,0.0,1.0,Baixo Risco
03a23c6d0c731f423c89d33ecd90fefcd106e3614ca8326838d5ba9128342601,4642701.0,RJ,0.5525510367143777,0.7566798288270925,193.0,161.8,0.81,0.01797,326.0,980.0,0.0,0.0,0.0,0.0,0.0,0.0,0.0,0.0,1.0,Baixo Risco
62dc495064406652887f8279e6369e90632b1ffeaddc6b692a3c78bd1934ae0c,4781400.0,MG,0.9311720382170052,0.8530041727895563,964.0,195.66666666666663,0.98,0.29176,971.0,987.0,0.0,0.0,0.0,0.0,0.0,0.0,0.0,0.0,1.0,Baixo Risco
2c5eff37955c1d4ffaebd3f1ccb1d27dcc5dbb1249a8199540f407984fb0787e,4771701.0,RO,0.9776025441654794,0.8530041727895563,950.0,250.1153846153846,0.98,0.0,974.0,987.0,0.0,0.0,0.0,0.0,0.0,0.0,0.0,0.0,1.0,Baixo Risco
89ebd67ee2795e57436dfcd46d261893a372457050facacf79397b1b22740a81,4711301.0,AL,0.9263793598225676,0.8530041727895563,946.0,206.67543859649123,0.97,0.05551,967.0,988.0,0.0,0.0,0.0,0.0,0.0,0.0,0.0,0.0,1.0,Baixo Risco
628244a3e18ef9edb721cf9fb17ef5f3b11a544f85af79e8cf44950418824d3d,4691500.0,BA,0.05,0.8530041727895563,58.0,83.29807692307692,0.35,0.11426,41.0,585.0,0.0,0.0,0.0,0.0,0.0,0.0,0.0,0.0,1.0,Baixo Risco
da7d6a3a11b106b980d8a7cdb22528d867a7eceb9d6cae4eae3b6b477625619b,4744099.0,Sem Info,0.911855137161204,0.9551724667273376,966.0,229.96666666666667,0.96,0.01165,983.0,989.0,0.0,0.0,0.0,0.0,0.0,0.0,0.0,0.0,1.0,Baixo Risco
779d7a523bf5deae425bc6bf90d06facbc7825a9eee6e0f6a31330ca593626e9,4772500.0,SC,0.6342335956993178,0.8530041727895563,875.0,177.5,0.91,0.0,957.0,985.0,0.0,0.0,0.0,0.0,0.0,0.0,0.0,0.0,1.0,Baixo Risco
cc8d2ec7ab13abc6188b4d68c46a7bc0fe40205b73c00c3d4df32d6eb72d3de0,2542000.0,PR,0.5606617213917255,0.8009370048599262,183.0,112.05194805194805,0.63,0.07097,73.0,975.0,0.0,0.0,0.0,0.0,0.0,0.0,0.0,0.0,1.0,Baixo Risco
cfed0f0ce8cc7aa5b47d794f59481115d047e01805265980d2c862f32add8c38,1412601.0,MG,0.8899236552325908,0.4246568018646038,954.0,126.9090909090909,0.9,0.0,982.0,988.0,0.0,0.0,0.0,0.0,0.0,0.0,0.0,0.0,1.0,Baixo Risco
eedd4d8aec41205f07442dd5c389a2ab10840a7e185c840f6c6b355935229f1e,1721400.0,SP,0.8929229353702296,0.4973955116087948,839.0,185.39285714285717,0.92,0.0,938.0,982.0,1.0,10336.93,10336.93,0.0,0.0,0.0,0.0,49.0,1.0,Baixo Risco
a6e85895edb01bb05b14461c298cf8a80447576a00d186bd547ca0700be35c1e,2229302.0,SP,0.1657849200190325,0.953724633448625,209.0,112.05068226120858,0.54,0.04248,93.0,956.0,3.0,3773.88,3773.88,0.0,0.0,0.0,0.0,36.666666666666664,1.0,Baixo Risco
d2e1c2624e0b395d3f3c208de146eecbb48ea3e21e82bd40636db289f02df6ed,4639702.0,Sem Info,0.6516796198173052,0.8719844214400014,912.0,197.9183673469388,0.95,0.05592,971.0,989.0,1.0,257.24,257.24,0.0,0.0,0.0,0.0,20.0,1.0,Baixo Risco
a79bcbcea003bd81f4812d1d2d2e1d1d3c2e669194e30fa8373449d23c53a8d5,4781400.0,PA,0.8738874411327714,0.8530041727895563,918.0,172.5,0.93,0.26892,958.0,985.0,0.0,0.0,0.0,0.0,0.0,0.0,0.0,0.0,1.0,Baixo Risco
28d57ea3a91ece2f372cb2e560bda7431443ea532d75c48a788032aca0e740ac,4782201.0,BA,0.5615484596672462,0.7716253423532323,645.0,111.20689655172414,0.87,0.3775,203.0,981.0,0.0,0.0,0.0,0.0,0.0,0.0,0.0,0.0,1.0,Baixo Risco
bd53feaea5dd93aa41047222c25cdc624f12186ab338772a61c019d13ca602ff,1121600.0,SC,0.946701766535526,0.9138052702296032,953.0,202.46153846153845,0.94,0.00066,977.0,988.0,0.0,0.0,0.0,0.0,0.0,0.0,0.0,0.0,1.0,Baixo Risco
e52ec4c6c92db9d2d005db08e2826918141f3f1605c625b1ca170fe1570f2d49,4633801.0,RJ,0.991896700781479,0.9501166744196118,964.0,237.83333333333331,0.98,0.00242,976.0,988.0,0.0,0.0,0.0,0.0,0.0,0.0,0.0,0.0,1.0,Baixo Risco
19aed993f654fb0689ec0edb50eaa795210b7de66f9974369181478569445a60,4781400.0,SP,0.9199918572197108,0.8530041727895563,809.0,199.26470588235293,0.86,0.0,973.0,988.0,0.0,0.0,0.0,0.0,0.0,0.0,0.0,0.0,1.0,Baixo Risco
aad4caed65ed25b134a08be06aa76e6221e48c77ad8debedd3494ff5aae78e2d,4789099.0,RJ,0.94193343278222,0.9103583052230282,888.0,182.6,0.95,0.12687,972.0,989.0,0.0,0.0,0.0,0.0,0.0,0.0,0.0,0.0,1.0,Baixo Risco
c288482196ec5303be4fa7a637acebf3f5d3d81018a4c3c59576e118a8bebe9d,4691500.0,MA,0.5370398408679142,0.8530041727895563,332.0,84.86657101865136,0.73,0.081,946.0,988.0,0.0,0.0,0.0,0.0,0.0,0.0,0.0,0.0,1.0,Baixo Risco
3f67a308f8aa1c8c91e553ce236eabb085874360749feb57e9b93686b8fba7ca,4712100.0,SP,0.8993131870751488,0.8530041727895563,916.0,21.0,0.93,0.0,978.0,988.0,0.0,0.0,0.0,0.0,0.0,0.0,0.0,0.0,1.0,Baixo Risco
4b9843b169e9fc33ee12e876cd5f60243a440ee6ae325690a34cbe83b494db36,4744005.0,SC,0.9598025822564809,0.7479876334281793,932.0,182.17391304347825,0.97,0.01382,978.0,988.0,0.0,0.0,0.0,0.0,0.0,0.0,0.0,0.0,1.0,Baixo Risco
374c2d47d6f6a2acaf0d076350a49929984cf4bcffe0200aee577ceec755f855,2733300.0,SP,0.979081082374702,0.8611182793356911,949.0,183.4313725490196,0.91,0.03063,980.0,988.0,0.0,0.0,0.0,0.0,0.0,0.0,0.0,0.0,1.0,Baixo Risco
393189bf4f534277793455b929e2e9ff0421fb8509217897e03648677ec6767b,6920601.0,MG,0.2247031647794043,0.8199437158179791,693.0,0.0,0.78,0.0,305.0,804.0,0.0,0.0,0.0,0.0,0.0,0.0,0.0,0.0,1.0,Baixo Risco
90172ad51f65dc72ed69ec642f73c24a22ea116e644a60cd92fe0199e929e0e6,4639701.0,SP,0.558367713526344,0.509518051811277,212.0,106.05245901639344,0.71,0.0503,842.0,979.0,0.0,0.0,0.0,0.0,0.0,0.0,0.0,0.0,1.0,Baixo Risco
ded39bfbdec8a452953934f99864e24749b9330457f7b9b3dee0569ad2986001,2542000.0,RJ,0.5750156612121031,0.6827371691964595,161.0,101.42178217821782,0.64,0.23357,71.0,948.0,0.0,0.0,0.0,0.0,0.0,0.0,0.0,0.0,1.0,Baixo Risco
36bd0fb2aff605de694d907a2bcaa47bdce59298e77d535de1ad1434989e9e1e,4711302.0,Sem Info,0.9731392974991234,1.0,958.0,231.66071428571428,0.96,0.04424,982.0,989.0,0.0,0.0,0.0,0.0,0.0,0.0,0.0,0.0,1.0,Baixo Risco
72af190f7de2989b59cc503040881639ec24527de346776bb2c93b8a29a0ed1f,1032599.0,GO,0.8520177220839023,0.7891810498239344,960.0,205.175,0.93,0.4759,981.0,989.0,0.0,0.0,0.0,0.0,0.0,0.0,0.0,0.0,1.0,Baixo Risco
385a77857182908c1e81ffe56b25f0a99d96887cd6863a553447fa15862e9595,4781400.0,SP,0.9334983380792324,0.8530041727895563,925.0,273.5,0.97,0.0,973.0,988.0,0.0,0.0,0.0,0.0,0.0,0.0,0.0,0.0,1.0,Baixo Risco
fdd1621bb8ef50441600981b877dbb29e041997ea380a06a89db65acb9747e22,7319002.0,RS,0.4253173803116865,0.4993700399632593,573.0,148.00806451612902,0.78,0.18289,149.0,980.0,2.0,413424.20999999996,0.0,52.0,1.0,0.0,413424.20999999996,102.0,1.0,Baixo Risco
f94c544d5170c935050a602452f2cde34a32deaa9dda061016d2048c6cf0c4ec,4755502.0,MG,0.8312589798921779,0.8530041727895563,769.0,175.6,0.8,0.15652,491.0,984.0,0.0,0.0,0.0,0.0,0.0,0.0,0.0,0.0,1.0,Baixo Risco
e5b85da8bed4e2b23a5c589d728963258094bf6848b921459e8a3b4ea5aabbc0,2071100.0,SP,0.7936476138903333,0.8880838231848378,880.0,227.73684210526315,0.92,0.01941,739.0,985.0,16.0,18338.35,17398.07,1.3125,0.1875,0.0,940.28,31.875,1.0,Baixo Risco
5b9865dbc4c4abaaccd2ca7eca67ff7ad6c6e4de0292e3794468a1ef9cf8066a,4661300.0,TO,0.8688277978365264,0.8530041727895563,920.0,169.26415094339623,0.89,0.16269,968.0,988.0,0.0,0.0,0.0,0.0,0.0,0.0,0.0,0.0,1.0,Baixo Risco
309b6317ca72c55f0a8cf0d83ede322cc0adf317fed4a10103c25a7dc04f001e,4789099.0,SP,0.9461178504042914,0.9223521045542508,911.0,173.8695652173913,0.97,0.17321,973.0,986.0,1.0,275.0,275.0,0.0,0.0,0.0,0.0,28.0,1.0,Baixo Risco
b1e04e845536ca494dd2a3ede20b95cc6fb7915cefebb9a239f96352aa02d119,810004.0,ES,0.05,0.8530041727895563,55.0,93.09756097560977,0.16,0.04499,41.0,67.0,3.0,16980.0,9880.0,3.0,0.3333333333333333,0.0,7100.0,30.666666666666668,1.0,Baixo Risco
54764281651dd54befdfb01938f4becc03ad7ef6b1eb07626edc2e96773a7d31,3250701.0,PR,0.8789027850047612,0.8062956763327432,717.0,149.86813186813183,0.84,0.14269,953.0,989.0,0.0,0.0,0.0,0.0,0.0,0.0,0.0,0.0,1.0,Baixo Risco
d934773101ca2a606d8aa1ab9dca47c6e3b6fdb0050c9ec03f92bdf90ae3eeb2,4729699.0,PA,0.9683018326609338,0.8530041727895563,953.0,222.0,0.96,0.0,983.0,988.0,0.0,0.0,0.0,0.0,0.0,0.0,0.0,0.0,1.0,Baixo Risco
9ff62ccf8036e42514052a3e688064d5d7546d44952492725acc03596a57eab0,4711302.0,DF,0.924956863440768,1.0,941.0,162.45116279069768,0.95,0.04398,980.0,989.0,0.0,0.0,0.0,0.0,0.0,0.0,0.0,0.0,1.0,Baixo Risco
ffdd9a1785cdb11518cb192453ae4c73bc487a19c429c8edad6bcea31ea9d75d,4781400.0,MG,1.0,0.337039997410758,965.0,295.375,0.97,0.0,964.0,988.0,0.0,0.0,0.0,0.0,0.0,0.0,0.0,0.0,1.0,Baixo Risco
8dd47f6cb5d271c56670cbc66a01c7d8900caaf8d633c35c6fc54556c3fcaa01,4641903.0,MG,0.8503103514638417,0.7911720435037637,844.0,253.15,0.96,0.01485,954.0,986.0,1.0,636.1,636.1,0.0,0.0,0.0,0.0,112.0,1.0,Baixo Risco
0fea6d5f589d71a6c3ea182a222ed3c684cd2e0897d6272694dae92e5e9f8863,4663000.0,PR,0.3714480309191509,0.9016820589965332,412.0,128.45454545454547,0.69,0.37646,68.0,962.0,1.0,446.12,446.12,0.0,0.0,0.0,0.0,29.0,1.0,Baixo Risco
b21273d233553a7fd33dfc37772eecdb14ce34d3ba4d587ae63f3273e828bfbe,4722901.0,GO,1.0,0.8530041727895563,964.0,0.0,0.99,0.0,979.0,988.0,0.0,0.0,0.0,0.0,0.0,0.0,0.0,0.0,1.0,Baixo Risco
dce5b144d76375feb09c8a83d753bc751f612d9e80e4662a2b7fa68721512d83,4771701.0,PR,1.0,0.8530041727895563,950.0,250.27272727272728,0.99,0.0,986.0,988.0,0.0,0.0,0.0,0.0,0.0,0.0,0.0,0.0,1.0,Baixo Risco
47653a7378a2dd996138ef57c3cda359811f03dfde4a5307bf957abf88fd19fe,4541203.0,PR,0.7841903774267983,0.5560425834998879,416.0,45.2,0.72,0.15724,821.0,987.0,0.0,0.0,0.0,0.0,0.0,0.0,0.0,0.0,1.0,Baixo Risco
bba63aa3524fed79c77c5c13d14824ab2d192a4714288f39a11a7693fd68a323,4691500.0,SP,0.949357219169742,0.8900435921814197,752.0,139.6326530612245,0.92,0.00334,977.0,989.0,1.0,1390.66,1390.66,0.0,0.0,0.0,0.0,41.0,1.0,Baixo Risco
ffa68c599d1cb69883da68e74dde3533cee49886c4d10fba56247e59858e62b1,4646001.0,SP,0.2080403680635822,0.8530041727895563,80.0,98.63888888888889,0.26,0.01635,82.0,923.0,1.0,5728.0,0.0,0.0,0.0,0.0,5728.0,33.0,1.0,Baixo Risco
3a3ae5d0c1b95819f2910e04214160589db0bcc0bff35dec7dc004689c60df18,1061901.0,SC,0.9426180200302308,0.8782138087097917,897.0,206.3098591549296,0.94,0.00061,979.0,987.0,0.0,0.0,0.0,0.0,0.0,0.0,0.0,0.0,1.0,Baixo Risco
99996f969cee5fd329595a947cd217e0d114293a3a1142c1a3247cb59193ecf7,2319200.0,Sem Info,0.3986099469464562,0.5490606979611595,695.0,79.171875,0.81,0.2727,942.0,979.0,1.0,265.6,265.6,2.0,1.0,0.0,0.0,81.0,1.0,Baixo Risco
9d935e4fbe7f5592bf80fbd05a18dde6dd50a4c8f9866143dfc61f45d6ccf4ff,2942500.0,MG,0.8409737479498093,1.0,873.0,153.56521739130434,0.89,0.04828,979.0,989.0,1.0,1400.0,1406.02,1.0,1.0,0.0,-6.019999999999982,29.0,1.0,Baixo Risco
dd5c362b8efd3b1ebd061e8bba0cec18243da3cbbe018881808ad26dcf43ed46,4771701.0,PR,0.3668420984576993,0.8530041727895563,135.0,171.125,0.69,0.1264,142.0,910.0,0.0,0.0,0.0,0.0,0.0,0.0,0.0,0.0,1.0,Baixo Risco
c811c3dcbfc39f4f4435721bba05992927cbb733df6a32244f2b8ca468c4bc1b,2229303.0,SP,0.989902500980236,1.0,949.0,135.5,0.87,0.0,911.0,973.0,1.0,17550.0,17550.0,0.0,0.0,0.0,0.0,44.0,1.0,Baixo Risco
31a9481eeb3dd0b43e19688bb2ea7d3c5fa2f16b9ff126c02586e1c9cefd8e22,4729699.0,SP,0.958689847187847,1.0,962.0,223.7608695652174,0.97,0.0,983.0,988.0,0.0,0.0,0.0,0.0,0.0,0.0,0.0,0.0,1.0,Baixo Risco
0d46580bd215114dd129f957fb25be6c90848fc99a0536317369cbb99ba1415b,1099699.0,GO,1.0,0.8832559461764428,871.0,148.77777777777777,0.97,0.0,969.0,988.0,0.0,0.0,0.0,0.0,0.0,0.0,0.0,0.0,1.0,Baixo Risco
0c7265d4993a95fcb25de61681fc2756621f8ebe16ca83b4a05301af02371b76,2222600.0,SP,0.9510737077049012,1.0,952.0,187.0,0.93,0.0,967.0,989.0,0.0,0.0,0.0,0.0,0.0,0.0,0.0,0.0,1.0,Baixo Risco
3f0ab5db5298c54d642cc014dc2bf38125bffb79c95e8ab0629bc0e8badc37ea,4922102.0,RJ,0.7663550908837029,0.4070600331119825,884.0,138.44554455445544,0.93,0.04253,969.0,988.0,0.0,0.0,0.0,0.0,0.0,0.0,0.0,0.0,1.0,Baixo Risco
13c4e6abe875e16d837260491cceeb1c62da4e1e765b7e63d4038356c5381221,4724500.0,GO,0.8381278172559025,0.8530041727895563,811.0,64.85714285714286,0.92,0.00172,895.0,985.0,0.0,0.0,0.0,0.0,0.0,0.0,0.0,0.0,1.0,Baixo Risco
aa88d9e14afa917171f03e014f32061c77ad3900a11e1e1e4185c1a4e676171d,4782201.0,PR,0.9871510413919358,0.2620911543984542,898.0,255.08695652173915,0.96,0.0,983.0,988.0,0.0,0.0,0.0,0.0,0.0,0.0,0.0,0.0,1.0,Baixo Risco
0a7a3bcb2f91ff36b499bc852cf154ef0838173d529295a650f426ccaf996041,4782201.0,ES,0.9130782140110172,0.8530041727895563,963.0,178.8,0.96,0.17883,979.0,987.0,0.0,0.0,0.0,0.0,0.0,0.0,0.0,0.0,1.0,Baixo Risco
c98f2f4be4715e667e96ce4031046ab9ca6634f9c643542e3ea556c25b5c6b6c,4635499.0,MG,0.9977534090056228,0.5896025665163501,828.0,159.8,0.89,0.00063,975.0,989.0,0.0,0.0,0.0,0.0,0.0,0.0,0.0,0.0,1.0,Baixo Risco
6f65a56d54f8291b8eb2f17dcac4dc2d49c0af429fb47a31865711601d37a63b,4321500.0,SC,0.9438278264945248,0.94095944245273,941.0,196.68421052631575,0.97,0.0,973.0,986.0,0.0,0.0,0.0,0.0,0.0,0.0,0.0,0.0,1.0,Baixo Risco
16e7d6e46ba2cb8afc9e7dc24806a1ae41093c91e3d0dcda871a64b015ac55c1,1821100.0,SP,0.9943426226637232,0.8530041727895563,960.0,241.0,0.99,0.0,973.0,988.0,0.0,0.0,0.0,0.0,0.0,0.0,0.0,0.0,1.0,Baixo Risco
c0802f7d81a892d9423fccd950caf00431a31717ea22e9dd0c26cef797bf0609,4781400.0,BA,0.9633879564501382,0.8737201365187713,825.0,137.64,0.98,0.07856,968.0,988.0,0.0,0.0,0.0,0.0,0.0,0.0,0.0,0.0,1.0,Baixo Risco
ad2dc3d7a9b4fe0e4690c448430c9a569b731cb4365a3325d32b5df658c45407,4771701.0,PR,0.8189695932185319,0.8530041727895563,760.0,183.2972972972973,0.94,0.03376,940.0,988.0,0.0,0.0,0.0,0.0,0.0,0.0,0.0,0.0,1.0,Baixo Risco
4a15e937c2ee29f04ecc9cf73626d89d1138732e2f207cbdc98b6c6156d3faec,4781400.0,PE,1.0,0.8530041727895563,909.0,241.0,1.0,0.0,810.0,978.0,0.0,0.0,0.0,0.0,0.0,0.0,0.0,0.0,1.0,Baixo Risco
719c32ed345adf37e3e4826b93aeaf6d2283e7c234c3d90b01e2f9591c4232ee,4511101.0,RJ,0.9260846249053348,0.9782166908704134,896.0,127.28767123287672,0.9,0.17956,978.0,988.0,0.0,0.0,0.0,0.0,0.0,0.0,0.0,0.0,1.0,Baixo Risco
fabc224996f0caaf71579a5ad5f109e30809832a19869b81104260a9c8c4e583,2944100.0,SP,0.1799130266087205,0.9077521903642628,82.0,94.23076923076924,0.24,0.03025,68.0,831.0,9.0,4759.57,4761.31,0.6666666666666666,0.4444444444444444,0.0,-1.7399999999999523,54.0,1.0,Baixo Risco
39916a9cfb6ce5b5c26ef9b1cc77ec346c08dfd7199eb7c9a60cef4290608d0b,4761003.0,Sem Info,0.2849799567202351,0.8530041727895563,121.0,31.0,0.69,0.33333,176.0,544.0,1.0,406.83,406.83,0.0,0.0,0.0,0.0,37.0,1.0,Baixo Risco
98d415aca3d8254412b12b8f1cd7f167dc40a4c321ad2e8cd4afd6212d55a40d,2063100.0,BA,0.3394375941975019,0.8689909433314484,154.0,138.60416666666666,0.53,0.17586,298.0,972.0,1.0,3629.96,3629.96,1.0,1.0,0.0,0.0,81.0,1.0,Baixo Risco
13d19b1ea41a7808d8b8074aef519d3f8235c5f019b7aff6c30f8ead66f233ae,4729699.0,SC,0.7671462577454599,0.9364123973550356,857.0,102.9375,0.89,0.0,966.0,988.0,0.0,0.0,0.0,0.0,0.0,0.0,0.0,0.0,1.0,Baixo Risco
f741c92a8fd9a59d61ad1e7917d70a4d2bdd75e967cdebe7357f84cc408bddfd,4120400.0,ES,0.924459493805521,0.5730544490516526,695.0,116.44117647058825,0.95,0.00898,949.0,987.0,0.0,0.0,0.0,0.0,0.0,0.0,0.0,0.0,1.0,Baixo Risco
402da36e8e1eb2a9576f0302170a3a573dfc7c37211f31e36df0330d1d7d862b,4711302.0,RJ,0.98307307032819,0.8530041727895563,960.0,214.45263157894735,0.97,0.01321,980.0,989.0,0.0,0.0,0.0,0.0,0.0,0.0,0.0,0.0,1.0,Baixo Risco
132298dddf33eb6f3e8b36e63b16e0c9e3182e8cfa2b8e7c9f7ccda774bedac1,4711302.0,RJ,0.9909921736732248,0.8530041727895563,965.0,219.37777777777777,0.97,0.02526,981.0,987.0,0.0,0.0,0.0,0.0,0.0,0.0,0.0,0.0,1.0,Baixo Risco
729b4c6d7b3007c6427f6a637c3ceefc8f4014346f4b57815782bbf933305553,3839499.0,SP,0.5739411380474629,0.8684511132501721,359.0,185.16666666666663,0.72,0.0,236.0,926.0,4.0,12594.2,12594.2,0.0,0.0,0.0,0.0,28.0,1.0,Baixo Risco
b463675eda54713a0082866ca9bdb471d620bea82e5ba6afff71481c74b873f2,2391503.0,TO,0.990940421151164,0.8530041727895563,417.0,33.0,0.78,0.06331,367.0,977.0,0.0,0.0,0.0,0.0,0.0,0.0,0.0,0.0,1.0,Baixo Risco
c7ddc7f1a4e7b15384517cf33e0e4f49826f2a8fc7ef1743edb597faa4e5e60c,4761003.0,RS,0.4139409992157251,0.8530041727895563,159.0,52.216110019646365,0.57,0.11322,630.0,988.0,0.0,0.0,0.0,0.0,0.0,0.0,0.0,0.0,1.0,Baixo Risco
49fde4a6e86eb270a0291a803354902e6672187356e847413cfa3298d8e92e4e,4691500.0,SP,0.972267258703036,0.9298641048668976,945.0,225.77586206896552,0.96,0.01415,981.0,988.0,0.0,0.0,0.0,0.0,0.0,0.0,0.0,0.0,1.0,Baixo Risco
d87e69138920cf0e8bf4c73cc4d02c9689f3e2bedccb70cfbd6c4ca5c9c06fa4,4771701.0,PR,0.9653432512011232,0.8530041727895563,928.0,177.47619047619048,0.97,0.09629,975.0,989.0,0.0,0.0,0.0,0.0,0.0,0.0,0.0,0.0,1.0,Baixo Risco
c597d3bb1d2a0eb47d0c3d7dbe312a47e11c4c0f812218cf279a6c8cf380fdcc,4649499.0,SP,0.9602050220877676,0.6272165082287464,914.0,270.1428571428572,0.78,0.0,891.0,987.0,5.0,8525.0,8525.0,0.4,0.4,0.0,0.0,37.8,1.0,Baixo Risco
81886f3c9d464e084752b1c9cc951c3c0ca0917cfd3df0fd44e46cd908d63062,2833000.0,Sem Info,0.8374938100874685,0.996460377002916,944.0,228.83516483516485,0.92,0.0,977.0,988.0,1.0,97.9,97.9,0.0,0.0,0.0,0.0,112.0,1.0,Baixo Risco
2514ba724744428e8eff9b517ca2de3fda2d9de7b81d9e8b31bbd04a97775974,4729699.0,MT,0.8697128968749491,0.7616009408125878,425.0,137.93333333333334,0.81,0.06053,908.0,988.0,0.0,0.0,0.0,0.0,0.0,0.0,0.0,0.0,1.0,Baixo Risco
0074bf39b9ce8514fe4b5f1ee4e8415d975219377250713826b339866b979708,4731800.0,RN,0.9647608957230508,0.8655533811109574,910.0,259.7878787878788,0.89,0.00512,978.0,988.0,0.0,0.0,0.0,0.0,0.0,0.0,0.0,0.0,1.0,Baixo Risco
71521a25c7971b871ae96e1858f055ced3eb791c6dcaf53df966efa7d577103b,4771701.0,PR,0.6284990077983047,0.8530041727895563,517.0,118.01176470588236,0.9,0.11437,189.0,981.0,0.0,0.0,0.0,0.0,0.0,0.0,0.0,0.0,1.0,Baixo Risco
3755e582f83937c6616b74680703b5bfe66e1f5be0feff54907a33eb3f856cf0,1081302.0,Sem Info,0.1674277900425339,0.757406298069191,562.0,122.88888888888889,0.68,0.24616,654.0,980.0,1.0,6074.52,6074.52,0.0,0.0,0.0,0.0,28.0,1.0,Baixo Risco
53a9a1e40a1a05aaf4e1a94c9df7c9258fd9cd86fa3ffe22edea820efc55e76a,4771701.0,SP,0.957504648337316,0.8530041727895563,953.0,252.23076923076923,0.99,0.00133,967.0,989.0,0.0,0.0,0.0,0.0,0.0,0.0,0.0,0.0,1.0,Baixo Risco
53bb80b87b135adc633166d55225e694a6a93ecf3226822d3ebd3552e4896445,4789099.0,SP,0.8061406548234775,0.05,753.0,107.08333333333331,0.87,0.07203,704.0,986.0,2.0,30475.0,30475.0,0.0,0.0,0.0,0.0,50.5,1.0,Baixo Risco
0cdba6f39da923d440ed9dff14e4f350672875217f43b6e2a0dce0fc10249239,5222200.0,MG,0.8890423394173164,0.8530041727895563,775.0,178.32258064516128,0.86,0.01683,974.0,988.0,0.0,0.0,0.0,0.0,0.0,0.0,0.0,0.0,1.0,Baixo Risco
2c62dbb2372073f626cc91870e5f9c05ba748fd1de6c4a9410f4665185a16631,4742300.0,SC,0.946138233392232,0.9453575265159656,963.0,238.5,0.97,0.0,980.0,989.0,0.0,0.0,0.0,0.0,0.0,0.0,0.0,0.0,1.0,Baixo Risco
05b92b259b03b5b889cd96c43474f981b081cfcd02015b7b137caef07551c712,4619200.0,RJ,0.9068605331673792,0.8530041727895563,887.0,124.17857142857144,0.92,0.01233,981.0,989.0,2.0,7313.3,4176.95,1.5,0.5,0.5,3136.3500000000004,39.0,1.0,Baixo Risco
85b2a93a89c692ea1e3dbd113736710ae54ffc7d0a7920a4e1c3d57df49d2f39,1013901.0,DF,0.8966071665817523,0.9383383310701272,937.0,210.61111111111111,0.93,0.321,977.0,988.0,0.0,0.0,0.0,0.0,0.0,0.0,0.0,0.0,1.0,Baixo Risco
c5225d8c0d5973f5d2a1498ea8240ce69faf6c1262d0a7b9719dbe2b555b98f5,4759899.0,MG,0.944016953230924,1.0,773.0,191.7826086956522,0.96,0.0,978.0,989.0,0.0,0.0,0.0,0.0,0.0,0.0,0.0,0.0,1.0,Baixo Risco
32228fda2dddf8cd68a0e8c285da0c4f859cd3859d6b694ec68afcd188f9eb1a,1323500.0,SC,0.9799505805962404,1.0,931.0,209.46153846153845,0.95,0.00322,978.0,987.0,2.0,16442.5,16442.5,0.0,0.0,0.0,0.0,30.0,1.0,Baixo Risco
bfa8b6030857fec7f22ff87db1b53224a65c0e8f7380fc743f049294454fd610,4781400.0,RS,0.8290156352999279,0.8530041727895563,830.0,72.6,0.93,0.0,960.0,988.0,0.0,0.0,0.0,0.0,0.0,0.0,0.0,0.0,1.0,Baixo Risco
2872ea2a1896aafd315f5d7120a92590064a4c9cd4e498d0d4836036d5cc8fe4,4771701.0,PR,0.9404648195839462,0.8530041727895563,894.0,200.4081632653061,0.96,0.08035,883.0,985.0,0.0,0.0,0.0,0.0,0.0,0.0,0.0,0.0,1.0,Baixo Risco
bfb1453e286b638fba2aca28d0c9ba4be18c117cdd93e617c19053494b704d1d,4789005.0,SC,0.2145858114710909,0.8530041727895563,183.0,98.43589743589745,0.74,0.09753,43.0,802.0,0.0,0.0,0.0,0.0,0.0,0.0,0.0,0.0,1.0,Baixo Risco
eb2a6f45ae322c93939cc8992e64ad4c3059e8b2fdaff24000d64fa8e40ac94b,4930202.0,SC,0.4517231723192043,0.8957692006221059,615.0,148.32628398791542,0.87,0.39263,242.0,955.0,20.0,6197.5199999999995,6294.24,1.95,0.6,0.0,-96.72000000000016,18.2,1.0,Baixo Risco
3819bf3f7c2744955330752b3cb803aa01b911c067626d7640b433f053dbab36,4781400.0,PR,0.9955461803464593,0.8530041727895563,949.0,27.0,0.85,0.0,934.0,988.0,0.0,0.0,0.0,0.0,0.0,0.0,0.0,0.0,1.0,Baixo Risco
df2f9f17a50be6c320f3d6a9aeb106a091ea1c2683f2797a5579ed1ae98eb9af,5510802.0,MG,0.3525123269069393,0.8530041727895563,700.0,183.66666666666663,0.58,0.0,755.0,956.0,0.0,0.0,0.0,0.0,0.0,0.0,0.0,0.0,1.0,Baixo Risco
6c29e337a603a9f3795606ccaffc41e353cf1d474d2b59336fa5ecda44bfbdfc,1032599.0,SP,0.9529214823023848,0.9287778110340328,957.0,199.5494505494505,0.93,0.01512,981.0,989.0,0.0,0.0,0.0,0.0,0.0,0.0,0.0,0.0,1.0,Baixo Risco
4ef38aa94c0d930a1e373245c41eb2bb60de2c504073a4d7a80cdde29b719a6f,4712100.0,GO,0.9294522956472372,0.8530041727895563,932.0,165.75,0.97,0.17175,964.0,989.0,0.0,0.0,0.0,0.0,0.0,0.0,0.0,0.0,1.0,Baixo Risco
d5e9f44012b9fd47fb98fa8c908bdf1d09109a2feaad4c0a1e481f8310cdc922,6470101.0,SP,0.9058423487565384,0.3912075482288222,571.0,0.0,0.93,0.0,542.0,698.0,1.0,951590.45,951590.45,0.0,0.0,0.0,0.0,3.0,1.0,Baixo Risco
be8aa9eabf31589feae6f52f82590adc1f735755a00ae11450d8444523120a73,1731100.0,SP,0.9058423487565384,0.875707447783817,94.0,0.0,0.93,0.0,262.0,436.0,2.0,728.4,368.4,1.0,0.5,0.0,360.0,12.5,1.0,Baixo Risco
733c9aa72e3554b8f0b1df417a9d1ab8981fee8233dca1d8ea57d67c51e945b8,1066000.0,SP,0.8531442517132328,0.9152022549644782,958.0,266.20414201183434,0.93,0.03869,981.0,989.0,0.0,0.0,0.0,0.0,0.0,0.0,0.0,0.0,1.0,Baixo Risco
63377002229ca363cbd36bbd242d63f2a716bd8259d88ae9219d8e7718fe2626,2349499.0,SP,0.8558674153523794,0.6689255361890781,870.0,155.6,0.89,0.12618,959.0,988.0,1.0,461.6,485.68,5.0,1.0,0.0,-24.079999999999984,65.0,1.0,Baixo Risco
574d294f1c58190bbf88598619662b5c40dc4273f8f14b6d405386dad497d015,1099699.0,Sem Info,0.7482761220643613,0.8530041727895563,635.0,16.0,0.84,0.5,792.0,981.0,2.0,836.72,842.28,2.0,0.5,0.0,-5.560000000000002,27.5,1.0,Baixo Risco
33a3765a153018b006f59cee3ada47b6128160dcf4399b37e67271ce0c4fa58f,4530701.0,MG,1.0,0.8530041727895563,936.0,363.0,0.83,0.0,832.0,980.0,2.0,7080.71,7080.71,0.0,0.0,0.0,0.0,26.0,1.0,Baixo Risco
07080af9b6e6508cf04463b57656a8a7f51255c0bc4364c2f08c6796bb407a1b,4712100.0,SP,0.96167144911607,0.8530041727895563,953.0,227.8,0.98,0.0,978.0,989.0,0.0,0.0,0.0,0.0,0.0,0.0,0.0,0.0,1.0,Baixo Risco
11cfef4a786d6a2105c4e5ae75a3125649ba9b530113e59bc65a8b722760e96a,4771701.0,PR,0.8552734335019874,0.8530041727895563,941.0,232.6,0.98,0.05227,971.0,988.0,0.0,0.0,0.0,0.0,0.0,0.0,0.0,0.0,1.0,Baixo Risco
ef1d431b1e781ef2807e9c9ab8503f349790d070c2a65b47bf1fd3b453bec836,4672900.0,MG,0.9165982407361511,0.939814612853326,941.0,193.11428571428573,0.94,0.11971,972.0,987.0,0.0,0.0,0.0,0.0,0.0,0.0,0.0,0.0,1.0,Baixo Risco
55387c1d7fa789e27ea9d7456f7dda9b38d1d58f4d69bb365f868e82d704b685,4744001.0,SP,0.9155278346417232,0.9664342809529668,936.0,146.75,0.94,0.0,967.0,988.0,0.0,0.0,0.0,0.0,0.0,0.0,0.0,0.0,1.0,Baixo Risco
bf048b0850fda2a787ebbc53d735939c0df70eee0e8a0b3a3281c9ad5f281bba,1093701.0,SP,0.7298040859539957,0.7640544010304836,873.0,67.4,0.89,0.14779,976.0,989.0,0.0,0.0,0.0,0.0,0.0,0.0,0.0,0.0,1.0,Baixo Risco
b6c76a8f8eabf886c5cb70522aa8af6fb00a7bd1c39f846bb4c80395753b7ed8,1412601.0,SP,0.7708918954657688,0.8136976332897157,899.0,186.84,0.94,0.04755,969.0,988.0,0.0,0.0,0.0,0.0,0.0,0.0,0.0,0.0,1.0,Baixo Risco
e9c4235a7006a4a073959e905008616dce280bb0f00ec82bcd1f609e4945d1c8,4781400.0,SP,0.960058834183884,0.8530041727895563,933.0,221.1290322580645,0.95,0.05023,970.0,989.0,0.0,0.0,0.0,0.0,0.0,0.0,0.0,0.0,1.0,Baixo Risco
c3ebbb595617454a63d979a852287594ee5dc9f95ae5a53605490c91fec76192,4644301.0,PR,0.8922203456839498,0.8530041727895563,813.0,0.0,0.95,0.0,963.0,986.0,0.0,0.0,0.0,0.0,0.0,0.0,0.0,0.0,1.0,Baixo Risco
494f3789d71cd2ebec486b92b0f5119d46350b38ab563641a3990811c843e60b,4530705.0,SP,0.9978240835014696,0.9055363169188936,924.0,189.7333333333333,0.93,0.0,976.0,989.0,0.0,0.0,0.0,0.0,0.0,0.0,0.0,0.0,1.0,Baixo Risco
380c3ff0599edee8b3ddaf7388ffba12c4fe878fbce20c7b0986490d9e9e3f73,4771701.0,PR,0.8255877853600205,1.0,888.0,61.833333333333336,0.98,0.11212,976.0,989.0,0.0,0.0,0.0,0.0,0.0,0.0,0.0,0.0,1.0,Baixo Risco
4f58e0ce77f45ea8dac6700a71a1f76fffe1cde51aae86a119d5eacc8619060f,6470101.0,Sem Info,0.05,0.632599925155464,536.0,0.0,0.5,0.0,391.0,548.0,3.0,1185394.3599999999,1185394.3599999999,0.0,0.0,0.0,0.0,9.333333333333334,1.0,Baixo Risco
b0fd984766c98660c66a3d3964351056038743850bca02755a033fb738d9c678,2451200.0,Sem Info,0.4272727603081775,0.7673476098502813,378.0,113.33727810650888,0.69,0.112,80.0,977.0,1.0,48898.44,48898.44,2.0,1.0,0.0,0.0,62.0,1.0,Baixo Risco
08d6cf213cd596bc02e23ef006c55cdd6506461b6515cfaafbee888fbf60d506,810099.0,Sem Info,0.6515942646783347,0.6487119232001091,574.0,79.61538461538461,0.95,0.01635,712.0,981.0,5.0,5549.76,0.0,31.8,1.0,0.0,5549.76,58.0,1.0,Baixo Risco
381b6e36d4400b90b291faaf4b8ca541a866dfa2ba779e9750da1521de1ed043,4781400.0,GO,0.9055862918329828,0.8530041727895563,934.0,195.65,0.99,0.10897,967.0,985.0,0.0,0.0,0.0,0.0,0.0,0.0,0.0,0.0,1.0,Baixo Risco
e0fd1ff71ae9899037dab742647efc2d5a883d62fc0d88e5218aa2f435e0d7ae,4635499.0,SP,0.05,0.5948760112103973,78.0,85.61538461538461,0.45,0.14102,51.0,785.0,1.0,1867.4,1867.4,2.0,1.0,0.0,0.0,24.0,1.0,Baixo Risco
f1654fef7c3de33aa051a8b3340bf39da1a55f54615488a55a7fda7b35e5bec5,4646001.0,Sem Info,0.4540056739274882,0.910916839833602,202.0,98.05263157894736,0.66,0.09331,151.0,976.0,1.0,146.46,0.0,68.0,1.0,0.0,146.46,97.0,1.0,Baixo Risco
054ffabbbac7fd9c2766f154264fa0a235c999041d36d77637df9839f0f53c8a,2821601.0,SP,0.9742043045072708,0.87478858724558,953.0,210.5581395348837,0.95,0.00247,981.0,988.0,0.0,0.0,0.0,0.0,0.0,0.0,0.0,0.0,1.0,Baixo Risco
b685dd74494ba242b2d4197e81c12f500e534407475858e19dfced854efd75f5,1340502.0,Sem Info,0.8524544374214671,0.988566393493311,847.0,183.31506849315068,0.94,0.08694,979.0,984.0,16.0,46272.57,46272.57,0.0,0.0,0.0,0.0,55.6875,1.0,Baixo Risco
41b8e7401f65942f62f515282df7417da7dbb78d4f7045f658cae9c0486fe60a,1412601.0,SP,0.7271856813749815,0.918887595252847,839.0,82.4059405940594,0.96,0.16018,982.0,988.0,0.0,0.0,0.0,0.0,0.0,0.0,0.0,0.0,1.0,Baixo Risco
13d4ee0b6c9e3239f96788af8d75e620c5572f1fba3ca01f7dfb809cbba0e94e,4711302.0,MG,0.9106028831113654,0.2740282610479266,918.0,197.96875,0.95,0.05275,978.0,989.0,0.0,0.0,0.0,0.0,0.0,0.0,0.0,0.0,1.0,Baixo Risco
ec76c723ae3c87630c297ba248b16d62ff0d5afd29ecfb71ac8dd048246cfa22,4771701.0,PR,0.9260417932466796,0.8530041727895563,961.0,268.375,0.95,0.30461,970.0,989.0,0.0,0.0,0.0,0.0,0.0,0.0,0.0,0.0,1.0,Baixo Risco
ec09bac25dbca55cbc9dba6bac6bc72a9feb455ecf6eae675e4c8a6e3a8cd4ef,4782201.0,SP,1.0,0.8530041727895563,952.0,259.6,0.97,0.0,972.0,989.0,0.0,0.0,0.0,0.0,0.0,0.0,0.0,0.0,1.0,Baixo Risco
36dd44d53b525f3d827819797cde8974f961c4c9d413c4eb64f5a0b87fc8fa70,2211100.0,SP,0.2762899706638612,0.8530041727895563,80.0,108.72853185595568,0.3,0.14601,104.0,986.0,0.0,0.0,0.0,0.0,0.0,0.0,0.0,0.0,1.0,Baixo Risco
a8d62856bf3f50189c0bfda1427a9e5f7ec16bb38253b3348de7cb6dc110b4ba,1359600.0,SP,0.9412238863897924,0.8530041727895563,929.0,186.72727272727272,0.94,0.00226,982.0,988.0,0.0,0.0,0.0,0.0,0.0,0.0,0.0,0.0,1.0,Baixo Risco
dfbf4a2e56e8fd764e943162f4d6ea63defc731511360faa97390acb9b2b7a86,4759899.0,RS,0.977727211863347,0.8530041727895563,966.0,189.33333333333331,0.96,0.24807,983.0,989.0,0.0,0.0,0.0,0.0,0.0,0.0,0.0,0.0,1.0,Baixo Risco
cace7d064088f86741be40bf2fa0aee0afcc668206187242cc47db62645384fe,3101200.0,SP,0.9881424737823666,0.8026849313495042,936.0,232.5438596491228,0.97,0.0,979.0,987.0,2.0,827.26,827.26,0.5,0.5,0.0,0.0,87.0,1.0,Baixo Risco
29c7a28fa700ef213c5817fb14d9255c793273cc0d511ce967ffca8d5f549be5,1621800.0,RJ,0.7509001948856742,0.9417876894130583,502.0,135.94017094017093,0.75,0.0051,918.0,988.0,2.0,10230.74,10230.74,0.0,0.0,0.0,0.0,35.0,1.0,Baixo Risco
16540a5b5c59fbf03ebbcd8bd730b7bc0ea92647ad5cef9680ff7b1be906bccc,4771701.0,SP,0.995777556876271,0.8530041727895563,945.0,256.82758620689657,0.97,0.04549,980.0,988.0,0.0,0.0,0.0,0.0,0.0,0.0,0.0,0.0,1.0,Baixo Risco
e7db4c18ce7ee2f04d8d8778e37f99944d6acf143c587b7131a3f253815ab79e,4729699.0,SP,0.9943904481853824,0.8530041727895563,941.0,189.27272727272728,0.93,0.0,981.0,989.0,0.0,0.0,0.0,0.0,0.0,0.0,0.0,0.0,1.0,Baixo Risco
36cd2d4bc327702d87d18e5760e3679904a4f3de2b5071bfc09e9b88a4d2c25a,4742300.0,SC,0.988282071856832,0.2162627109451742,879.0,228.8,0.97,0.0,970.0,988.0,0.0,0.0,0.0,0.0,0.0,0.0,0.0,0.0,1.0,Baixo Risco
a49bb3fc6832ac91bcc393d82625a182d27a6117a8806031a0030c56effc88be,1321900.0,RJ,0.9067517749774966,0.8636355581174469,717.0,90.09322033898304,0.85,0.02755,961.0,989.0,24.0,161685.16999999998,154087.99,1.6666666666666667,0.20833333333333334,0.041666666666666664,7597.179999999999,56.708333333333336,1.0,Baixo Risco
016bc7520c2e8543ece5710ac647cf221ec099491b078eec5699473b9143921d,4789099.0,MS,0.9948032115305772,0.805428143139749,935.0,228.8709677419355,0.98,0.01762,976.0,988.0,0.0,0.0,0.0,0.0,0.0,0.0,0.0,0.0,1.0,Baixo Risco
93fca5a77687c444197d193547529b7d4c58d7c06dfa0a5f66130ffadd83d5ab,4781400.0,SP,0.8045454052588148,0.8530041727895563,893.0,209.33333333333331,0.87,0.0,978.0,986.0,0.0,0.0,0.0,0.0,0.0,0.0,0.0,0.0,1.0,Baixo Risco
cd359941ea85dfbdd6489c9a96541e532127365d1eb7675c3f4f380b8f871adc,4530701.0,SP,0.9822727776830432,0.909387808919981,958.0,234.7924528301887,0.98,0.00269,978.0,988.0,0.0,0.0,0.0,0.0,0.0,0.0,0.0,0.0,1.0,Baixo Risco
25a9554c72d60fc3ae932907762049e92491b22ffc0b0b3b16f90244e1f43769,1099699.0,SP,0.9869494474973496,0.8567689645455769,902.0,170.75,0.93,0.02511,980.0,988.0,0.0,0.0,0.0,0.0,0.0,0.0,0.0,0.0,1.0,Baixo Risco
c020f612c75abfd7915f28168471d10f37f793ea30f8e2113412e2ed6685c017,1741902.0,SP,0.9958684788093104,0.9087819220657948,931.0,191.75,0.96,0.0,942.0,983.0,0.0,0.0,0.0,0.0,0.0,0.0,0.0,0.0,1.0,Baixo Risco
5d94bf1359ce7bcc6600571d70e991ba32d280da942a4838c42cad636f9038ca,1052000.0,RS,0.984846386101025,0.9424392809650088,960.0,253.16666666666663,0.97,0.02605,980.0,989.0,0.0,0.0,0.0,0.0,0.0,0.0,0.0,0.0,1.0,Baixo Risco
a9a18965365c1d71ffc23b013b91e7bbb1a9d1a315a998d064c435508d087569,4781400.0,RS,0.6601091125219709,0.05,406.0,243.14285714285717,0.87,0.0,737.0,981.0,0.0,0.0,0.0,0.0,0.0,0.0,0.0,0.0,1.0,Baixo Risco
2c76896b75ff34c042c69840e626f140687b5dda91a680deb22f8ffe2359be8e,4761001.0,MG,0.997258027656232,0.8530041727895563,953.0,308.07142857142856,0.97,0.0,979.0,989.0,0.0,0.0,0.0,0.0,0.0,0.0,0.0,0.0,1.0,Baixo Risco
afe4173f55c76114135e9c4c3768e131fc193ae86ec86401a69d8d051b9325f2,2212900.0,SP,0.8840612089457128,0.8730785310706568,948.0,213.7560975609756,0.97,0.02593,978.0,989.0,0.0,0.0,0.0,0.0,0.0,0.0,0.0,0.0,1.0,Baixo Risco
4a48f0e13860d8ae857127e53f23c24cbd1b28eb662acf2aa595d9aaca6866f2,1051100.0,Sem Info,0.05,0.9832325484131268,432.0,40.86206896551724,0.76,0.00974,943.0,980.0,1.0,1933.34,1933.34,0.0,0.0,0.0,0.0,28.0,1.0,Baixo Risco
1bcb7c082b72853461e400fabd3c8a881fcf7af2a57f144ffa1f321e577823d8,4637199.0,RS,0.9712132500414472,0.8361572841844903,965.0,255.4,0.97,0.01823,978.0,988.0,0.0,0.0,0.0,0.0,0.0,0.0,0.0,0.0,1.0,Baixo Risco
04a1a6d846aeaee038910b10ae377608ff0847f452d8748e12ca2248e9708422,4744003.0,SP,0.9215992508390662,0.9031277522173048,951.0,190.0,0.95,0.0,968.0,989.0,0.0,0.0,0.0,0.0,0.0,0.0,0.0,0.0,1.0,Baixo Risco
dd4f1fe324490feaa864e68e52bb47a803316d0808c6d318df541cdbe7827425,4623109.0,RJ,0.955801180131596,0.8594328053617368,556.0,70.39285714285714,0.72,0.01564,782.0,984.0,3.0,5232.84,3868.37,0.3333333333333333,0.3333333333333333,0.0,1364.47,44.0,1.0,Baixo Risco
fcdcaca89a3f6840d32bd6f81cf8c8c7cc7baf98a9fa60f24ac6bad47fdea384,4711302.0,PR,0.9845243463157902,0.8530041727895563,960.0,230.03614457831324,0.97,0.01231,983.0,989.0,0.0,0.0,0.0,0.0,0.0,0.0,0.0,0.0,1.0,Baixo Risco
bccfd799845e1ecfb985f23a0a968540a75b6dcded629d06e225b5bacb26c764,1922599.0,PR,0.9494941961584954,0.9876018629387158,936.0,212.05882352941177,0.93,0.0093,974.0,989.0,0.0,0.0,0.0,0.0,0.0,0.0,0.0,0.0,1.0,Baixo Risco
a3c2ddf0bf065fdc52c6edb16ac23d756e9e96e1623fc9f5ecbacd66b6e151a9,4771701.0,PR,0.8349087237163694,0.8530041727895563,849.0,104.54545454545456,0.92,0.44229,722.0,985.0,0.0,0.0,0.0,0.0,0.0,0.0,0.0,0.0,1.0,Baixo Risco
11a15501ccfee758247cc4b46b053901542647749ab7934a612c51f0e6760e6a,4789004.0,Sem Info,0.8251501049699033,0.8530041727895563,537.0,128.88888888888889,0.67,0.04566,800.0,979.0,0.0,0.0,0.0,0.0,0.0,0.0,0.0,0.0,1.0,Baixo Risco
d3f5bbb087b5ac9d0f223c6b04af0d45ddf3cbbd8b60b95499a2f9017853d5cf,4744099.0,SC,0.91691776688285,0.7259530009658534,868.0,236.80645161290323,0.94,0.09076,884.0,985.0,0.0,0.0,0.0,0.0,0.0,0.0,0.0,0.0,1.0,Baixo Risco
63685f2e3d41d4717b6e8d24f2d08359898d6c3065f04e04b5906271f0e4c97f,1413401.0,PR,0.8622557632286775,0.6677384207315361,854.0,204.6,0.94,0.0,963.0,989.0,0.0,0.0,0.0,0.0,0.0,0.0,0.0,0.0,1.0,Baixo Risco
08abf08ad5659dc537ad69fe91b4203882322d90a26e704be0addb3e6013a95e,2212900.0,PR,0.7248558371098541,0.7933154944357524,359.0,102.64492753623188,0.77,0.13336,144.0,976.0,0.0,0.0,0.0,0.0,0.0,0.0,0.0,0.0,1.0,Baixo Risco
c2fa32cdcf4c6c1229a72cbd9cd31d56b627e7aef24ce6a880cf5064af659767,1731100.0,SC,0.8442921560126793,0.9503421600824028,953.0,218.22222222222223,0.96,0.11874,969.0,989.0,1.0,7672.57,7672.57,0.0,0.0,0.0,0.0,45.0,1.0,Baixo Risco
e9e465fd7f145cdec748d184d2baf8a88caf85f7be4ed44c0ecb885f2c616813,2869100.0,SC,0.8624971075581385,0.348831139055814,955.0,250.6086956521739,0.93,0.01185,981.0,988.0,0.0,0.0,0.0,0.0,0.0,0.0,0.0,0.0,1.0,Baixo Risco
ee8998bf7727e55f9994a252113e10e346c5e43469c62c9ee9a2f66f9eff4e6b,2941700.0,SC,0.946954011759214,0.8530041727895563,952.0,181.41176470588235,0.95,0.00382,979.0,989.0,0.0,0.0,0.0,0.0,0.0,0.0,0.0,0.0,1.0,Baixo Risco
d756180faf501401f5eedd1a6d3fd109673022aa113cc7899ad8fee9986a9748,4781400.0,BA,0.9714662665197776,0.8530041727895563,952.0,183.66666666666663,0.9,0.39266,974.0,987.0,0.0,0.0,0.0,0.0,0.0,0.0,0.0,0.0,1.0,Baixo Risco
1925cb172b518ec24a62d3cd98188f5129edf115b5e0f25411aaf447e0bc87fd,4789099.0,Sem Info,0.7956994354440852,0.952947576327081,924.0,185.01869158878503,0.95,0.02497,978.0,988.0,0.0,0.0,0.0,0.0,0.0,0.0,0.0,0.0,1.0,Baixo Risco
6e885a722cbd83522cfb4bbcec7fb3cbde6cc3486aa3835f70db31bfa4103b45,4771701.0,PR,0.9849775289973588,0.8530041727895563,964.0,231.925,1.0,0.0,982.0,986.0,0.0,0.0,0.0,0.0,0.0,0.0,0.0,0.0,1.0,Baixo Risco
39d72b6047f3573ac1407bfc2436ded8b635e84cc56aaa96a5d16db3facf0cf2,4712100.0,PR,0.9693254780857544,0.8530041727895563,952.0,206.77777777777777,0.96,0.0,961.0,988.0,0.0,0.0,0.0,0.0,0.0,0.0,0.0,0.0,1.0,Baixo Risco
ee10ebd7ea1f96f0e42f2457279a6d53a2d87bf1704436c5eed7714f2f007d88,4761003.0,RS,0.958163195135162,0.8530041727895563,952.0,237.08333333333331,0.98,0.08434,977.0,989.0,0.0,0.0,0.0,0.0,0.0,0.0,0.0,0.0,1.0,Baixo Risco
1f95b7fd02c3190350882b1ffa5aad21573f5e068ea65be1ac49c6967388fd26,4754701.0,SC,0.9210180338908592,0.539568345323741,902.0,85.4,0.89,0.09147,967.0,989.0,0.0,0.0,0.0,0.0,0.0,0.0,0.0,0.0,1.0,Baixo Risco
ccc198d90c1d194c05f1806bac631648e89c28d5f2e4560b3e7bc96324cbe06e,1340599.0,RS,0.2090185350689872,0.9844511152552358,129.0,110.7741935483871,0.47,0.22816,46.0,943.0,1.0,9191.18,9191.18,0.0,0.0,0.0,0.0,28.0,1.0,Baixo Risco
cb03d13565cf2438dd32382f28c7932d7f408d2796b9c562f4ffadb3a64e2602,4781400.0,RS,0.8755281248585223,0.8530041727895563,939.0,195.1818181818182,0.97,0.12923,982.0,986.0,0.0,0.0,0.0,0.0,0.0,0.0,0.0,0.0,1.0,Baixo Risco
10086e5a7b2a65f4d9ff4d2941545c8086643a2425fce640a506ff24a1bb483c,4530701.0,PR,0.6971773234043068,0.8462825021022911,883.0,94.57575757575758,0.88,0.21042,970.0,988.0,0.0,0.0,0.0,0.0,0.0,0.0,0.0,0.0,1.0,Baixo Risco
8c23d337089758669ac5bcae24f3ca8d22259226503def494b3e537c51742642,4771701.0,SP,0.9765249282797848,0.8530041727895563,942.0,206.4712643678161,0.98,0.07601,965.0,987.0,0.0,0.0,0.0,0.0,0.0,0.0,0.0,0.0,1.0,Baixo Risco
2f2b06d6871e0d89dc944b00c67ffa592490348c485bbcae7aa42bc873505aa1,4639701.0,BA,0.8479684726032327,0.8530041727895563,916.0,154.78125,0.95,0.21796,981.0,988.0,0.0,0.0,0.0,0.0,0.0,0.0,0.0,0.0,1.0,Baixo Risco
c72777b07794c690618c244b732383a70028c1b39a94b446981f1ac9e59c7025,4781400.0,PI,0.9931261944171996,0.8530041727895563,954.0,256.0740740740741,0.97,0.0,974.0,988.0,0.0,0.0,0.0,0.0,0.0,0.0,0.0,0.0,1.0,Baixo Risco
4ed71dbeccb528df6ba416eba0ad80040247ad217605d8877fa73e3ed62f5ec7,2949299.0,RS,0.9537965274453746,1.0,950.0,195.8571428571429,0.91,0.0,981.0,989.0,4.0,12795.82,12795.82,0.0,0.0,0.0,0.0,33.0,1.0,Baixo Risco
8a0efb1bbab6d63873e29612b0eb0f60191fec9d25f93b5cca7aef505f34c010,2930102.0,RS,0.8722543916845431,0.9026694638639228,958.0,231.15766738660903,0.95,0.45985,980.0,989.0,0.0,0.0,0.0,0.0,0.0,0.0,0.0,0.0,1.0,Baixo Risco
7bd255c4e141c1db246778b8086cf099e9d60028a2c68e2442e7735404c84340,4771704.0,RS,0.9355182924507934,0.8530041727895563,861.0,227.2142857142857,0.97,0.13808,961.0,986.0,0.0,0.0,0.0,0.0,0.0,0.0,0.0,0.0,1.0,Baixo Risco
bceb0d632eaaa8d47be3d7e8bd91ea4ecdb911ba37171fe4ad93af6972f32547,1091101.0,RS,0.9792824161316244,0.8530041727895563,958.0,195.68,0.95,0.00902,982.0,988.0,0.0,0.0,0.0,0.0,0.0,0.0,0.0,0.0,1.0,Baixo Risco
6e3eeb305a60ecf271ad9e412ee6fb36238e32118c1c9cd6707a8c49bce956ab,4781400.0,PE,0.9429554994995396,0.8530041727895563,923.0,278.7142857142857,0.88,0.0,953.0,988.0,0.0,0.0,0.0,0.0,0.0,0.0,0.0,0.0,1.0,Baixo Risco
3054dfbabddaae322d6597e3ccabc37b221ca419ed3fee9a17e703b60f3e36b4,4713004.0,BA,0.9795595403038962,0.8530041727895563,963.0,231.57142857142856,0.99,0.0,983.0,988.0,0.0,0.0,0.0,0.0,0.0,0.0,0.0,0.0,1.0,Baixo Risco
749f0f1863e06f75e6a3666fdb76e5950205452ef64a1d1cabf9eea50a7156a3,5510801.0,GO,0.9597962977086028,0.912530835416757,964.0,195.6578947368421,0.97,0.21905,980.0,989.0,0.0,0.0,0.0,0.0,0.0,0.0,0.0,0.0,1.0,Baixo Risco
d799e6f5675c1b1ee5b8f5caf48df441942e2f537ca7809de76710ef7ddaaea5,4771702.0,PR,0.9307819249932155,0.8530041727895563,931.0,219.0,0.93,0.0,977.0,989.0,0.0,0.0,0.0,0.0,0.0,0.0,0.0,0.0,1.0,Baixo Risco
00d088a48364e7781618e0ca042c6340c8168ed6cdf81d80a76d483c126cff6d,4679699.0,SC,0.9796132454985594,0.7784904547209422,965.0,224.0,0.96,0.05686,984.0,989.0,160.0,78773.9,79065.54,0.44375,0.14375,0.0,-291.64000000000027,45.16875,1.0,Baixo Risco
526ae4cd351ab085b2cd28891084050678754cd8f633f597ce0aaac2d42c89e3,4646001.0,MG,0.9751214360317328,1.0,850.0,227.33333333333331,0.72,0.0,844.0,984.0,2.0,759.0799999999999,761.78,3.5,1.0,0.0,-2.6999999999999886,65.0,1.0,Baixo Risco
7298297043cb872ac5bab7086ccad8e5743f7745a3eb3711a644bf8db9a08a86,1412601.0,SP,0.0667101196980835,1.0,333.0,91.83333333333331,0.74,0.00182,786.0,983.0,1.0,10634.0,10634.0,0.0,0.0,0.0,0.0,90.0,1.0,Baixo Risco
ebdff09240817075e63f116af7910d47516e1123eef810cf804ca370f74b97b1,4763602.0,PR,0.9929178973079844,1.0,923.0,203.23076923076923,0.96,0.0,974.0,989.0,0.0,0.0,0.0,0.0,0.0,0.0,0.0,0.0,1.0,Baixo Risco
e736162aebb06c7bf42bcee1a16feeb5f745d10493d70856f6e5cd54546d8445,8630501.0,SP,0.9435156887308046,0.8530041727895563,809.0,109.33333333333331,0.92,0.19964,959.0,987.0,0.0,0.0,0.0,0.0,0.0,0.0,0.0,0.0,1.0,Baixo Risco
dfa8910b2cb8cf229db4671bf32cbb5677b69a81f6bbb1f31192607790de5153,4530701.0,PE,0.9605956391430636,0.885701886834895,925.0,228.4883720930233,0.97,0.08152,976.0,987.0,0.0,0.0,0.0,0.0,0.0,0.0,0.0,0.0,1.0,Baixo Risco
5f97bb456e3f215fde66fe9b6641e0f6ad0deab7b011dfdff00b3ebfbdab07b0,4771701.0,Sem Info,0.9586159317479324,0.8530041727895563,929.0,212.21052631578948,0.95,0.0502,965.0,987.0,0.0,0.0,0.0,0.0,0.0,0.0,0.0,0.0,1.0,Baixo Risco
ac63a46cfac937ddd3faa51b00f11b90971350acc820cf8317c0722664051963,4731800.0,Sem Info,0.9975559570543542,0.5693148531791788,963.0,221.11764705882356,0.96,0.05874,979.0,989.0,0.0,0.0,0.0,0.0,0.0,0.0,0.0,0.0,1.0,Baixo Risco
0708050e8556436f5b38b1a738a3e1aee7071904f26f420e3a1d3eedf5e471f9,1099699.0,SP,0.9596580054007154,0.8609165214288819,957.0,224.8,0.95,0.0,981.0,989.0,0.0,0.0,0.0,0.0,0.0,0.0,0.0,0.0,1.0,Baixo Risco
9053a0ca335481de72de6cb636f2c626af59b1e81968249ef6b9fa40aff44099,4742300.0,SC,0.9752145959578428,0.632887934146191,951.0,215.8,0.95,0.0,983.0,989.0,0.0,0.0,0.0,0.0,0.0,0.0,0.0,0.0,1.0,Baixo Risco
19dec782ec9c2ef489f4865f766adaeea57007e759620463f1f35e90dbe9d88d,4685100.0,SP,0.4263821264995048,0.8438866023981496,949.0,292.0,0.91,0.0,985.0,989.0,1.0,1241.37,1241.37,0.0,0.0,0.0,0.0,28.0,1.0,Baixo Risco
3e7093ee5a97791a66322cdb1ce9dd2e91f648342f9509ecb4e8babfa99fd97f,4647802.0,SP,0.8617821803100879,0.609735613772052,950.0,91.33333333333331,0.9,0.0,962.0,987.0,0.0,0.0,0.0,0.0,0.0,0.0,0.0,0.0,1.0,Baixo Risco
932d9ad72b361d80977e6bb667355a5090776366a0ae984bf52252f3f6f0de12,4771701.0,PR,0.9986836532575916,0.8530041727895563,959.0,261.5882352941176,0.98,0.0,981.0,988.0,0.0,0.0,0.0,0.0,0.0,0.0,0.0,0.0,1.0,Baixo Risco
0b9fa198bbf1550b64616f9a118912a8bc6e3e4622aba9ef949d4fa2fcddba11,6470101.0,Sem Info,0.3178389783262093,0.7834407022523042,429.0,80.22222222222223,0.47,0.0,262.0,616.0,5.0,4294.71,4328.85,5.8,1.0,0.0,-34.13999999999987,52.6,1.0,Baixo Risco
aa083bcbd03dbd17285f8e0ddbd7add349aed8cd847eed18cbd3f43f3f8cebfb,6810202.0,PE,0.77348395773039,0.6999902151298657,902.0,153.1818181818182,0.84,0.03708,969.0,989.0,0.0,0.0,0.0,0.0,0.0,0.0,0.0,0.0,1.0,Baixo Risco
7b54097177b70122f162fa80dde1e959db393a30bec7bb43c8f1e153705361c6,2733300.0,SP,0.9827483265140856,0.9149911446684124,576.0,158.1,0.84,0.0,979.0,989.0,0.0,0.0,0.0,0.0,0.0,0.0,0.0,0.0,1.0,Baixo Risco
439fcabd3c62d90162b809b978aff0f9aa073c1caef91135d7820cfd82af7dfd,4110700.0,MG,0.5916117809184329,0.05,134.0,167.1969696969697,0.5,0.04941,61.0,853.0,1.0,43718.44,43718.44,2.0,1.0,0.0,0.0,1159.0,1.0,Baixo Risco
cc48c625b4a21e67067e7648f9db1e1d1fd7af4373dd0ce3cd1d3c0def998963,4771701.0,PR,0.9376678636834064,0.8530041727895563,929.0,179.08333333333334,0.95,0.05744,978.0,989.0,0.0,0.0,0.0,0.0,0.0,0.0,0.0,0.0,1.0,Baixo Risco
b7fbea8e056878e92d6a669d14929235fc707e49bf0ae6b8de3b264a4c96f365,4782201.0,MG,0.9883190206130616,0.8530041727895563,944.0,0.0,0.89,0.0,914.0,986.0,0.0,0.0,0.0,0.0,0.0,0.0,0.0,0.0,1.0,Baixo Risco
28b69a7a37df75f1158e7bf68c3794e9ae41f949af5d4c85dc93c565b21555b5,9602501.0,PE,0.9305124754737076,0.8530041727895563,927.0,228.25,1.0,0.0,944.0,985.0,0.0,0.0,0.0,0.0,0.0,0.0,0.0,0.0,1.0,Baixo Risco
1162dffc39ae9aea3e5236b60988cce4654aafb4a5587b67824525c8a77b70b0,4771701.0,PR,0.990104097154557,0.8530041727895563,933.0,243.66666666666663,0.98,0.0,986.0,989.0,0.0,0.0,0.0,0.0,0.0,0.0,0.0,0.0,1.0,Baixo Risco
b80810618f7e08dbf5263a1be0e427eafbe32b3b91272a384d4454f071ee9c27,4771701.0,PR,0.3846117599888968,0.8530041727895563,178.0,151.6875,0.65,0.1335,52.0,925.0,0.0,0.0,0.0,0.0,0.0,0.0,0.0,0.0,1.0,Baixo Risco
a6096fe7ded96ef9d979d39ffd3752936c2f76bfc1b509faa8c1782ba44e712a,4781400.0,BA,0.9083635981609894,0.8530041727895563,924.0,202.41666666666663,0.92,0.00982,947.0,989.0,0.0,0.0,0.0,0.0,0.0,0.0,0.0,0.0,1.0,Baixo Risco
f9da53b7fbe50b913a5386b94aa45b28fc1c6ca840004173447bea44760593a4,4771701.0,PR,0.9882206001123588,0.8530041727895563,947.0,228.73529411764707,0.99,0.03884,984.0,988.0,0.0,0.0,0.0,0.0,0.0,0.0,0.0,0.0,1.0,Baixo Risco
d271e5da5eb7d4ec7f76f2b6c5b417d3439a0bed080b3d93d90867c858291e66,4530703.0,GO,0.6592988017747383,0.905157963510334,710.0,141.60714285714286,0.86,0.26815,207.0,969.0,0.0,0.0,0.0,0.0,0.0,0.0,0.0,0.0,1.0,Baixo Risco
3a585bf097ae7170047e4a69c9879ba48a349246f7c985d8d9ae06c1efc4fc0b,4771701.0,PR,0.839029120977611,0.8530041727895563,960.0,250.75229357798165,0.98,0.0,976.0,988.0,0.0,0.0,0.0,0.0,0.0,0.0,0.0,0.0,1.0,Baixo Risco
8340816827435d1765256e436cf2966a66874417afde7a02af58052bb2966083,2424502.0,AM,0.05,1.0,67.0,68.28436018957346,0.29,0.089,53.0,894.0,3.0,9517.2,9517.2,0.0,0.0,0.0,0.0,30.0,1.0,Baixo Risco
015cd7473cc4eb08b4f6c32b5683fe475861626e855e00270ddfb239e96d93de,4930203.0,SP,0.5261995152851161,0.7692618520717952,671.0,127.30337078651684,0.86,0.12049,960.0,986.0,0.0,0.0,0.0,0.0,0.0,0.0,0.0,0.0,1.0,Baixo Risco
28eba530bde5dc56dff81014bfd8657959155fbd4b8e4c346d5b873e1fd9800f,4754701.0,SC,0.8102752495821837,0.9839459575066576,796.0,177.2,0.89,0.0,796.0,987.0,0.0,0.0,0.0,0.0,0.0,0.0,0.0,0.0,1.0,Baixo Risco
7079f8b157811183273edf496d0d992badb71d3f5256f0d5bbc565d53573b5a2,4781400.0,MG,0.922283305231103,0.8530041727895563,673.0,223.33333333333331,0.96,0.0,948.0,988.0,0.0,0.0,0.0,0.0,0.0,0.0,0.0,0.0,1.0,Baixo Risco
4c3a83b8d17bea422bb9ab422e3f3ef32f0f012991c17cf04acac54f3eb6ab53,2944100.0,MG,0.9825747545210054,0.9867176989596014,958.0,184.43589743589743,0.93,0.00076,980.0,988.0,4.0,3150.0,3150.0,0.0,0.0,0.0,0.0,35.25,1.0,Baixo Risco
bef02d22c81974ba4a59a822764168b8486450524a872beba3ff6b4c84fc8674,5611201.0,GO,0.9927789564743924,0.8530041727895563,777.0,30.5,0.9,0.0,912.0,986.0,0.0,0.0,0.0,0.0,0.0,0.0,0.0,0.0,1.0,Baixo Risco
4565e3567d24eed1779c8c6fd5ba67df92797db9b3fc429bfef16cebb5a24d5e,4754701.0,SC,0.9961479108637836,0.7153742641872637,952.0,250.7391304347826,0.96,0.0,978.0,989.0,0.0,0.0,0.0,0.0,0.0,0.0,0.0,0.0,1.0,Baixo Risco
05c44ef97325d1ab71774f435b5920d0af19def42dd25ec88eba55528f89628d,4679604.0,Sem Info,0.4866534120877827,0.8530041727895563,571.0,6.0,0.16,1.0,249.0,890.0,2.0,1000.54,1004.94,2.0,1.0,0.0,-4.399999999999977,77.0,1.0,Baixo Risco
1bf78e1f22db82e3d91b2ca7c735f19120d8064ed20ab1c10159d6a77ab40db2,4679604.0,Sem Info,0.05,0.8530041727895563,48.0,56.0,0.05,0.0,477.0,620.0,1.0,3311.9,3311.9,1.0,1.0,0.0,0.0,61.0,1.0,Baixo Risco
d523e784cc4156269d9fc0627d22d481e6667fc35880af6266147949c072b4df,4644301.0,MS,0.9645769810303096,1.0,927.0,223.9655172413793,0.93,0.01278,980.0,988.0,1.0,255.13,256.17,4.0,1.0,0.0,-1.0400000000000205,32.0,1.0,Baixo Risco
a83365e7d36bccfa225ed400b482b3322460605ba3ae88fc21fe3f83ae8f4a93,4684299.0,SP,0.9606845753437906,0.9480673782074712,958.0,216.85526315789477,0.91,0.01719,979.0,989.0,3.0,16627.35,2564.73,1.6666666666666667,0.3333333333333333,0.0,14062.619999999999,46.0,1.0,Baixo Risco
5cd5c938f0c39b6b4879c8733041c0c4f7c50911106786aa70532257b6f35810,4781400.0,PR,0.8233660904127433,0.8530041727895563,850.0,87.66666666666667,0.95,0.66132,951.0,987.0,0.0,0.0,0.0,0.0,0.0,0.0,0.0,0.0,1.0,Baixo Risco
46640061fd61edceeea74e0601f302a36f122104c7c8dbc46269ba7b148e6042,2051700.0,SP,0.9105836370934324,0.9918059803083584,924.0,209.6153846153846,0.94,0.08202,982.0,989.0,1.0,42720.0,42720.0,0.0,0.0,0.0,0.0,300.0,1.0,Baixo Risco
ecefe222a6223e88d7cd4bf84d23b025d100cea3499fc48d7d1855edddaf0ac5,7319002.0,PR,0.9161160329911234,0.05,849.0,153.2,0.74,0.0,921.0,986.0,0.0,0.0,0.0,0.0,0.0,0.0,0.0,0.0,1.0,Baixo Risco
415e7489c7903d1d41d57f05b11642dbb388fb2401bcc406777ea5ac91dc3059,4781400.0,GO,0.97183302420925,0.7031536145558108,882.0,158.3030303030303,0.93,0.02409,920.0,989.0,0.0,0.0,0.0,0.0,0.0,0.0,0.0,0.0,1.0,Baixo Risco
ab637225319e1f87dc41d285c56d1c7eaeb4b143acc7579ee8e1e139566fa4d9,4930202.0,PR,0.5835108520519287,0.6666666666666666,856.0,182.63636363636363,0.81,0.11522,979.0,988.0,0.0,0.0,0.0,0.0,0.0,0.0,0.0,0.0,1.0,Baixo Risco
312634f4c77b7e0a8023140183db08855cbec58061f30d1ae2bbe4bb54d916f4,4686901.0,PR,0.9792114082362552,0.8530041727895563,961.0,204.8918918918919,0.95,0.01918,972.0,989.0,1.0,27137.22,27137.22,0.0,0.0,0.0,0.0,46.0,1.0,Baixo Risco
8f896b689b19868a3304746326f8be354a676ff235a8d1a5f7dd2256e5b2967a,4637199.0,SP,0.958776691647292,0.6690871853215157,683.0,160.8148148148148,0.86,0.005,977.0,988.0,0.0,0.0,0.0,0.0,0.0,0.0,0.0,0.0,1.0,Baixo Risco
9aab7ea7a6e929f809c4ff7e9c293b65e293704291bb3f3026af4860119f99e4,4671100.0,MG,0.3949098925820446,0.8530041727895563,117.0,112.0,0.3,0.02638,103.0,889.0,1.0,231.26,0.0,16.0,1.0,0.0,231.26,36.0,1.0,Baixo Risco
5d0594b5083ef794f20f5ebf814952bc227b259e964d311c51ba1f9de1e62d86,2829199.0,RS,0.750509328375293,1.0,941.0,206.4,0.92,0.54366,978.0,988.0,1.0,4645.21,4645.21,0.0,0.0,0.0,0.0,7.0,1.0,Baixo Risco
3bd8e65ebb85ec6c99f190704e0965b90386c43e50e323577e7855c1344cb211,4781400.0,BA,0.953353636691026,0.8530041727895563,918.0,140.58333333333334,0.98,0.1089,974.0,987.0,0.0,0.0,0.0,0.0,0.0,0.0,0.0,0.0,1.0,Baixo Risco
56d915dfa52ed5b85ad85196d36462cfa64067ab4425b9579a6c7537613aecc5,4771701.0,SC,0.980209461423276,0.8530041727895563,912.0,220.4782608695652,0.98,0.0,982.0,988.0,0.0,0.0,0.0,0.0,0.0,0.0,0.0,0.0,1.0,Baixo Risco
0e6d8d8f6ae45a78d0bc40b02e7ca365d939e4759cc6d1fcb9a6fd1f1f5d6c97,4771701.0,SC,0.9428339749001744,0.8530041727895563,908.0,237.8375,0.99,0.006,983.0,988.0,0.0,0.0,0.0,0.0,0.0,0.0,0.0,0.0,1.0,Baixo Risco
08edee4da5bacacaff5cb5aea0b3848cd88433a66858ae695a3d18fc67c2be36,5611203.0,RJ,0.8230118908578916,0.8530041727895563,826.0,140.90322580645162,0.86,0.06687,976.0,988.0,0.0,0.0,0.0,0.0,0.0,0.0,0.0,0.0,1.0,Baixo Risco
db81f5792ec824d8bc430118ed6331840c25c75647ce267f85dae7c1871acd49,4781400.0,MG,0.4504652645122242,0.8530041727895563,289.0,0.0,0.25,0.0,839.0,979.0,0.0,0.0,0.0,0.0,0.0,0.0,0.0,0.0,1.0,Baixo Risco
ec69e92bb0a5b7b5fceaae42c1d3f63b1597202a7ab6c3ce2dfc49c603b1c591,4772500.0,RN,1.0,0.8530041727895563,870.0,0.0,1.0,0.0,857.0,974.0,0.0,0.0,0.0,0.0,0.0,0.0,0.0,0.0,1.0,Baixo Risco
f8aa9452da7c5f2e4b4fb5158fa428d33f570ba06c051bbf420d2de139257f81,4782201.0,DF,0.7320810127603925,0.8530041727895563,646.0,243.96666666666667,0.94,0.03913,824.0,984.0,0.0,0.0,0.0,0.0,0.0,0.0,0.0,0.0,1.0,Baixo Risco
adb775a715a1877dbec1e60828be5fa518911fd4c15f05a278ecbe123d8d22fa,1412603.0,SC,0.8787271439842747,1.0,949.0,192.3728813559322,0.93,0.00991,982.0,987.0,0.0,0.0,0.0,0.0,0.0,0.0,0.0,0.0,1.0,Baixo Risco
760cff754e3897d87d36044d16f28911d3f5d072081ea23b20fef793da4a5265,1013901.0,MG,0.3796894451362003,0.9701483811609763,564.0,135.30769230769232,0.82,0.00548,956.0,983.0,1.0,2266.68,2266.68,0.0,0.0,0.0,0.0,23.0,1.0,Baixo Risco
7f8412d240c7f71b21cd2c5250df5a0051d0cf7e6945a78bb333c68dc2bcdc09,4781400.0,MA,0.757300890983886,0.8530041727895563,885.0,120.21428571428572,0.97,0.16672,848.0,984.0,0.0,0.0,0.0,0.0,0.0,0.0,0.0,0.0,1.0,Baixo Risco
ea802ff5e1818342ace5932c587a0d7aee9f0f5f5c8f2c0d2fd0a6e684a9cd41,2063100.0,PE,0.4876284517262131,0.6601371481688055,200.0,132.98360655737704,0.76,0.06846,933.0,988.0,0.0,0.0,0.0,0.0,0.0,0.0,0.0,0.0,1.0,Baixo Risco
829a65ef318b5a719a3fd1c8f5312180c47a7e7cdb175136797017273914e0e6,1822901.0,SP,1.0,0.8530041727895563,716.0,249.25,0.86,0.0,922.0,971.0,0.0,0.0,0.0,0.0,0.0,0.0,0.0,0.0,1.0,Baixo Risco
8d2828a280dda5057b7d6718f795076d872dbb66ec61ce14cee5afd044ecc55f,8220200.0,SP,0.2618591946760426,0.8530041727895563,194.0,99.76470588235294,0.46,0.12335,86.0,980.0,1.0,1964862.43,0.0,4.0,1.0,0.0,1964862.43,32.0,1.0,Baixo Risco
ae55ce8830edd84f9feacd4050388d0325860688c910cb6a570c6ab279a0ab4d,4639701.0,PR,0.9808506508045708,0.6932049689783565,750.0,38.0,0.89,0.0394,961.0,987.0,0.0,0.0,0.0,0.0,0.0,0.0,0.0,0.0,1.0,Baixo Risco
31c504eb72f409d243da1f395d80ad50bbfbfa2633ae7e250d972a0f27d6fd62,4771702.0,MA,0.4029185410673377,0.3580060422960725,686.0,172.31034482758622,0.86,0.06016,91.0,960.0,0.0,0.0,0.0,0.0,0.0,0.0,0.0,0.0,1.0,Baixo Risco
20b57761bf69da3738b97f5ba8150e26abda2af82e6fe62b56b8821734530d29,4771701.0,PR,0.9767700135422602,0.8530041727895563,964.0,209.4090909090909,0.98,0.04179,980.0,988.0,0.0,0.0,0.0,0.0,0.0,0.0,0.0,0.0,1.0,Baixo Risco
f85c68bcca5ec9c2b59e9f17449dae663657849361609fa6851a564858aeb384,4771701.0,PR,0.884640391475998,0.8530041727895563,929.0,219.7142857142857,0.95,0.00117,982.0,989.0,0.0,0.0,0.0,0.0,0.0,0.0,0.0,0.0,1.0,Baixo Risco
cc5ac81cb208d5684b54006a1a33a20164576ce2738058c77c6c35dab3d0afe5,4771701.0,PR,0.9218987831848552,0.8530041727895563,950.0,212.8,0.97,0.0,979.0,986.0,0.0,0.0,0.0,0.0,0.0,0.0,0.0,0.0,1.0,Baixo Risco
d62cc0046409359178c69beb31a340dbb9384bd536aae51d9562d56900f7c8aa,4771701.0,PR,0.9194218906706008,0.8530041727895563,945.0,209.68421052631575,0.97,0.19168,970.0,989.0,0.0,0.0,0.0,0.0,0.0,0.0,0.0,0.0,1.0,Baixo Risco
67d96eee16c83e7c26557c866f1eafd8971a7f9a828aa53d4e98559a4563476d,5620101.0,GO,0.8524323392490867,0.4911496444876634,918.0,101.0,0.91,0.13347,974.0,989.0,0.0,0.0,0.0,0.0,0.0,0.0,0.0,0.0,1.0,Baixo Risco
2c30d1dc2296ab286b9922e0706e0827d09724996fc26a46209c92bf47134a0c,4781400.0,PA,0.9824139604953882,0.8530041727895563,964.0,235.625,0.98,0.0,986.0,988.0,0.0,0.0,0.0,0.0,0.0,0.0,0.0,0.0,1.0,Baixo Risco
493f41230979d0ebe1b020bc1124ef15ad9ff1352d089f6ec6600695d64594db,4691500.0,MS,0.218083142895983,1.0,469.0,137.66666666666666,0.92,0.16183,937.0,987.0,0.0,0.0,0.0,0.0,0.0,0.0,0.0,0.0,1.0,Baixo Risco
eb1d5cdb2029f32c911431d870f43e4d59884c8bd8b28b1ad7714993d0136982,4722901.0,MG,0.9877736770534524,0.8530041727895563,940.0,179.5,0.93,0.0,979.0,989.0,0.0,0.0,0.0,0.0,0.0,0.0,0.0,0.0,1.0,Baixo Risco
fb9e7e3ece5b5619e2feabeab557f7f0ff7f5aa9a47225c8a377add0a31af79c,4781400.0,SP,0.9967770621309734,0.8530041727895563,964.0,236.07692307692307,0.98,0.01005,979.0,987.0,0.0,0.0,0.0,0.0,0.0,0.0,0.0,0.0,1.0,Baixo Risco
961a065186aedee5dc8b07bc96672971b08e1850f3ac6dfa985141132d5b4809,4781400.0,MG,0.9443212238556734,0.8530041727895563,710.0,95.85714285714286,0.9,0.05286,976.0,986.0,0.0,0.0,0.0,0.0,0.0,0.0,0.0,0.0,1.0,Baixo Risco
9fad2593783c82ba32f83a5521e4698169e034c737015f5941da3e211679ec84,4781400.0,SP,0.7363910308980341,0.8530041727895563,889.0,204.0,0.91,0.0,981.0,986.0,0.0,0.0,0.0,0.0,0.0,0.0,0.0,0.0,1.0,Baixo Risco
71f1c00d394ab08c256a0bbdf1ca1f12c9fa75da0c18d374efa7a3bf6514c6e6,4921301.0,ES,0.5400772973152695,0.9189771079572916,939.0,183.51101321585904,0.93,0.02576,977.0,976.0,0.0,0.0,0.0,0.0,0.0,0.0,0.0,0.0,1.0,Baixo Risco
9b30538353358faea9fa2cc039650be729f82c2c454bd5e540f766ff24a40ebc,3103900.0,Sem Info,0.3806136533660351,0.6289058242736627,214.0,32.42857142857143,0.54,0.35654,694.0,981.0,1.0,1938.0,1938.0,0.0,0.0,0.0,0.0,104.0,1.0,Baixo Risco
948846301186753648a4ec069bf2e6081fa3822200b0bd1356cb3c3b9bbe8d20,4712100.0,RS,0.7756481788284411,0.8530041727895563,761.0,170.26896551724138,0.92,0.24976,790.0,985.0,0.0,0.0,0.0,0.0,0.0,0.0,0.0,0.0,1.0,Baixo Risco
f9517b71d00fdd1232c01a3f0081b60e0bdf3f5d168d73e351c66c133c92e1f1,4530701.0,SP,0.9791780842826832,0.9474781664496662,964.0,248.495145631068,0.98,0.00285,984.0,989.0,0.0,0.0,0.0,0.0,0.0,0.0,0.0,0.0,1.0,Baixo Risco
8a736e0c37baf6cf14837158a55c1535c0ecf9624e3d2f228557f636bfaa3dfa,4781400.0,SP,0.2389766084639502,0.8530041727895563,165.0,182.16216216216216,0.89,0.48158,206.0,889.0,0.0,0.0,0.0,0.0,0.0,0.0,0.0,0.0,1.0,Baixo Risco
58e6e264b75e752ce7d6a29bbc58ef1eb10f15b2c81f2bbbc5af012038b3c482,4771701.0,PR,0.8836609272080929,0.8530041727895563,935.0,203.8,0.95,0.04183,965.0,988.0,0.0,0.0,0.0,0.0,0.0,0.0,0.0,0.0,1.0,Baixo Risco
a20d28dc9df8bcb4f41226f3b83afc9170fae53ea171bb1e8f38bd85e90a7e1c,4729699.0,SP,0.6194486909163303,0.8530041727895563,851.0,185.2142857142857,0.92,0.00741,959.0,988.0,0.0,0.0,0.0,0.0,0.0,0.0,0.0,0.0,1.0,Baixo Risco
8df6e86b09c78ebd93347358f92a2a3aea91bb9f585209d8e6bce8e938824b21,4685100.0,Sem Info,0.9823062390304964,0.6244059812659742,958.0,250.76666666666668,0.96,0.0,984.0,987.0,4.0,7120.1,6832.32,2.25,0.5,0.0,287.78,38.25,1.0,Baixo Risco
a1547b9c11fa1c1ef3a8620cf128067df50420ce23bee3d118afb49c0402aea3,4789001.0,MG,0.4750412890603468,0.8530041727895563,220.0,128.4,0.62,0.18708,103.0,922.0,0.0,0.0,0.0,0.0,0.0,0.0,0.0,0.0,1.0,Baixo Risco
bbd0bc4ab07bd87cda031b2aebaa1d31b93d2a6c88a16ece0e80a08645ca7510,4771701.0,PR,0.994506885665226,0.8530041727895563,966.0,251.3695652173913,0.98,0.0,980.0,988.0,0.0,0.0,0.0,0.0,0.0,0.0,0.0,0.0,1.0,Baixo Risco
803cac2bb15237b1f3048cd31d7299a30a0b5a8dd7b3ced81c586b2e5a0ae31a,4771701.0,PR,0.8956415022044211,0.8530041727895563,911.0,117.83333333333331,0.95,0.15231,984.0,989.0,0.0,0.0,0.0,0.0,0.0,0.0,0.0,0.0,1.0,Baixo Risco
18c5d51ede2161639544bca691e2cffd2fd3a4df4882235d64f8552b329fec9d,1411801.0,SP,0.9811501714083324,0.886097334606226,949.0,230.0441767068273,0.98,0.00414,979.0,988.0,0.0,0.0,0.0,0.0,0.0,0.0,0.0,0.0,1.0,Baixo Risco
abd83f7f1d326c9dc18687d782d7fe9cd562485b181e71948eee6bbc1015f206,4771701.0,PR,0.9511485802948144,0.8530041727895563,951.0,234.34782608695653,0.97,0.06515,981.0,989.0,0.0,0.0,0.0,0.0,0.0,0.0,0.0,0.0,1.0,Baixo Risco
ea2ce85ffa23de16d2d8bf1d9516c64e156379588afeb1362b2c6430f1dff1c7,4781400.0,SC,0.9204095255567164,0.2928591583400097,627.0,125.29411764705884,0.87,0.03757,957.0,988.0,0.0,0.0,0.0,0.0,0.0,0.0,0.0,0.0,1.0,Baixo Risco
93d3b385316bccac12ca6c580375a4ad6fc50ea325c5365b605e3112f5696cd8,1033301.0,AL,0.1872709179363654,0.05,198.0,78.33333333333333,0.59,0.10473,40.0,771.0,0.0,0.0,0.0,0.0,0.0,0.0,0.0,0.0,1.0,Baixo Risco
e482dec767071092ae0ee0bc5acea35d3607cab2c8869b4621d1719d09d1404b,5611201.0,GO,0.9562960077289996,0.8530041727895563,920.0,213.75,0.91,0.0,954.0,988.0,0.0,0.0,0.0,0.0,0.0,0.0,0.0,0.0,1.0,Baixo Risco
8e155e4692f3afa98ea00d96f4d307b6c93c872e66ee1d7f534db3d09821ce6f,4713004.0,RJ,0.8908509504187374,0.8530041727895563,908.0,197.325,0.98,0.1341,968.0,987.0,0.0,0.0,0.0,0.0,0.0,0.0,0.0,0.0,1.0,Baixo Risco
6137deab13a126586f58bfce1e4bbab20d65861dd47c3ba97cd6776870e5b2dc,4781400.0,SC,0.8611043503109105,0.8530041727895563,716.0,121.75,0.8,0.33448,950.0,988.0,0.0,0.0,0.0,0.0,0.0,0.0,0.0,0.0,1.0,Baixo Risco
0aaee33205e1870e970583ca8149e2fe550472b64174506b3be4a343f0a3066b,4744001.0,SC,1.0,0.8530041727895563,962.0,241.0,0.99,0.0,979.0,986.0,0.0,0.0,0.0,0.0,0.0,0.0,0.0,0.0,1.0,Baixo Risco
43eec1e831d950d9bb69b7c48d541bb9b0952644e354d51b487e5875306a3d99,4639701.0,BA,0.8862419102567233,0.0817751620112556,877.0,166.38493723849373,0.98,0.1048,980.0,986.0,12.0,7434.3,7500.58,3.6666666666666665,0.6666666666666666,0.0,-66.28000000000009,31.333333333333332,1.0,Baixo Risco
1d20517f0c6167187b00156145754e99475b4a0c0526cbc6b30b56ff651ead15,2222600.0,PR,0.4948846273273812,0.05,367.0,152.98275862068965,0.67,0.07351,569.0,986.0,2.0,4440.97,3675.0,1.5,0.5,0.0,765.97,51.5,1.0,Baixo Risco
1c1c1301e644ef13b23b1d0a74ffc7684de43b3fbc7e358e7cbd0c6c9ab5f111,4530701.0,RJ,0.5140369246500155,0.2334564174514019,216.0,125.8125,0.48,0.19269,108.0,949.0,1.0,2354.0,2354.0,2.0,1.0,0.0,0.0,94.0,1.0,Baixo Risco
b014db3b4cb0202fb9caf24a1c6e63e9bf5e077f219606ae82491818eb727268,4639701.0,BA,0.8226958341414173,0.8530041727895563,833.0,134.3393665158371,0.88,0.13043,951.0,988.0,0.0,0.0,0.0,0.0,0.0,0.0,0.0,0.0,1.0,Baixo Risco
f331263797bc6c68350230e4d2a18fb7cbbb12cedb28d189dc6f23407262f610,4751201.0,MG,0.8947217131065991,0.8530041727895563,847.0,91.15789473684212,0.94,0.14798,969.0,987.0,0.0,0.0,0.0,0.0,0.0,0.0,0.0,0.0,1.0,Baixo Risco
f12f8837172ecf6ba52842556e72bba73bf241e70aa392d93aa58cc4708b4756,4120400.0,MG,0.9796800383225232,0.8530041727895563,671.0,104.53333333333332,0.88,0.03778,965.0,989.0,0.0,0.0,0.0,0.0,0.0,0.0,0.0,0.0,1.0,Baixo Risco
307519b7d233dce982cab04117d46fb8beb74aa7ec9c000fea73bce11d1f710c,1412601.0,SP,0.101263112281293,0.8530041727895563,137.0,0.0,0.67,0.0,863.0,961.0,0.0,0.0,0.0,0.0,0.0,0.0,0.0,0.0,1.0,Baixo Risco
8dabbd9a3e6a4d499fe8718e78db2063c4cb02ec88270817df8921375b7ed79a,2599399.0,RS,0.9406286166845704,1.0,903.0,135.5,0.7,0.0,825.0,986.0,0.0,0.0,0.0,0.0,0.0,0.0,0.0,0.0,1.0,Baixo Risco
e6ef1ab47956446f30bc626f12e1b13500c40c0974c5bbf68e81959032226aa0,4753900.0,MT,0.9531307022768564,0.5997907213592671,934.0,186.5,0.93,0.15617,978.0,989.0,0.0,0.0,0.0,0.0,0.0,0.0,0.0,0.0,1.0,Baixo Risco
5d7af2ab030df2c08ca1c77c419a034fc8b71b020b3827387652318095612a36,4639701.0,GO,0.984885379941015,1.0,951.0,225.58333333333331,0.97,0.0,975.0,989.0,0.0,0.0,0.0,0.0,0.0,0.0,0.0,0.0,1.0,Baixo Risco
cc721c29363dd30a435944f18b6d21247ce135356ce7c1ec56a09215c6b68e04,4781400.0,MS,0.9628178359591782,0.8530041727895563,879.0,0.0,0.88,0.0,953.0,986.0,0.0,0.0,0.0,0.0,0.0,0.0,0.0,0.0,1.0,Baixo Risco
3f20154589b57935b53f77341797f533118df781dcc52c433726f1541a0b6355,1412601.0,Sem Info,0.9858843503451244,0.2956614134756315,831.0,20.0,0.84,0.0,806.0,988.0,1.0,3907.3,3907.3,0.0,0.0,0.0,0.0,60.0,1.0,Baixo Risco
0038b1b99d6e5bcff666fa46160edc6598e9869f072540cdd55e5b0b78d2ca8e,2219600.0,SP,0.8880479356752207,0.8530041727895563,774.0,173.0,0.67,0.0,940.0,987.0,1.0,2389.44,0.0,2.0,1.0,0.0,2389.44,30.0,1.0,Baixo Risco
1ecd2313f709e75baa7eb607ce94a762406fb632e061e2aa1178b79bdf103bb2,4930202.0,SC,0.0959107095071997,0.8530041727895563,219.0,133.0909090909091,0.37,0.34446,230.0,951.0,0.0,0.0,0.0,0.0,0.0,0.0,0.0,0.0,1.0,Baixo Risco
3db841fbdb9c16a2f00d171e226933941aecc39105fe05bff82de2517cd5d6d8,4789004.0,SP,1.0,0.8530041727895563,952.0,241.0,0.99,0.0,967.0,987.0,0.0,0.0,0.0,0.0,0.0,0.0,0.0,0.0,1.0,Baixo Risco
a84d2f4915efeae4fce7b0fb3f3ff7750501bff8cc2efe77f8abd8ec60a329e1,210107.0,SP,0.1314486793823041,0.8530041727895563,94.0,87.51315789473684,0.58,0.05007,73.0,930.0,2.0,18630.0,0.0,218.5,1.0,0.0,18630.0,497.0,1.0,Baixo Risco
99d30087fd016c04d979f1b7b75f6b986450eddeb1787c1325b37c51c3c26b54,4744099.0,PI,0.4585292355217816,0.8530041727895563,947.0,139.88888888888889,0.93,0.0,975.0,988.0,0.0,0.0,0.0,0.0,0.0,0.0,0.0,0.0,1.0,Baixo Risco
cbdcf90314ce60a57ff6f5d20cc5f6226f4b912e82cc1769d9ceb99203445df9,4744005.0,SE,0.3274784709082581,0.8530041727895563,215.0,148.80392156862746,0.73,0.09021,395.0,985.0,0.0,0.0,0.0,0.0,0.0,0.0,0.0,0.0,1.0,Baixo Risco
afc6587a0af64a0b6d608b30d9e8f6b351a02d72b0f390fc51ec4e0c81a48e7e,4722901.0,MG,0.7517934917236241,0.8530041727895563,443.0,9.5,0.67,1.0,232.0,981.0,0.0,0.0,0.0,0.0,0.0,0.0,0.0,0.0,1.0,Baixo Risco
078d1f1cf960127211ef2c37beff3db24240a7d98e20b40d513a674c3eb9eeb1,4744005.0,MG,0.7756989186743048,0.9040451447545432,915.0,107.63636363636364,0.95,0.0,975.0,988.0,0.0,0.0,0.0,0.0,0.0,0.0,0.0,0.0,1.0,Baixo Risco
b816b3429b44028cb850005592427b52dd9f159c68eb716db132bfa8e98e227e,4619200.0,MG,0.3834999119030668,0.8530041727895563,194.0,36.20588235294117,0.73,0.31214,693.0,986.0,0.0,0.0,0.0,0.0,0.0,0.0,0.0,0.0,1.0,Baixo Risco
222f6dd763f571b222ae7e75f8ce0a418c7bd0f8f37d6a8e05bedf698ef21887,4771702.0,PR,0.985846743776899,0.8530041727895563,943.0,184.77777777777777,0.99,0.0,976.0,988.0,0.0,0.0,0.0,0.0,0.0,0.0,0.0,0.0,1.0,Baixo Risco
ef64c7f59aaa9760853d43e1468833b27f35dd971c28ba0dbf8dbb18f3cb57f3,4781400.0,PE,1.0,0.8530041727895563,894.0,264.0,0.63,0.0,922.0,977.0,0.0,0.0,0.0,0.0,0.0,0.0,0.0,0.0,1.0,Baixo Risco
c552802f266cf08a4c5cff40895b6764ac093c56e20db40986c4bbbbc5c70d56,1733800.0,SP,0.4303310122979313,0.8530041727895563,781.0,191.8,0.8,0.90139,822.0,931.0,4.0,16778.96,17135.23,1.25,0.25,0.0,-356.2699999999995,40.75,1.0,Baixo Risco
c0d40b2f1cc9f1255748d90051f9e39e01c1a7ecc2af44a960856b408f0120bf,4781400.0,PE,0.716292521114316,0.8530041727895563,565.0,178.5,0.9,0.0,238.0,970.0,0.0,0.0,0.0,0.0,0.0,0.0,0.0,0.0,1.0,Baixo Risco
b2e1f477f8290e3949fab10362a7ae3cd9e8755ec3f890e95034992463c7a459,4763601.0,RJ,0.7323995995870077,0.8530041727895563,872.0,154.6551724137931,0.93,0.26042,955.0,989.0,0.0,0.0,0.0,0.0,0.0,0.0,0.0,0.0,1.0,Baixo Risco
abe96811ec0fb8e7cfa42d3a8500d21a5dc4f194ac0801d1068ee37d1da0fce1,6920601.0,RJ,0.4806982710770283,0.8508219657222805,582.0,0.0,0.9,0.0,402.0,896.0,0.0,0.0,0.0,0.0,0.0,0.0,0.0,0.0,1.0,Baixo Risco
bf533457471641b05021ebea7f3c074451584128ff1aa0a2ee5ac166c280eb04,4781400.0,PE,1.0,0.8530041727895563,871.0,275.5,1.0,0.0,766.0,980.0,0.0,0.0,0.0,0.0,0.0,0.0,0.0,0.0,1.0,Baixo Risco
58e202aa20ca1284fd90d26432a55568103fc5479136dde8a565fe92cdfafcbd,1313800.0,SP,0.9309218937497884,1.0,952.0,189.77586206896552,0.97,0.00049,980.0,988.0,1.0,1231.86,1231.86,0.0,0.0,0.0,0.0,83.0,1.0,Baixo Risco
deef81e5f0956f887077e35c2b1c106a9aa7273fb04aae735623365ed02621ff,4761003.0,SP,0.05,0.6344354798418427,486.0,57.75,0.52,0.34764,904.0,988.0,1.0,396.94,396.94,0.0,0.0,0.0,0.0,45.0,1.0,Baixo Risco
efc9f3aa8d9823e122d1d6309c2ed90f2a61144bbf4536820a2e064b8f3ae8e1,1011201.0,Sem Info,0.8918542097404238,0.1871869329300281,909.0,203.07462686567163,0.94,0.092,966.0,986.0,9.0,40547.86,39881.86,0.0,0.0,0.0,666.0,10.88888888888889,1.0,Baixo Risco
83341434277693bb41a325e1e08acd3cb3d6798fa0afb43e5b5e04da6bc1e697,5611201.0,PR,0.717408540850671,0.8530041727895563,876.0,175.3913043478261,0.93,0.00819,961.0,989.0,0.0,0.0,0.0,0.0,0.0,0.0,0.0,0.0,1.0,Baixo Risco
2d5fd93fe79360f5d2096998b8dd57bb43ce64b06c6e39acfbf4768ae5e4cff0,2542000.0,SP,0.9293113780101884,0.9940897066496928,957.0,227.6086956521739,0.98,0.00092,980.0,988.0,3.0,8649.15,8649.15,0.0,0.0,0.0,0.0,57.0,1.0,Baixo Risco
d405ac517f9007511acc616cc8178a562984de50afc23f73d149b7f9f3925dad,4530703.0,SP,0.9741140875871412,0.948974144597916,950.0,252.14285714285717,0.99,0.0,981.0,988.0,0.0,0.0,0.0,0.0,0.0,0.0,0.0,0.0,1.0,Baixo Risco
2c64685db989d9b5d378495a72bc89c1434aaf28bf10a7bf4a295ab869ad88d3,4781400.0,SP,0.9866592289220668,0.8530041727895563,898.0,105.33333333333331,0.96,0.0,970.0,988.0,0.0,0.0,0.0,0.0,0.0,0.0,0.0,0.0,1.0,Baixo Risco
7408365cc3db8172d757c51ce2f681f12136cb5f0ed57822eef470c31a49974c,4530703.0,SP,0.9854923846010218,0.9825041822518634,958.0,242.25806451612905,0.97,0.00422,980.0,989.0,0.0,0.0,0.0,0.0,0.0,0.0,0.0,0.0,1.0,Baixo Risco
910c76f4b1aa3e71e34ae367c97c4289a02b2bf939557512f4edff6fc05c76b5,4781400.0,MS,0.6719385601078504,0.8530041727895563,765.0,14.0,0.94,1.0,863.0,983.0,0.0,0.0,0.0,0.0,0.0,0.0,0.0,0.0,1.0,Baixo Risco
fe40a8cdb74fe32406a459d90e751548a6fe22bb5926585a9da2dc87e4c07d96,4781400.0,PI,0.65591833705041,0.8530041727895563,457.0,75.75,0.96,0.80918,831.0,986.0,0.0,0.0,0.0,0.0,0.0,0.0,0.0,0.0,1.0,Baixo Risco
eb9c60ccbc0c54fbb6cb20afbd2c4c492344c72c5073c20eccc1861ad69f3f0e,1732000.0,Sem Info,0.3598224703323513,0.3715579343872418,806.0,133.42105263157896,0.74,0.14474,837.0,987.0,1.0,4958.07,0.0,6.0,1.0,0.0,4958.07,40.0,1.0,Baixo Risco
c8e437a96f5eb00f192c6385f89ddef61a3fa8b8dcef064ad259a094d996a7cc,4771701.0,PR,0.9291285335942026,0.8530041727895563,933.0,230.2054794520548,0.99,0.16017,981.0,989.0,0.0,0.0,0.0,0.0,0.0,0.0,0.0,0.0,1.0,Baixo Risco
906b4e59ef3f84a4807c63f4a3cd5482155fc0ef585aff82b0887aabbe41ef2b,4673700.0,SC,0.960265057813705,0.8370515355037359,959.0,248.14285714285717,0.98,0.0,977.0,988.0,0.0,0.0,0.0,0.0,0.0,0.0,0.0,0.0,1.0,Baixo Risco
4e0a1e15504a85b8ae92fc54fb8588d510f9fb70aa1453cd142c1f49be2d1b1e,4781400.0,SP,0.05,0.8530041727895563,19.0,26.0,0.05,0.07364,95.0,152.0,0.0,0.0,0.0,0.0,0.0,0.0,0.0,0.0,1.0,Baixo Risco
a2e82ea1c2eb8dcad549fb4559a5062c5ae53de084dc26b98d14f7473dd2b0dd,4781400.0,RS,0.9668640918029904,0.8530041727895563,654.0,290.0,0.9,0.0,946.0,986.0,0.0,0.0,0.0,0.0,0.0,0.0,0.0,0.0,1.0,Baixo Risco
51a1fefe47a1b0fc935d2d66cef1fe25717a52ac5fefe4a194975a6fa897c137,4530701.0,SC,0.7655252400426618,0.8530041727895563,485.0,132.75,0.75,0.0,152.0,835.0,1.0,1907.9,1973.5,8.0,1.0,0.0,-65.59999999999991,64.0,1.0,Baixo Risco
de70bab8080211cfefa68f8bd7632f11e22bb3859ee10c6e4f888ef3bebaf336,4637199.0,SP,0.9347094827700118,0.5510836145408814,737.0,24.0,0.93,0.0,972.0,988.0,0.0,0.0,0.0,0.0,0.0,0.0,0.0,0.0,1.0,Baixo Risco
c0681f58a411eb412534efdecf1a410cecdcccbcb579e655df3fb4fc07c8cdae,1411801.0,MG,0.5428145605813882,0.8530041727895563,935.0,191.5,0.86,0.81997,948.0,987.0,0.0,0.0,0.0,0.0,0.0,0.0,0.0,0.0,1.0,Baixo Risco
3e293a179deb98210634a2d754b09416959a2f38a8e0e5b5461f0cbccd7ab444,141501.0,Sem Info,0.5382477026773851,0.6298550007719073,725.0,105.51136363636364,0.87,0.00781,948.0,986.0,5.0,434642.63,434642.63,0.0,0.0,0.0,0.0,197.4,1.0,Baixo Risco
1277f4e8db519e86179c58bff7ddd3636c8f85907b267679fb6db31fda0a5d31,4619200.0,Sem Info,0.05,0.8530041727895563,35.0,90.5,0.17,0.11207,74.0,449.0,1.0,430.75,430.75,0.0,0.0,0.0,0.0,68.0,1.0,Baixo Risco
c161079ecd008b08d0776da2a2dcc80ccafd225a2ca0b7219f71109612d7745c,4724500.0,DF,0.9551789385036278,0.8118869135021932,931.0,194.23684210526315,0.95,0.02195,974.0,989.0,0.0,0.0,0.0,0.0,0.0,0.0,0.0,0.0,1.0,Baixo Risco
60d8627cb047dd3a1736d365b9d57bd72b7dafd9bb7456ae908220ec70d317df,4711302.0,SP,0.9906683481599674,0.695838297245411,959.0,243.9298245614035,0.97,0.0043,979.0,989.0,0.0,0.0,0.0,0.0,0.0,0.0,0.0,0.0,1.0,Baixo Risco
8e734c09173dac52550f783a502df267611de3d2609e8fec3adba9f552b993e3,4722902.0,PE,0.4358294622662159,0.8530041727895563,904.0,166.33333333333334,0.5,0.0,633.0,975.0,1.0,1876.0,1876.0,0.0,0.0,0.0,0.0,13.0,1.0,Baixo Risco
001f0eb33fd25d6b45fa6552c005abfe4f891d73a10c8559d3f6c616c16346a6,4744001.0,SP,0.05,0.8530041727895563,111.0,56.01123595505618,0.26,0.03758,134.0,781.0,1.0,1311.16,0.0,62.0,1.0,0.0,1311.16,93.0,1.0,Baixo Risco
e3c65778b7785139e93e59d679d1147b53ad9079538bae442a35927e63168a2e,4744099.0,SC,0.8398055028362675,0.8530041727895563,388.0,28.5,0.84,0.30494,115.0,925.0,0.0,0.0,0.0,0.0,0.0,0.0,0.0,0.0,1.0,Baixo Risco
332a83a21849b3501494021c208398b7384172393c2b7198f8d3d03356c72d65,4930202.0,SP,0.8869566592829495,0.8914569595100278,955.0,183.0952380952381,0.95,0.02332,973.0,988.0,0.0,0.0,0.0,0.0,0.0,0.0,0.0,0.0,1.0,Baixo Risco
3435128cc718f6dfbedaed021c22c742f8de37069bc8c0c28bce21ca59c059aa,4781400.0,PE,0.3737847394594505,0.8530041727895563,806.0,6.0,0.88,1.0,741.0,970.0,0.0,0.0,0.0,0.0,0.0,0.0,0.0,0.0,1.0,Baixo Risco
18dd04c8af16012ac13de3b6893179d4bd0adadbdc3b90990648430970ea2baf,2599399.0,SP,0.9774501630087842,0.9248472746659984,958.0,239.1,0.97,0.01212,979.0,989.0,0.0,0.0,0.0,0.0,0.0,0.0,0.0,0.0,1.0,Baixo Risco
bba4627ca733be314c245801278fd2c1b8d6a01748a540f7e57b8bdd0b6d2557,3230200.0,SP,0.958193013329949,0.7129668364260704,936.0,154.0,0.93,0.11825,969.0,989.0,0.0,0.0,0.0,0.0,0.0,0.0,0.0,0.0,1.0,Baixo Risco
7f6a5c9edca699cc9fd61d4f02598db97aac3a47419c3396351986f0e7c1f086,2821601.0,SP,0.9043294214601418,0.7496179461392852,942.0,133.77777777777777,0.95,0.03657,982.0,988.0,0.0,0.0,0.0,0.0,0.0,0.0,0.0,0.0,1.0,Baixo Risco
7d3b85884245fa40f2774eebbfa9040daf84fee83fff17b1b678b60de4bc5cc6,4672900.0,SP,0.8677257224322706,0.9085262067630168,952.0,233.86515151515152,0.98,0.01295,983.0,988.0,0.0,0.0,0.0,0.0,0.0,0.0,0.0,0.0,1.0,Baixo Risco
6d469b25302149c40a29d2d67c830ac71a7dccea47cb47917166a349662279c5,4773300.0,SP,0.8327825876562283,0.9090602939202084,934.0,205.8695652173913,0.93,0.04276,979.0,985.0,0.0,0.0,0.0,0.0,0.0,0.0,0.0,0.0,1.0,Baixo Risco
a6463a1f4699737946ee52376f529c8bcb40e538691150169e6370fcd84fb714,2099199.0,PR,0.6111778295830745,0.8740135656850575,447.0,166.05862646566163,0.85,0.14916,906.0,985.0,4.0,9865.470000000001,9868.380000000001,0.75,0.25,0.0,-2.909999999999968,58.25,1.0,Baixo Risco
c54e323bc4bb0a3330af42d3f47dd684918b18b2f3a1ba7a4b34d6018feb35b2,4789099.0,SP,0.990253273115738,0.9253386525927904,965.0,266.8446601941748,0.98,0.00662,980.0,988.0,0.0,0.0,0.0,0.0,0.0,0.0,0.0,0.0,1.0,Baixo Risco
1f382c333dccbbcb0b5e70e3f9cb6b167a37fde1a2f80e224e7665fc949c78e9,4771701.0,PR,0.9288851326916502,0.8530041727895563,928.0,212.26315789473685,0.96,0.00529,981.0,988.0,0.0,0.0,0.0,0.0,0.0,0.0,0.0,0.0,1.0,Baixo Risco
3c9cc41e09077fda1aa27cb4b6d39835cea2807fa869ca9622260b0e0cc765fd,1314600.0,SP,0.8904264567533499,0.9430227661615844,936.0,217.6949152542373,0.96,0.01236,979.0,988.0,0.0,0.0,0.0,0.0,0.0,0.0,0.0,0.0,1.0,Baixo Risco
7cc5108854dbe1cedf2946598a9842946e0d35b1697778ad9008d92b74f75e4e,2221800.0,SP,0.938476258100903,0.9299841558489146,952.0,198.6075949367089,0.96,0.00033,982.0,989.0,0.0,0.0,0.0,0.0,0.0,0.0,0.0,0.0,1.0,Baixo Risco
de0b64a4f149299e50ae48491877f9c50015f61d7be9b3d87f7810bb7d991958,4781400.0,MG,0.7470564420294111,0.8530041727895563,851.0,179.53846153846155,0.81,0.29241,902.0,988.0,0.0,0.0,0.0,0.0,0.0,0.0,0.0,0.0,1.0,Baixo Risco
64db6c1e60879612dfb9829343da10831423231b3aae14dc6856e939389ca7de,2424501.0,RJ,0.4103899729354993,0.6995617259175172,92.0,92.41617357001972,0.48,0.07562,134.0,988.0,1.0,9528.37,9528.37,0.0,0.0,0.0,0.0,120.0,1.0,Baixo Risco
ace49b655cc399f8c24d857c8c8d060a86fc3a4f16c78fedbd4fe80f18df528c,4639701.0,SP,0.9268984422903854,0.6714582476167735,934.0,183.8661971830986,0.91,0.0358,972.0,989.0,0.0,0.0,0.0,0.0,0.0,0.0,0.0,0.0,1.0,Baixo Risco
b29377706ba99032cd9ddc5319fd9aa99aaf5b22c43517b28b0374d8d819cb13,4711302.0,SP,0.9920070678258964,0.8530041727895563,934.0,265.468085106383,0.97,0.0,982.0,989.0,0.0,0.0,0.0,0.0,0.0,0.0,0.0,0.0,1.0,Baixo Risco
697bbe9015ff1956b304fa36b0b4986358046b4de3e28ce508106e22f7817a8e,4781400.0,RS,0.9439535159978276,0.8530041727895563,899.0,186.83333333333331,0.95,0.08945,981.0,989.0,0.0,0.0,0.0,0.0,0.0,0.0,0.0,0.0,1.0,Baixo Risco
1e9e69976ff19ff952136463c25d9c559887cec129ea236ea8b8f86feb407f7e,3240099.0,MG,0.7969285042444377,0.805133761795217,742.0,119.52631578947368,0.92,0.22625,950.0,987.0,108.0,979047.4,961617.67,3.074074074074074,0.49074074074074076,0.0,17429.729999999985,84.0,1.0,Baixo Risco
c377a698bdb6c71a6c63f77e01472f895cfe337310d8c90ae811863cf95c85e8,5611201.0,SP,0.9073189412889852,0.8530041727895563,909.0,145.5,0.94,0.44485,977.0,986.0,0.0,0.0,0.0,0.0,0.0,0.0,0.0,0.0,1.0,Baixo Risco
9f34829e01be8267ed727ce4119d94460b8bf0b090ec8e4e751ca00e7374d25a,4530701.0,SP,0.9671007594447224,0.9873841287744656,965.0,205.88571428571427,0.97,0.06959,984.0,989.0,0.0,0.0,0.0,0.0,0.0,0.0,0.0,0.0,1.0,Baixo Risco
efe7f1af3786a4c948815eb8e1054e631427243a1219d5364f6815de0afb8a3d,4685100.0,SP,0.9437488595124436,0.5840421329377543,952.0,183.16901408450704,0.95,0.04506,979.0,986.0,0.0,0.0,0.0,0.0,0.0,0.0,0.0,0.0,1.0,Baixo Risco
f9544bae603ca1f1191046954ea90b998ffc323efda907fd71562004e4043f70,4781400.0,Sem Info,0.3871214748611898,0.8530041727895563,317.0,88.5,0.91,0.48119,48.0,877.0,0.0,0.0,0.0,0.0,0.0,0.0,0.0,0.0,1.0,Baixo Risco
9f2bc65203e1b9fea634969a7aa3bd9dd41045a5d6fc53929c98fe29bed1e679,2063100.0,SP,0.6674978263066648,0.8530041727895563,428.0,134.59782608695653,0.8,0.32982,638.0,985.0,0.0,0.0,0.0,0.0,0.0,0.0,0.0,0.0,1.0,Baixo Risco
b48469d427edd18f65af3e8b57a271f4aba1e44374e28f75b78099e5d4e14080,4711302.0,SP,0.8329665802231002,0.8847222514442392,953.0,225.0943396226415,0.95,0.10235,981.0,988.0,0.0,0.0,0.0,0.0,0.0,0.0,0.0,0.0,1.0,Baixo Risco
f07db56e903c2d8d27e77c9f81c82b72879b7a9410663be61e542a5c97c7022e,4639701.0,PR,0.8906087759396165,0.8457604458663042,957.0,224.4367816091954,0.96,0.04315,980.0,988.0,0.0,0.0,0.0,0.0,0.0,0.0,0.0,0.0,1.0,Baixo Risco
8b3032f9a89841fafd76bc08d60bfa604faedd2de4ff89f0d613a411386b321b,2222600.0,SP,0.8018942420523401,0.7193195397912141,561.0,165.1772151898734,0.9,0.25292,933.0,985.0,0.0,0.0,0.0,0.0,0.0,0.0,0.0,0.0,1.0,Baixo Risco
56a894029b4eccfaf10bd732e7adcd4f9eb9ccf94953c663027075566ce4ae32,4639701.0,RJ,0.05,0.8530041727895563,29.0,36.38,0.05,0.30121,104.0,160.0,1.0,12574.8,12574.8,0.0,0.0,0.0,0.0,30.0,1.0,Baixo Risco
fd9490eedf5cea0f99fcae890de6cd3ba45aeb7b892e1db9f0e9e113484ad410,4781400.0,PE,0.6986320613062559,0.8530041727895563,640.0,266.0,0.9,0.10364,380.0,958.0,0.0,0.0,0.0,0.0,0.0,0.0,0.0,0.0,1.0,Baixo Risco
f3a03e168596bcd21e7f0b807bc7f03faac178ac6bc171b24532680549b89fa8,4711302.0,SP,0.989651876823668,0.983640267528108,964.0,213.739837398374,0.98,0.0251,983.0,988.0,0.0,0.0,0.0,0.0,0.0,0.0,0.0,0.0,1.0,Baixo Risco
75f2e12ae87681705d10af5eab1904605c877a3f32cbef37339f85a6c16179ff,4781400.0,CE,0.98438482621232,0.8530041727895563,966.0,42.0,0.99,0.04406,976.0,988.0,0.0,0.0,0.0,0.0,0.0,0.0,0.0,0.0,1.0,Baixo Risco
387148c39b092de609d1e960a92a3409c301ea88637a28f639d14184fa78d6b0,2660400.0,RJ,0.9676369228384796,0.5235468226491177,862.0,204.7692307692308,0.85,0.02485,979.0,989.0,1.0,13551.01,13551.01,1.0,1.0,0.0,0.0,31.0,1.0,Baixo Risco
ad4bf6932b3a5ef42bc3a8163660d5b61dd0b0b6d5fac6e3b5e2a8bb1f666335,1066000.0,MG,0.5179852107916219,0.8619005690625645,952.0,170.11363636363637,0.95,0.15036,981.0,988.0,1.0,1727.75,1727.75,0.0,0.0,0.0,0.0,34.0,1.0,Baixo Risco
729016dbb6207eccbb5ee274f8178f09851cdf5cff0bc3d17e25de5460eae2db,4781400.0,PR,0.636806972094943,0.8530041727895563,816.0,79.27777777777777,0.97,0.06703,853.0,986.0,0.0,0.0,0.0,0.0,0.0,0.0,0.0,0.0,1.0,Baixo Risco
4ae22228acd830fd09855c086e9b50f778a8399e815381278fcd13bdea2f7f76,1412601.0,SC,0.5026710130810287,0.6510685945839607,708.0,113.97297297297295,0.93,0.40891,899.0,985.0,3.0,3423.23,2804.4300000000003,5.0,0.6666666666666666,0.0,618.8,63.333333333333336,1.0,Baixo Risco
c092af2cdc993e919c6164e13404c27f458b30bd83f8f8bb82d99b881adb9b7c,4781400.0,SC,0.9921543161587923,0.8530041727895563,950.0,200.58333333333331,0.98,0.0433,980.0,988.0,0.0,0.0,0.0,0.0,0.0,0.0,0.0,0.0,1.0,Baixo Risco
3ab8780ba4b76582dc1e3d428c997c763f07cd82e230624e53280e717564e922,1412601.0,SC,0.3119263180605131,0.7212794520673587,301.0,111.27272727272728,0.5,0.0,203.0,986.0,321.0,244237.82,231012.15,1.1651090342679127,0.3177570093457944,0.003115264797507788,13225.67,73.11214953271028,1.0,Baixo Risco
63ce11b9758a6450b147ecc45451f1df422ff6e7a9a452b059d18cb2e263101f,1733800.0,PR,0.9275590607920756,0.4213240472568381,906.0,237.79166666666663,0.92,0.0,972.0,989.0,3.0,9051.59,9051.59,0.0,0.0,0.0,0.0,22.0,1.0,Baixo Risco
5512e9bdd81fd76581f4376464941195307b74844fbd590ba554ac64148f236f,4712100.0,MG,0.9898567007224546,0.8530041727895563,954.0,180.35294117647055,0.97,0.014,959.0,989.0,0.0,0.0,0.0,0.0,0.0,0.0,0.0,0.0,1.0,Baixo Risco
a42fc7243ba88c29a1fe488f230b48e95650335d51d60b3c4039d3a97a77348b,4754701.0,ES,0.9603079596251272,0.8530041727895563,858.0,103.33333333333331,0.9,0.11412,977.0,988.0,0.0,0.0,0.0,0.0,0.0,0.0,0.0,0.0,1.0,Baixo Risco
cc78dd87fa1b1ea8298b8324bff23ff0fd956c81d8cae970f2492651b0cb3104,8211300.0,RJ,0.3789180776454167,0.7371212854122726,230.0,119.77304964539007,0.55,0.02183,271.0,983.0,3.0,12899.880000000001,12899.880000000001,1.0,0.6666666666666666,0.0,0.0,141.33333333333334,1.0,Baixo Risco
aa8a79e6628084dbf38bff523c59681d6bfb3e5e6336aac96e1b994cf17fb0c9,4652400.0,RS,0.90135360747293,0.8964258862548572,910.0,233.11940298507463,0.96,0.01691,981.0,988.0,0.0,0.0,0.0,0.0,0.0,0.0,0.0,0.0,1.0,Baixo Risco
b222e7c7a7f9529ea134f9184ddb533b2b19f7be1cf5a112ae74fb6b778a623a,4781400.0,SC,0.920136729597307,0.8530041727895563,893.0,16.5,0.91,0.15293,947.0,988.0,0.0,0.0,0.0,0.0,0.0,0.0,0.0,0.0,1.0,Baixo Risco
5b3205824a344d25924d47eec35fb52a1a8a4e64883bc9ab7fb7c9a72e53dfbe,4689399.0,PR,0.7416906612991303,0.4651321072696401,796.0,139.75,0.83,0.79459,299.0,980.0,1.0,12844.16,0.0,0.0,0.0,0.0,12844.16,26.0,1.0,Baixo Risco
fbee562782c92d6d8edd0f45e03c22afaaad9c2a080f338307ed9b619ff211eb,4669999.0,SP,0.05,0.8530041727895563,62.0,114.21875,0.23,0.04337,31.0,279.0,1.0,58600.71,58600.71,0.0,0.0,0.0,0.0,29.0,1.0,Baixo Risco
2e36439a3ffa0bc18778761142f7de2b28193fd00cc96cb79708fa217f32ebb0,4771701.0,PR,0.995482394953764,0.8893326319421303,964.0,239.5686274509804,0.98,0.0,981.0,988.0,0.0,0.0,0.0,0.0,0.0,0.0,0.0,0.0,1.0,Baixo Risco
2d94b7a7d8d4f1b8f3c603ba716d45a428f0ac63fd565a4d090d716d6d4411d0,4744099.0,SC,0.9479496608480068,1.0,899.0,210.0,0.97,0.0,981.0,988.0,0.0,0.0,0.0,0.0,0.0,0.0,0.0,0.0,1.0,Baixo Risco
1fed7cea4b08c2deda1c19c23ca0fe99774352109e82ec836f1bc5250b158f23,2863100.0,SC,0.9537880810122674,0.971456426142027,957.0,218.83333333333331,0.94,0.10614,983.0,989.0,0.0,0.0,0.0,0.0,0.0,0.0,0.0,0.0,1.0,Baixo Risco
2d65c0039c7407fec9c9013e405e6bec3d04d7e75a2f2e7a8ff583ddcc24950c,4771701.0,PR,0.9231270403450904,0.8840162026434271,951.0,186.68421052631575,0.98,0.14285,981.0,988.0,0.0,0.0,0.0,0.0,0.0,0.0,0.0,0.0,1.0,Baixo Risco
1ca161cb75098252becfc33e1f0f7a99a4cf60fd4ad15554f4a83e7913c65931,4711301.0,PR,0.9223171776791844,0.8330502676034741,952.0,237.34087237479807,0.98,0.00084,979.0,988.0,1.0,812458.93,812458.93,0.0,0.0,0.0,0.0,427.0,1.0,Baixo Risco
26e6a78558786f86b251f5e8a898c454b1befe2c774e53a600717b3120cf9e11,4771701.0,PR,0.955957695547384,0.8530041727895563,952.0,179.9375,0.97,0.0,981.0,989.0,0.0,0.0,0.0,0.0,0.0,0.0,0.0,0.0,1.0,Baixo Risco
b1286a81db80664d1445013c16b06d42209e4705679f97417d070d97940e1321,4771701.0,PR,0.8893176694654097,0.05,929.0,220.05,0.95,0.03671,972.0,987.0,0.0,0.0,0.0,0.0,0.0,0.0,0.0,0.0,1.0,Baixo Risco
1dfd05750d948f2836af6d0c1357e91eaf213a8ba7f54707fa1b4d46e2dbedca,9420100.0,PR,0.9175933953409692,0.4364413337641422,833.0,171.75,0.92,0.00284,981.0,980.0,0.0,0.0,0.0,0.0,0.0,0.0,0.0,0.0,1.0,Baixo Risco
b4f6e93bcfdac6a517def30890db3a7071ee72186ee4df15c7044fd8d9072318,4744001.0,SC,0.986336342804674,0.9296179762245792,964.0,0.0,0.97,0.0,980.0,988.0,0.0,0.0,0.0,0.0,0.0,0.0,0.0,0.0,1.0,Baixo Risco
12a9e528cf7b21165e012ef77d92da15eb2cfb9ceb020e8d931303e16116db60,7020400.0,SC,0.9902031717044836,0.8586222283923295,817.0,211.6,0.8,0.00765,948.0,989.0,10.0,18830.4,18830.4,0.0,0.0,0.0,0.0,31.2,1.0,Baixo Risco
4584e5fc868f6f0143edf1e3ebe53d833dfb4cb513ba9da4953c313034837693,1052000.0,SC,0.9615539740464484,0.93863124748543,940.0,210.8617021276596,0.96,0.03487,979.0,986.0,0.0,0.0,0.0,0.0,0.0,0.0,0.0,0.0,1.0,Baixo Risco
f4a9386feeaa0cb5b9c690192083a3303f13426241e1784ebccd31bc14ad30d2,1052000.0,RJ,0.4307309847156841,0.5324743191467909,180.0,119.65116279069768,0.56,0.07864,53.0,814.0,1.0,1437.6,1437.6,0.0,0.0,0.0,0.0,29.0,1.0,Baixo Risco
8fbae1b9ab94af08f78dc48e1bc0e80df819c43abb8372cab604929d91832160,6619399.0,PR,0.9058423487565384,0.8530041727895563,95.0,0.0,0.93,0.0,186.0,283.0,0.0,0.0,0.0,0.0,0.0,0.0,0.0,0.0,1.0,Baixo Risco
0ca4c7e41c867f68a712cd2ed08389e6805ec2bb686f617e66744722b99a4eda,4711302.0,MG,0.9201780447248582,0.8920410426498574,954.0,176.53763440860214,0.96,0.06239,982.0,989.0,0.0,0.0,0.0,0.0,0.0,0.0,0.0,0.0,1.0,Baixo Risco
6c35eef3d7cf5bf472bd8ae2d2282132b1a6b4e18f4089fddefb32a1cf636657,4781400.0,Sem Info,1.0,0.8530041727895563,808.0,258.0,0.91,0.0,891.0,984.0,0.0,0.0,0.0,0.0,0.0,0.0,0.0,0.0,1.0,Baixo Risco
06f52a15ee2e17dd6a5637e5fefb155c3fd74c7ce9150e3aaae14867cc67acc0,4633801.0,SC,0.9508791816212254,0.8530041727895563,629.0,154.51282051282053,0.85,0.00726,971.0,988.0,0.0,0.0,0.0,0.0,0.0,0.0,0.0,0.0,1.0,Baixo Risco
cceda0294f1730bd8a3448a85e2c9002d08476b2e7ab0e53510706d9e118727d,4646001.0,SP,0.9267625869100548,0.8504704731023836,958.0,236.340206185567,0.98,0.0,982.0,989.0,1.0,338.04,338.04,1.0,1.0,0.0,0.0,43.0,1.0,Baixo Risco
b2582bee43f613a9b266512b98971b9b4c91030b2c9f88a1c1f2cbca316cedeb,4781400.0,SP,0.9545200102172824,0.8530041727895563,946.0,160.5,0.89,0.0,966.0,988.0,0.0,0.0,0.0,0.0,0.0,0.0,0.0,0.0,1.0,Baixo Risco
ec07c766da706a0ee1bea5e4bcfce7a488c1d2606e1c21adc2b253266911bf0e,4930202.0,RJ,0.865111876637742,0.8530041727895563,936.0,154.56521739130434,0.9,0.0,981.0,989.0,0.0,0.0,0.0,0.0,0.0,0.0,0.0,0.0,1.0,Baixo Risco
7c3feca534df15611dedf9dd714d2837afb94f08cbe15d3f56d76253dd707ab1,4530701.0,SP,0.9704698951219912,0.8937154718093373,963.0,222.66666666666663,0.96,0.0,981.0,989.0,0.0,0.0,0.0,0.0,0.0,0.0,0.0,0.0,1.0,Baixo Risco
9bea1134d225ec591932c7893eef0fff566ab7f8a41d1534c6fa0d7f5ae1adc7,4781400.0,CE,0.7962049560034915,0.8530041727895563,941.0,128.57142857142858,0.94,0.0,966.0,989.0,0.0,0.0,0.0,0.0,0.0,0.0,0.0,0.0,1.0,Baixo Risco
ae5ee3b201c26895726a3f768b3e7ad3ab5950baa5dcdac50359b972d9b3f158,4782201.0,SP,1.0,0.4358762371950873,921.0,292.5,0.98,0.0,966.0,988.0,0.0,0.0,0.0,0.0,0.0,0.0,0.0,0.0,1.0,Baixo Risco
fd1a62505b2b1ef184893660648062f69b56e36f1e43c9a9d2f122db5676779b,4771701.0,PR,0.788923729633021,0.8530041727895563,385.0,109.15625,0.83,0.23801,351.0,982.0,0.0,0.0,0.0,0.0,0.0,0.0,0.0,0.0,1.0,Baixo Risco
0c0be5bd552989d7db1704aa0822714ea45660dd0b0b49d3a3d3f400a748226f,2061400.0,SP,0.9320728703993796,0.8560631127339919,958.0,241.66666666666663,0.95,0.02373,983.0,989.0,0.0,0.0,0.0,0.0,0.0,0.0,0.0,0.0,1.0,Baixo Risco
c8204a2db6a3d432c7e943ce755d4dce53ba2517bf4c1a77bc7aea84ea2f7360,2451200.0,SC,0.9778061234183572,0.8615124093197286,952.0,225.03614457831324,0.96,0.03502,978.0,988.0,3.0,12518.22,12518.22,0.3333333333333333,0.3333333333333333,0.0,0.0,34.333333333333336,1.0,Baixo Risco
fe3a5dc6235c63f2ca4136e53ab5afca9e1e18a739fb4740bfaa88593852a754,1533500.0,SC,0.3589741969071849,0.4416911359793994,159.0,90.77894736842106,0.46,0.01318,453.0,909.0,90.0,70453.45,53790.65,4.188888888888889,0.2222222222222222,0.022222222222222223,16662.8,94.11111111111111,1.0,Baixo Risco
aa138928d5d39851043475ae084d2d2d9d2d0a827f82041e6ea57e349628d58e,4771701.0,PR,0.715330511352027,1.0,902.0,223.8695652173913,0.96,0.08096,971.0,989.0,0.0,0.0,0.0,0.0,0.0,0.0,0.0,0.0,1.0,Baixo Risco
a87273c5e31b9a1fa2b20d373235ab7d2724532e941fe308053d6607915683ee,4781400.0,SP,0.8554165937501845,0.8530041727895563,619.0,54.333333333333336,0.85,0.00788,941.0,986.0,0.0,0.0,0.0,0.0,0.0,0.0,0.0,0.0,1.0,Baixo Risco
1a397df67c7979012c4d21c78eee2cb72fc04d907eab60238c2a58a26c2f52a3,4644301.0,PA,0.9568381601377492,0.8858319958587959,957.0,251.85185185185185,0.97,0.19647,982.0,989.0,0.0,0.0,0.0,0.0,0.0,0.0,0.0,0.0,1.0,Baixo Risco
7b97253740bcb4cd4fec604e14dc5bcd1a8dfa003a1ebd4515a615f02da593ad,4645101.0,SP,0.8922691141478354,1.0,950.0,205.22222222222223,0.93,0.0054,979.0,989.0,0.0,0.0,0.0,0.0,0.0,0.0,0.0,0.0,1.0,Baixo Risco
cd8a75f2e84e7e2484a01cc45d04b4070212a5f8ec520dc93981af21006cda26,4754701.0,RS,0.970528232076959,0.8608468200412189,953.0,225.625,0.88,0.0,978.0,989.0,0.0,0.0,0.0,0.0,0.0,0.0,0.0,0.0,1.0,Baixo Risco
324048fd4f9731e88633c7487224d0871faaf763ce7ea29d49cc846a38a29e6f,4645101.0,Sem Info,0.6507714669299749,0.5594614957692235,776.0,161.340206185567,0.93,0.27554,953.0,988.0,6.0,3497.48,3497.48,0.0,0.0,0.0,0.0,55.333333333333336,1.0,Baixo Risco
2ba50d76ea589bddcc27165db4209787b3da3ec9e51b9cca2e68b5b11abbf6d5,4752100.0,Sem Info,0.2172686251542697,0.987747592032792,868.0,243.3409090909091,0.91,0.60572,978.0,987.0,5.0,35505.53,0.0,55.2,1.0,0.0,35505.53,171.4,1.0,Baixo Risco
eee341af1a3c4266d9803eaf7e3a764c5dbe0ccb3459124740c00825d8b425c3,4634602.0,PR,0.9751076621557796,0.9207261805367448,957.0,213.94117647058823,0.95,0.0,981.0,989.0,0.0,0.0,0.0,0.0,0.0,0.0,0.0,0.0,1.0,Baixo Risco
d924ea094912d19935a456c0e2c069b291592be10f4fd22e5c791325d401219e,4781400.0,RS,1.0,0.8530041727895563,688.0,0.0,0.96,0.0,853.0,983.0,0.0,0.0,0.0,0.0,0.0,0.0,0.0,0.0,1.0,Baixo Risco
98535070ea1e8485bdcada231767b2d9bf39c5189a765647ce1cb7e6e6dd89ab,4930202.0,SP,0.4269364591161412,0.6973224172998688,144.0,107.74166666666666,0.37,0.05457,131.0,982.0,8.0,72390.0,67390.0,0.75,0.25,0.0,5000.0,15.75,1.0,Baixo Risco
7b12e3d776a94e57227213710db64e2635cc378353f042110f906ee7dbea663e,4781400.0,MG,0.9446301790268856,0.8530041727895563,937.0,176.8,0.93,0.23051,982.0,988.0,0.0,0.0,0.0,0.0,0.0,0.0,0.0,0.0,1.0,Baixo Risco
da7633e54d3cdb8bef030f87c344c60f82029ac34c3996646559a77082a97fcb,892403.0,RN,0.7844887382739333,0.8385210539360854,661.0,148.03225806451613,0.6,0.01992,907.0,987.0,11.0,110012.31999999999,112918.84,4.0,0.45454545454545453,0.0,-2906.519999999997,34.63636363636363,1.0,Baixo Risco
dc864d6da3e8b6eec5416f50071cb6e728a3f619f68d399120fbfdb67ffda547,4771701.0,PR,0.9795047896892762,0.8530041727895563,944.0,196.8,0.95,0.10729,973.0,989.0,0.0,0.0,0.0,0.0,0.0,0.0,0.0,0.0,1.0,Baixo Risco
4d5815bbedc46d37cec35ff3826cb0f31d40859e3b25f838d31c1a82641fbb26,4771701.0,PE,0.8105347501026923,0.8530041727895563,941.0,260.26666666666665,0.92,0.0,979.0,987.0,0.0,0.0,0.0,0.0,0.0,0.0,0.0,0.0,1.0,Baixo Risco
8e2e25ec1d7b56bbe05d8b7e5ba1062495ece259783c7603e2d586f8636ab271,4789002.0,SC,0.9506053042666328,0.8530041727895563,728.0,110.28571428571428,0.88,0.06765,892.0,984.0,0.0,0.0,0.0,0.0,0.0,0.0,0.0,0.0,1.0,Baixo Risco
e0cfc3db0348a3b4823388463aabd9bff821a1a1546e6447a17a749a772a1efa,4771701.0,PR,0.91047860303925,0.8530041727895563,950.0,236.56410256410257,0.99,0.00876,981.0,988.0,0.0,0.0,0.0,0.0,0.0,0.0,0.0,0.0,1.0,Baixo Risco
208d2d0eb39d885bc036cc97997a2d9d70c6953bf43bd51699c3f76a39f4b03f,4781400.0,MG,0.8164732635800905,0.8530041727895563,854.0,216.7692307692308,0.99,0.0,462.0,982.0,0.0,0.0,0.0,0.0,0.0,0.0,0.0,0.0,1.0,Baixo Risco
f7707daa9f0cc2425803777c6f1d5e4ea9f1baa605c28f2cdc425be02a7cdf43,4771701.0,PR,0.9986816097768082,0.8530041727895563,950.0,0.0,0.99,0.0,983.0,988.0,0.0,0.0,0.0,0.0,0.0,0.0,0.0,0.0,1.0,Baixo Risco
583e5747500803b1d7d73e7f33436c8ea90ab2aca0b405ef351472e22b2bbdb0,4691500.0,GO,0.94068684549004,0.4224615093068004,951.0,216.3359073359073,0.97,0.03256,982.0,989.0,0.0,0.0,0.0,0.0,0.0,0.0,0.0,0.0,1.0,Baixo Risco
90d35ed1e16caf49da734b0dfbe8e0b12c877d5b0ad2c49b8e5faff5195730e3,4755502.0,AL,0.9301688363455376,0.8530041727895563,958.0,182.5228426395939,0.98,0.08554,981.0,989.0,0.0,0.0,0.0,0.0,0.0,0.0,0.0,0.0,1.0,Baixo Risco
20787cf91b869546200b5e4242f5dda240db3ccb67460b5e82ecb2130d24717f,4711302.0,GO,0.9774470205000718,0.948460080836143,944.0,208.81666666666663,0.97,0.04388,981.0,989.0,0.0,0.0,0.0,0.0,0.0,0.0,0.0,0.0,1.0,Baixo Risco
3fe267390594c34449d13f7d19cb180855b3ce7f74d2c562ce0466c1e55ac09c,4782201.0,RJ,0.9871577207416288,0.8530041727895563,958.0,164.30769230769232,0.88,0.00837,958.0,988.0,0.0,0.0,0.0,0.0,0.0,0.0,0.0,0.0,1.0,Baixo Risco
74d3241c1a43abd258b2ebd2d8df6bf07911d30cab85bd56f95b4b7081a6247b,1710900.0,AM,0.05,0.9725780085213184,799.0,9.0,0.5,1.0,865.0,978.0,2.0,23743.79,23743.79,0.0,0.0,0.0,0.0,58.5,1.0,Baixo Risco
9b895fac27070b0c934d3a5a8cc3fcf56828c1bb10c0248b0b15aa325436df4f,4781400.0,SP,0.9429944981429266,0.8530041727895563,946.0,172.6,0.98,0.05941,979.0,988.0,0.0,0.0,0.0,0.0,0.0,0.0,0.0,0.0,1.0,Baixo Risco
2a61c09365d15ebc5813249900b353dfd5e7f16abd6b2e3bb4feb9f56d3c3fe5,4754701.0,ES,0.8540231525719817,0.8530041727895563,911.0,131.0,0.85,0.06608,956.0,987.0,0.0,0.0,0.0,0.0,0.0,0.0,0.0,0.0,1.0,Baixo Risco
5ec5a842d3edda5c67276c3b537e96671e66a80803333772f672625933965be1,4781400.0,BA,0.8735240809807284,0.8530041727895563,950.0,186.1,0.96,0.0,981.0,988.0,0.0,0.0,0.0,0.0,0.0,0.0,0.0,0.0,1.0,Baixo Risco
b011fa67dfc824691970f7df9b77fe1d74b6aea799f727bd4181eb93e9670d74,1412601.0,CE,0.1764979890559672,0.8530041727895563,818.0,196.65217391304347,0.69,0.06764,366.0,958.0,0.0,0.0,0.0,0.0,0.0,0.0,0.0,0.0,1.0,Baixo Risco
75007ef34eb604fb94a4ecd54371b30e7a830683b5cba8ef2f5069e8b5260444,4781400.0,BA,0.853546316757876,0.8530041727895563,836.0,150.08333333333334,0.84,0.40166,983.0,989.0,0.0,0.0,0.0,0.0,0.0,0.0,0.0,0.0,1.0,Baixo Risco
c718dc4d2a110e7ed2b72f708d20d5044204df6defc4b4d42d4c166898a9280e,4672900.0,RS,0.9941526258152128,0.8457214236957907,945.0,273.5892857142857,0.98,0.0047,980.0,989.0,0.0,0.0,0.0,0.0,0.0,0.0,0.0,0.0,1.0,Baixo Risco
b19359cff8d6f51740a15587f4773308bf20711a049894938a2ee7c269b74ff6,4781400.0,GO,0.9115997503261832,0.8530041727895563,590.0,221.28571428571428,0.97,0.07444,908.0,987.0,0.0,0.0,0.0,0.0,0.0,0.0,0.0,0.0,1.0,Baixo Risco
abbad2d63f38a69d571d5bbc7e203020fe9030733d3173c00148b1f5f1c6e589,5611201.0,GO,0.9487592750970336,0.8530041727895563,873.0,227.7142857142857,0.91,0.01563,974.0,989.0,0.0,0.0,0.0,0.0,0.0,0.0,0.0,0.0,1.0,Baixo Risco
ebf972e71186b7865a703fa33f02605b965b97b0c6a51214ff87029735c8538d,4772500.0,PR,0.3780527984942837,0.8530041727895563,254.0,278.0,0.73,0.0,125.0,933.0,0.0,0.0,0.0,0.0,0.0,0.0,0.0,0.0,1.0,Baixo Risco
f088ba3bf83d7f47a454c528ffb848749dc95869912ef466a763374e715e9a39,4771701.0,PR,0.8537562068329528,0.8530041727895563,668.0,189.05128205128204,0.93,0.05668,643.0,981.0,0.0,0.0,0.0,0.0,0.0,0.0,0.0,0.0,1.0,Baixo Risco
c934af8b320c8af6be290fdb90879f36bee70f41a49fa14fbacbd42dc23f8b9b,4633801.0,SP,0.8690528094087374,0.05,945.0,249.97619047619048,0.95,0.00017,980.0,988.0,0.0,0.0,0.0,0.0,0.0,0.0,0.0,0.0,1.0,Baixo Risco
a9063d75936a1de9ba3dd89a0f716e18b0c8402cc7d95a706c11c7a316621db6,4744099.0,MS,0.8296849940339149,0.8755426093894892,911.0,182.8051948051948,0.91,0.03891,980.0,989.0,0.0,0.0,0.0,0.0,0.0,0.0,0.0,0.0,1.0,Baixo Risco
85ddaf39426268a59499b2e1b32bf4ab2cdb850fa90b0e9d2f7d1a5453a76fb4,4729699.0,PR,0.9931033365207932,1.0,918.0,287.1,0.87,0.0,955.0,988.0,0.0,0.0,0.0,0.0,0.0,0.0,0.0,0.0,1.0,Baixo Risco
d8a0354f7df2ee3d17784a894630cf8d234b09e4ec6ab803a80a3a8474b65c06,4634601.0,RJ,0.8602450227312318,0.7719576631322307,856.0,148.81592039800995,0.94,0.10585,977.0,989.0,0.0,0.0,0.0,0.0,0.0,0.0,0.0,0.0,1.0,Baixo Risco
a0d4e72d8fcd60531c78e52e3dea329b89f618f46898444591ff149af33663e9,4771701.0,PR,0.2223270624224999,0.8530041727895563,154.0,89.68085106382979,0.77,0.25329,23.0,739.0,0.0,0.0,0.0,0.0,0.0,0.0,0.0,0.0,1.0,Baixo Risco
d9f5c84051ceda04be1570f5dbdee03236a6208654ec94f2072c327a9fbb4e55,4781400.0,SC,0.896569244898705,0.7126006198054219,714.0,209.7619047619048,0.85,0.0,958.0,988.0,0.0,0.0,0.0,0.0,0.0,0.0,0.0,0.0,1.0,Baixo Risco
78db86c0d013b73435ca602f32f09c93ced640b71ee5fbd31d6b2faabde96a9d,4781400.0,SC,0.9806530030169062,0.8530041727895563,636.0,0.0,0.81,0.0,857.0,983.0,0.0,0.0,0.0,0.0,0.0,0.0,0.0,0.0,1.0,Baixo Risco
4e37217196b2c71147374cb8137fb51b2addf6e897a33fc9f5d7c11f5437fed3,4712100.0,MS,0.8546838339033693,0.8530041727895563,886.0,184.82608695652172,0.94,0.04239,960.0,986.0,0.0,0.0,0.0,0.0,0.0,0.0,0.0,0.0,1.0,Baixo Risco
b06a218d7d9889683f9012e120df09e93d76351db3b1f4bc1d364e1f74afc90d,4711302.0,RS,0.9522008269076008,1.0,960.0,221.39877300613497,0.97,0.03624,981.0,989.0,0.0,0.0,0.0,0.0,0.0,0.0,0.0,0.0,1.0,Baixo Risco
e8ad1e2f3bf4b6ac46954f1ee44386092db916deb5c3cb1a2403da6a09a0880e,4683400.0,SC,0.9894951353324845,0.4179472766165719,951.0,209.0909090909091,0.93,0.0,973.0,988.0,0.0,0.0,0.0,0.0,0.0,0.0,0.0,0.0,1.0,Baixo Risco
85b655fc48bdc5c603f9ff78a1d89baed3ffe4bd60e35d61c70a1d515a6f9de4,4685100.0,Sem Info,0.9961837549096516,0.9191822213716416,957.0,258.67857142857144,0.97,0.0,982.0,989.0,3.0,206734.8,206734.8,0.0,0.0,0.0,0.0,60.0,1.0,Baixo Risco
1aeb6f5aedcd431cbe142887f421d7c21c4c008a1ef52bc6cf0b4508ddccc925,4635499.0,SP,0.8999859102241329,0.9696434929149326,782.0,180.7177033492823,0.91,0.00095,949.0,988.0,0.0,0.0,0.0,0.0,0.0,0.0,0.0,0.0,1.0,Baixo Risco
9f513acbf90928ba9d245f3e75e819bbe53898a5fd80968a3c99b7bdc910de2e,2219600.0,Sem Info,0.9234816934481824,1.0,763.0,167.6,0.89,0.06861,926.0,988.0,6.0,30204.08,30204.08,0.16666666666666666,0.16666666666666666,0.0,0.0,41.166666666666664,1.0,Baixo Risco
043ff829a5866403be9983860405d4a63ce140b6dfb2320fa56174158395596f,4774100.0,SC,0.6288896839909455,0.8530041727895563,875.0,173.34285714285716,0.95,0.00257,982.0,989.0,0.0,0.0,0.0,0.0,0.0,0.0,0.0,0.0,1.0,Baixo Risco
2d071994469cb36025665408cb530f73fb377056a16a2a9693cc7756e2b86256,2121101.0,GO,0.7971360736608796,0.8530041727895563,443.0,130.66137566137567,0.79,0.0644,878.0,985.0,2.0,1261.3,1284.0700000000002,2.5,1.0,0.0,-22.770000000000095,64.0,1.0,Baixo Risco
b308dc8e50b8489ecc720f193af8a554151a8ecf6acca2d0d7f38e2204d1d179,4781400.0,RS,0.9131093440298644,0.579446575748715,940.0,230.453125,0.94,0.06169,982.0,989.0,0.0,0.0,0.0,0.0,0.0,0.0,0.0,0.0,1.0,Baixo Risco
57c28d5994a1e6ba1c24aaac305986a5720ccde39a75132c3bdef9c91b941afe,4781400.0,SE,0.9233881230734796,0.8530041727895563,725.0,130.22222222222223,0.76,0.11133,960.0,989.0,0.0,0.0,0.0,0.0,0.0,0.0,0.0,0.0,1.0,Baixo Risco
8f9a02a2459bea03dd8ba63dab43e691997e6b79f3cd4e1c785ef44ac104b09a,4771701.0,PR,0.9701304791185716,0.8530041727895563,951.0,224.64705882352945,0.97,0.01994,973.0,989.0,0.0,0.0,0.0,0.0,0.0,0.0,0.0,0.0,1.0,Baixo Risco
587c6e6e9fef9acd65f7a55c96ebc0c25a28ca9df28cd6e7aee54303cbd55d30,1012101.0,MG,0.909179742762415,0.9503100557271036,829.0,156.5857142857143,0.94,0.01929,973.0,988.0,2.0,251279.81,251279.81,0.0,0.0,0.0,0.0,19.0,1.0,Baixo Risco
5c4e91478accff470d5434bab488d851def6c45cccb808b7c9efcf035b2119a5,4665600.0,SP,0.954401721193788,0.930196357619747,947.0,0.0,0.88,0.0,935.0,988.0,0.0,0.0,0.0,0.0,0.0,0.0,0.0,0.0,1.0,Baixo Risco
f378d9155d64c13530a0dd6281a4b2c5c90e81252d476e96aab8419a467416ec,4771701.0,PR,0.9871458608672052,0.8530041727895563,945.0,202.86666666666667,0.99,0.15626,982.0,988.0,0.0,0.0,0.0,0.0,0.0,0.0,0.0,0.0,1.0,Baixo Risco
1864bc06db247d35fac8f4f15192e9858c1505cbceec184283abf422bd402c14,8650004.0,RJ,0.4889010687859688,0.8530041727895563,755.0,276.5,0.62,0.0,524.0,958.0,0.0,0.0,0.0,0.0,0.0,0.0,0.0,0.0,1.0,Baixo Risco
45aa260d7868910aa2005616fabcab18ac65d2395a495fa0897dc22f53703f33,6822600.0,PI,0.9510530708394768,0.8530041727895563,418.0,97.14285714285714,0.83,0.0,656.0,985.0,0.0,0.0,0.0,0.0,0.0,0.0,0.0,0.0,1.0,Baixo Risco
d0a7d3d60f425dc441d408af24d9fe998054d2339a5d17fbfc345ebbcb6e0327,2511000.0,RS,0.2488495759357534,1.0,78.0,138.79425837320574,0.22,0.03117,39.0,837.0,1.0,15000.0,15000.0,0.0,0.0,0.0,0.0,6.0,1.0,Baixo Risco
a7327d0e772ee83d8afd89ec599c26dbb091ae5737e91b66df801f0b1b7d6a64,1412601.0,SC,0.9592099021755937,0.740059213437683,847.0,207.2,0.92,0.0,934.0,985.0,2.0,988.47,988.47,0.0,0.0,0.0,0.0,45.0,1.0,Baixo Risco
7daa13a3fa440349817b8f08adf54223a5728522efe60e5ca82425b3812288b5,2733300.0,SP,0.5535070190575049,0.2706497126872667,178.0,146.45,0.61,0.0,801.0,972.0,0.0,0.0,0.0,0.0,0.0,0.0,0.0,0.0,1.0,Baixo Risco
df732473a0adaa9c38d88723ccf44beaf7d4880df7dab5531d802d2321758b37,4781400.0,MG,0.9735408679863252,0.8530041727895563,820.0,192.92307692307693,0.94,0.07834,952.0,987.0,0.0,0.0,0.0,0.0,0.0,0.0,0.0,0.0,1.0,Baixo Risco
009e7f9dcb9c3cf5a3cdc39a1a851c825de02e5851d507d9e42490333ed47a69,2222600.0,RS,0.9466251510176296,0.9933240886056112,952.0,268.02,0.97,0.0,983.0,988.0,0.0,0.0,0.0,0.0,0.0,0.0,0.0,0.0,1.0,Baixo Risco
1f358738b1233171183a0572f3f015a8ee4fd2662f9a97f64fca065fa86a3c34,4781400.0,GO,0.4868930492844183,0.8530041727895563,658.0,264.3333333333333,0.89,0.0,628.0,953.0,0.0,0.0,0.0,0.0,0.0,0.0,0.0,0.0,1.0,Baixo Risco
0c0963a3a91114d4fe5b5126438afec40504c7ede2c68c66920e3557d7abd0df,5611201.0,SP,0.9771770434880472,0.8530041727895563,934.0,216.25531914893617,0.96,0.05276,978.0,989.0,0.0,0.0,0.0,0.0,0.0,0.0,0.0,0.0,1.0,Baixo Risco
7d247fe03e33597f53ac72d3f116d88b8650dc71fe64a05a041f40f5f0b88c02,4789099.0,MG,0.6784867709908051,0.6143736601034192,837.0,153.0,0.86,0.0,946.0,987.0,1.0,2142.65,2142.65,0.0,0.0,0.0,0.0,28.0,1.0,Baixo Risco
94b004a34f41e8ebf97623417f1462be470ca1b3d954370dfa2e26ed4be1870d,2222600.0,SC,0.9388478904404252,0.9571657850330028,934.0,248.16666666666663,0.96,0.20913,980.0,988.0,8.0,106025.6,100798.4,0.0,0.0,0.0,5227.2,74.125,1.0,Baixo Risco
d0636f5f5307d2b073c07a114e07bd1ebd7e6170287ffd15f0a91607433c391d,4530703.0,Sem Info,0.8923549834245577,0.9497576286453407,885.0,220.8135593220339,0.97,0.4234,953.0,985.0,1.0,229.97,229.97,0.0,0.0,0.0,0.0,84.0,1.0,Baixo Risco
5ca4c6e13f085d9cb991def42e2684c62e8d985dd1c9f817aea58ec986810e68,1412601.0,SP,0.7057847630589259,0.9887477194826072,919.0,146.16326530612244,0.94,0.0,972.0,985.0,0.0,0.0,0.0,0.0,0.0,0.0,0.0,0.0,1.0,Baixo Risco
e0967d72e88d50d8df24cff7c36cb4ff2a98a2b1d60b7d44d4a7ce3f7c267530,2790299.0,SP,1.0,0.8530041727895563,959.0,285.0,0.97,0.0,967.0,988.0,0.0,0.0,0.0,0.0,0.0,0.0,0.0,0.0,1.0,Baixo Risco
d1ca1ad56892ad3eebc00b4222c6977ac0afb2d112f15c59af850dd1f83db41b,4711302.0,PR,0.9817763726256956,0.8530041727895563,966.0,106.25,0.93,0.0758,984.0,989.0,0.0,0.0,0.0,0.0,0.0,0.0,0.0,0.0,1.0,Baixo Risco
6fd4ae78ba7a85efbc1c17f9b167d9e50c8a2e952933b9a68727633a9b3369fa,4782201.0,RJ,0.9264843014805392,0.8530041727895563,921.0,147.5,0.91,0.03376,975.0,989.0,0.0,0.0,0.0,0.0,0.0,0.0,0.0,0.0,1.0,Baixo Risco
df22d93d079ea97c49c10ca28d670097ea9c76862629381b134467650d3ba3c3,4772500.0,RJ,0.5468082572257367,0.8530041727895563,804.0,112.84210526315788,0.87,0.25386,948.0,988.0,0.0,0.0,0.0,0.0,0.0,0.0,0.0,0.0,1.0,Baixo Risco
4fb62b085edb7eb3f87dfac1972ab36c140dace0fec7a9d901a43b046cbd5945,1539400.0,RS,0.5710633180894715,0.6574325344596659,484.0,146.80779944289694,0.65,0.01386,463.0,969.0,1.0,2932.16,2932.16,0.0,0.0,0.0,0.0,30.0,1.0,Baixo Risco
6d400687cbcca0628fd60eb356599f4574e20eaf8b8982351c6f363f6254efe8,5240101.0,SP,0.932676385216102,0.8211392381456665,733.0,44.8,0.81,0.09535,894.0,988.0,0.0,0.0,0.0,0.0,0.0,0.0,0.0,0.0,1.0,Baixo Risco
d7eed0b3b94c305368842242e0f7f07d93c97de018a5f216a094dbe1b03f3449,4712100.0,BA,0.8414348990541196,0.8530041727895563,820.0,190.1,0.89,0.17858,959.0,989.0,0.0,0.0,0.0,0.0,0.0,0.0,0.0,0.0,1.0,Baixo Risco
e4c476a3e01784309ca3fd7d59dc6319bfd86fc62f18852ec0aca688ba7f151a,4330404.0,SP,0.951622287695425,0.8530041727895563,790.0,214.5,0.93,0.50234,956.0,985.0,0.0,0.0,0.0,0.0,0.0,0.0,0.0,0.0,1.0,Baixo Risco
bba8c27704d429a444abc8ef487c00cae651db28450e5fd9fe8bd85667a1fe09,4772500.0,SP,0.9312450349720072,0.8530041727895563,921.0,220.9,0.96,0.0,959.0,986.0,0.0,0.0,0.0,0.0,0.0,0.0,0.0,0.0,1.0,Baixo Risco
28802d985a337ec05d24283b0bda15f1f1e3e10cc9e42a312015ea2b66d52f0b,5611201.0,GO,0.9426766612511271,0.8530041727895563,963.0,189.7058823529412,0.96,0.16207,980.0,988.0,0.0,0.0,0.0,0.0,0.0,0.0,0.0,0.0,1.0,Baixo Risco
ef88192d65b6fb943ef261c566368e6f17fc6e9d402945c88033fc18d9e1b18d,1121600.0,AL,0.5416667380526021,0.4646349694314185,443.0,116.82432432432432,0.78,0.11463,871.0,986.0,0.0,0.0,0.0,0.0,0.0,0.0,0.0,0.0,1.0,Baixo Risco
0225c5d1c27e9cba51f2aeb4cd522631ff9d02ab05343987d73ea5cd11fd01a9,4781400.0,SP,0.9969575165313656,0.8530041727895563,924.0,223.3,0.97,0.0296,983.0,988.0,0.0,0.0,0.0,0.0,0.0,0.0,0.0,0.0,1.0,Baixo Risco
ef7b90a487cde4e5cc3a8550aa41549a77764300c23c699a1aa8eefd473e95c9,4712100.0,PR,0.974989408565372,0.8530041727895563,938.0,226.17283950617283,0.96,0.02413,975.0,989.0,0.0,0.0,0.0,0.0,0.0,0.0,0.0,0.0,1.0,Baixo Risco
8612b5b28f3b97296872168513f241767b8c7e73c7fe995b2c595a2965cf7a86,4712100.0,Sem Info,0.939561435240756,0.8530041727895563,952.0,180.08333333333334,0.95,0.07016,982.0,988.0,0.0,0.0,0.0,0.0,0.0,0.0,0.0,0.0,1.0,Baixo Risco
2c07f2bd2dedb9f46a8d110dca0b9e00135c80241e5d5d2869222e5a43db5d68,4646002.0,PE,0.9900024931181158,0.9175579264534988,940.0,225.0952380952381,0.95,0.08213,979.0,987.0,0.0,0.0,0.0,0.0,0.0,0.0,0.0,0.0,1.0,Baixo Risco
3dbd2660f65e84d035e6ef59d1ef750ab80f69c0dfc0a30d553972ead2971791,4712100.0,PR,0.9915331090249212,0.8530041727895563,954.0,240.1081081081081,0.97,0.01244,978.0,988.0,0.0,0.0,0.0,0.0,0.0,0.0,0.0,0.0,1.0,Baixo Risco
9b058b3e70e24c75538979ff3747ff9093d72c661c83d35f2b5b46e15052b90c,4744005.0,SC,0.929384060763687,0.8927309871381007,963.0,232.14285714285717,0.98,0.0,978.0,989.0,0.0,0.0,0.0,0.0,0.0,0.0,0.0,0.0,1.0,Baixo Risco
dd1b01f0e4962a3dfb89b2d06398a85c2f333625f51bbf6253cafb58c2e0f71f,4771701.0,PR,0.9355607385114668,0.8530041727895563,926.0,175.21951219512195,0.96,0.06742,969.0,987.0,0.0,0.0,0.0,0.0,0.0,0.0,0.0,0.0,1.0,Baixo Risco
af3f2fc7ad9fd8cfc12e314a094893327ec3e8b8ceec6ff5591d622ab1ec2990,4399102.0,SP,0.05,0.8530041727895563,38.0,64.25,0.05,0.22256,40.0,99.0,0.0,0.0,0.0,0.0,0.0,0.0,0.0,0.0,1.0,Baixo Risco
ce2178e41d055b425ac501aa0ad009fcf8a6c3435db720be53f5d9eba9567752,8299799.0,PR,0.9040643299751282,0.997367828417624,958.0,133.25,0.95,0.0,975.0,989.0,0.0,0.0,0.0,0.0,0.0,0.0,0.0,0.0,1.0,Baixo Risco
a5142649ed9aa645898f92be6adda10fba7bf90f314364e5fa0ae88620c81951,4781400.0,GO,0.8387712248641092,0.8530041727895563,911.0,123.85185185185183,0.98,0.31842,980.0,988.0,0.0,0.0,0.0,0.0,0.0,0.0,0.0,0.0,1.0,Baixo Risco
eb85f366d04bc05d657aae59555c7b2126a2be6f9ac24216060b49ee0527313d,4922102.0,SP,0.9635050268018004,0.8530041727895563,948.0,162.6081871345029,0.96,0.01388,982.0,989.0,0.0,0.0,0.0,0.0,0.0,0.0,0.0,0.0,1.0,Baixo Risco
5010609d439c629fc9d501da6d758dfa45efafbceff07d53310d98b93adb648b,810002.0,RJ,0.9705561658261054,1.0,950.0,211.0,0.93,0.02027,982.0,987.0,0.0,0.0,0.0,0.0,0.0,0.0,0.0,0.0,1.0,Baixo Risco
2c2ce7df3de06237f26bf111d65d4f08256c75c8f5fd5d06e27dea548c5f86b4,4781400.0,DF,1.0,0.8530041727895563,412.0,0.0,0.67,0.0,817.0,963.0,0.0,0.0,0.0,0.0,0.0,0.0,0.0,0.0,1.0,Baixo Risco
309f5ac089ee093c1f0dd1e75f1f61feb2ae0519ac19beccbeebeff0386c789d,4712100.0,PR,1.0,0.8530041727895563,948.0,337.7142857142857,1.0,0.0,981.0,988.0,0.0,0.0,0.0,0.0,0.0,0.0,0.0,0.0,1.0,Baixo Risco
ad759054f8bcd211b801f940ae7f82741de588ad7228b32b80cee5b062b7d99a,2949299.0,SP,0.9382308656354555,0.8530041727895563,762.0,186.02564102564105,0.92,0.01999,950.0,989.0,2.0,6916.76,6916.76,0.0,0.0,0.0,0.0,35.0,1.0,Baixo Risco
329268f44ddca6b0f2915e6152dcd91254cdad184601f5826b3b04b22fddf7ea,4744001.0,Sem Info,0.6651136023560238,0.8809813829938462,137.0,119.5,0.49,0.18954,244.0,957.0,1.0,976.0,980.2,1.0,1.0,0.0,-4.2000000000000455,46.0,1.0,Baixo Risco
2aced40c796e5743916999ef05d1454f28290b58b932db98d7dcc7f35b5b4543,4754701.0,RJ,0.8789493431364408,0.8530041727895563,483.0,174.82758620689654,0.8,0.02885,966.0,983.0,0.0,0.0,0.0,0.0,0.0,0.0,0.0,0.0,1.0,Baixo Risco
5c48e8f1a9150a7147dac286e5acef62575ee07ba1d6a578e262c980be210b3e,2229302.0,SP,0.9300577051383364,0.968401174594236,175.0,117.43636363636364,0.66,0.00633,492.0,988.0,1.0,231972.44,231972.44,0.0,0.0,0.0,0.0,40.0,1.0,Baixo Risco
dfa1d38e229125ebee0e970b9867e94286f836a0e0e0103485699322a95b9afc,7490199.0,SP,0.9530441665979424,0.8520091050815923,961.0,255.0,0.94,0.0,984.0,989.0,34.0,3015948.38,2589395.93,0.11764705882352941,0.08823529411764706,0.0,426552.45,38.294117647058826,1.0,Baixo Risco
434ead7c8ed046e777e8ea2e008b1e32d33cc1e5586bce7fbe93e6ecf0434deb,8610101.0,RJ,0.6657470980006467,0.8530041727895563,702.0,122.41176470588236,0.89,0.00147,937.0,988.0,0.0,0.0,0.0,0.0,0.0,0.0,0.0,0.0,1.0,Baixo Risco
c4b40b436abd95a47e3e8364c85f2e903b137c66e62fc8ba678cb0bd1d4938af,4781400.0,RS,0.4524895308396621,0.8530041727895563,565.0,8.0,0.9,1.0,70.0,351.0,0.0,0.0,0.0,0.0,0.0,0.0,0.0,0.0,1.0,Baixo Risco
9a1072473508f642b4cd4f810fb876a6b55861a08566c98b2546d4e55055a3a3,4530701.0,SP,0.4330622037497965,0.8530041727895563,367.0,0.0,0.29,0.0,772.0,969.0,3.0,2500.3599999999997,2500.3599999999997,0.0,0.0,0.0,0.0,57.666666666666664,1.0,Baixo Risco
33ab72116ba6512ea93fdd0fd0c54ab8edd71000b90f570e5cb55a7d296219c9,4711302.0,GO,0.9555919793532092,1.0,964.0,227.88073394495413,0.96,0.01246,983.0,989.0,0.0,0.0,0.0,0.0,0.0,0.0,0.0,0.0,1.0,Baixo Risco
bc058eff451895638758f433eef687d17776056eebbb292d87150429872691c0,4712100.0,BA,0.9494181613683336,0.8530041727895563,945.0,243.11428571428573,0.99,0.01052,978.0,986.0,0.0,0.0,0.0,0.0,0.0,0.0,0.0,0.0,1.0,Baixo Risco
82156a69d9689af7360c5ea7402355f2fcd6f1262e35188dc979af8502a8f50d,4772500.0,SP,0.92560920346424,0.7507323797692947,910.0,137.125,0.84,0.20186,956.0,987.0,0.0,0.0,0.0,0.0,0.0,0.0,0.0,0.0,1.0,Baixo Risco
698bdeef7f65b78395875d43b6cfcebdcced85332fca5290976f9c2cad1e6d2e,1066000.0,SC,0.9657893071097866,0.8761730613340946,947.0,123.33333333333331,0.93,0.0,976.0,988.0,0.0,0.0,0.0,0.0,0.0,0.0,0.0,0.0,1.0,Baixo Risco
98d05b7807a9017ba833ccc3690857852d54c95e8184f4589f87b8823a5749a6,4782201.0,MG,0.6586431899002662,0.8530041727895563,909.0,241.0,0.76,0.0,917.0,987.0,0.0,0.0,0.0,0.0,0.0,0.0,0.0,0.0,1.0,Baixo Risco
897c23bdc242b1728fb51aab26abfd6bc66393e8bee0bfde91f0847c97000bda,4781400.0,MG,0.8527495149477017,0.8530041727895563,831.0,289.0,0.93,0.0,960.0,988.0,0.0,0.0,0.0,0.0,0.0,0.0,0.0,0.0,1.0,Baixo Risco
4421002e58a28b1e8f9161504a86df5c6f2524f86d861a39f8855e9631c26098,4644301.0,BA,0.933735583990811,0.8751751199174966,943.0,230.47222222222223,0.99,0.00174,978.0,988.0,0.0,0.0,0.0,0.0,0.0,0.0,0.0,0.0,1.0,Baixo Risco
09740281d16ef10b61624ed0f4508c66b126fd2400798d41f387881b6297b963,4771701.0,PR,0.9297705730123776,0.8530041727895563,884.0,242.4,0.99,0.0,901.0,987.0,0.0,0.0,0.0,0.0,0.0,0.0,0.0,0.0,1.0,Baixo Risco
c7c2e5bbddf6123767b2ebda6c96bdfe4f81ab4aeff6c108d8e039cd9a2fc9d7,1412601.0,SP,0.9724245030120592,0.8530041727895563,820.0,138.0,0.76,0.0,745.0,984.0,0.0,0.0,0.0,0.0,0.0,0.0,0.0,0.0,1.0,Baixo Risco
be608cab6e961fd449a917855eee0fa428058fd86b9dfa2f6d162853b61f18c0,1099699.0,Sem Info,0.1983575783984051,0.6737098373505781,178.0,116.91346153846152,0.66,0.09805,48.0,754.0,1.0,345.5,0.0,0.0,0.0,1.0,345.5,0.0,1.0,Baixo Risco
676da921309b2152df3ac811137d4c577f623f993a45b466aa74b30f377aa157,4530702.0,SP,0.9546835338505598,0.8468686790957343,934.0,172.5,0.92,0.0,973.0,988.0,1.0,7924.42,7924.42,1.0,1.0,0.0,0.0,241.0,1.0,Baixo Risco
69dd175f4c54499b9ea6514359b93c3907c24747025c5c80b7974e224fd983f3,1099699.0,SP,0.9258330155355942,0.9459173412058056,889.0,192.2,0.95,0.0,978.0,988.0,0.0,0.0,0.0,0.0,0.0,0.0,0.0,0.0,1.0,Baixo Risco
454dbf3e7139595711c0b0c9725d92b80175be6d7db2bde72f12f384e70e292d,4744099.0,BA,0.4339380843136375,0.8530041727895563,229.0,86.42857142857143,0.5,0.75709,361.0,875.0,0.0,0.0,0.0,0.0,0.0,0.0,0.0,0.0,1.0,Baixo Risco
3df084d2e0e2973898d82fc346a1c6d239c078c17f7e7a331504d6a60523a61f,4686901.0,SP,0.864921789426036,0.7401900892814531,921.0,162.0,0.95,0.40811,978.0,987.0,28.0,60393.840000000004,57510.75,1.7857142857142858,0.32142857142857145,0.0,2883.0899999999997,44.607142857142854,1.0,Baixo Risco
ece9f222f4e7a39f6c6ff698d7f57da720e8c6cfb8aebb7fa101f3391a44edd4,4781400.0,MG,0.05,0.8530041727895563,81.0,45.5,0.25,0.1945,28.0,157.0,0.0,0.0,0.0,0.0,0.0,0.0,0.0,0.0,1.0,Baixo Risco
83a858aaa45e5dcee41aad87385d6a5b7f5de996796d2b971bcb35a417c2ca75,1099699.0,MS,0.8686390082612235,0.612477707969193,857.0,164.64948453608247,0.9,0.13513,971.0,988.0,0.0,0.0,0.0,0.0,0.0,0.0,0.0,0.0,1.0,Baixo Risco
e94eeeb1a67379e8fb0fb981f641d69a077c9b2a9e4251cef1f4e999a95e5874,4646001.0,GO,0.9265886704595692,0.9400146352421914,894.0,165.48,0.92,0.11655,983.0,989.0,0.0,0.0,0.0,0.0,0.0,0.0,0.0,0.0,1.0,Baixo Risco
d3a5e7308dcd5cb8c15891ed4ff4b1985f92e29b23fd2d87cd002048f4d8e2bb,4644301.0,RS,0.5260052702453739,0.3936713926686349,786.0,140.25806451612902,0.88,0.27065,962.0,988.0,1.0,1196.08,1196.08,0.0,0.0,0.0,0.0,9.0,1.0,Baixo Risco
57eabf73a272bb4647c929c4ce10d89823586c709a1481c73f87ae2944f8845b,4712100.0,BA,0.9905413658225636,0.8530041727895563,962.0,154.92307692307693,0.97,0.0,980.0,989.0,0.0,0.0,0.0,0.0,0.0,0.0,0.0,0.0,1.0,Baixo Risco
7700da74e2a2bcf2c0d2148d42dab6580690745cf671b7c71a8d5eec984e4b46,4520001.0,Sem Info,0.3366623436916764,0.8047675618394449,98.0,82.40092165898618,0.48,0.08263,54.0,906.0,19.0,10453.37,608.88,48.05263157894737,0.8947368421052632,0.0,9844.49,129.52631578947367,1.0,Baixo Risco
26ff9da8c06f1171d571f012c4e16c6d7e7470d5e55e4123b3548bfd747c9ef6,4771701.0,PR,0.9338354588773544,0.8530041727895563,927.0,173.89473684210526,0.98,0.31426,981.0,986.0,0.0,0.0,0.0,0.0,0.0,0.0,0.0,0.0,1.0,Baixo Risco
d5136f7c01b63e1c1be20aa8da417704cc17760b23acdb15dfc122b58bc5ae31,4763602.0,MS,0.3894273547098493,0.8530041727895563,488.0,21.0,0.71,0.0,840.0,981.0,0.0,0.0,0.0,0.0,0.0,0.0,0.0,0.0,1.0,Baixo Risco
5f383934af528e545c8260f19aec20843767cff63d5922a5608c994a7a66132e,2949299.0,RS,0.7823388175579107,0.8538410309944913,939.0,250.5625,0.95,0.00097,982.0,989.0,1.0,2733.58,2733.58,0.0,0.0,0.0,0.0,28.0,1.0,Baixo Risco
da8b4c01a3b32c9bc90c4fc814e23ce18d2de5dc1ee3a9b66af01526d996b506,4781400.0,SP,0.9771509866199196,0.8530041727895563,903.0,201.42105263157896,0.99,0.0643,976.0,988.0,0.0,0.0,0.0,0.0,0.0,0.0,0.0,0.0,1.0,Baixo Risco
1bc2ad15f37bdf8a836628f699c44d4b679b16d56e25d6444082460ae4426b10,4712100.0,SP,0.6108970085326839,0.8530041727895563,398.0,154.0,0.77,0.1599,67.0,938.0,0.0,0.0,0.0,0.0,0.0,0.0,0.0,0.0,1.0,Baixo Risco
8d06f2a8b6edbc28209172671716e81633c0e2dc24c5feb8a9181a53d9936944,4722901.0,GO,0.937446929678562,0.8530041727895563,926.0,91.0,0.94,0.26237,966.0,987.0,0.0,0.0,0.0,0.0,0.0,0.0,0.0,0.0,1.0,Baixo Risco
9657e1e1256921f207716b6f427fa99b79ed179a59e9394a47837ad99896ca12,1012101.0,Sem Info,0.4881095204709175,0.8041108332454917,500.0,201.5989010989011,0.9,0.09167,870.0,984.0,1.0,1216.0,1216.0,0.0,0.0,0.0,0.0,14.0,1.0,Baixo Risco
4d45e4f38590d8f99a8d79eee877057967dd2aa59056a2c8baba49ca8afb52a5,4781400.0,PR,0.9555952843661808,0.8530041727895563,925.0,247.5,0.94,0.0,986.0,988.0,0.0,0.0,0.0,0.0,0.0,0.0,0.0,0.0,1.0,Baixo Risco
e8bcbfca95bbd8cbe10822e562d7f8cd66c5fed60013f0b0da7f41388c9a6546,1099699.0,PA,0.893335462876992,0.8456275415166346,927.0,163.11764705882354,0.97,0.27723,983.0,989.0,0.0,0.0,0.0,0.0,0.0,0.0,0.0,0.0,1.0,Baixo Risco
b926ac1a01c3344ca5618712a00c682c7b139487930d847c96c9b939dd55928a,4712100.0,RS,0.8411919044707973,0.8530041727895563,835.0,60.71428571428572,0.94,0.18901,368.0,984.0,0.0,0.0,0.0,0.0,0.0,0.0,0.0,0.0,1.0,Baixo Risco
61f84bd6c202ebf6f0ae4fdfc9137e38c19b6fc162bb0d42cf437df36a342c5e,3811400.0,SP,0.636935711299592,0.8530041727895563,840.0,215.8705882352941,0.93,0.1074,975.0,988.0,0.0,0.0,0.0,0.0,0.0,0.0,0.0,0.0,1.0,Baixo Risco
a31baf4286e53077d3e60a1b25ea63f01299402dba4eb20d58479fe745b92312,4781400.0,MG,0.9804964197935478,0.8530041727895563,949.0,103.0,0.99,0.11203,979.0,988.0,0.0,0.0,0.0,0.0,0.0,0.0,0.0,0.0,1.0,Baixo Risco
147294cd0b3b668ec294df9f53435d8d667bbab0fcb290be2bdee3176797f4fe,4744099.0,CE,0.917186045169146,0.8530041727895563,903.0,211.02631578947367,0.94,0.05217,953.0,987.0,0.0,0.0,0.0,0.0,0.0,0.0,0.0,0.0,1.0,Baixo Risco
274a83b2f3c91356dad367c04425c7e03a8ae0cdbf0d96151493e679b0c5fe21,4639701.0,BA,0.1978330778129899,0.906598830283652,109.0,78.30555555555556,0.6,0.13762,708.0,987.0,1.0,275.0,275.0,0.0,0.0,0.0,0.0,5.0,1.0,Baixo Risco
a255a10cd809ebf9eea1067de9299272b721dbfdf471383d6c01ce8ccd7246ec,4673700.0,PR,0.2162999944153722,0.8530041727895563,357.0,90.52380952380952,0.66,0.37199,87.0,872.0,0.0,0.0,0.0,0.0,0.0,0.0,0.0,0.0,1.0,Baixo Risco
11710b1ec05dce5d53197152b1b6091d51e436d604b9266e46f0541889562a04,4689301.0,SP,0.5511867995658372,0.8530041727895563,827.0,79.25,0.85,0.78603,601.0,890.0,1.0,4237.2,4237.2,0.0,0.0,0.0,0.0,30.0,1.0,Baixo Risco
96d463807e43d9b4bc298c22d09f913844a3af2aea8f1f6167f1aa4ba0d4d03f,4541202.0,RJ,0.9997051187966944,0.9633702249319616,961.0,188.44444444444449,0.97,0.0,982.0,989.0,2.0,1051.3,1065.05,0.5,0.5,0.0,-13.75,54.5,1.0,Baixo Risco
338290320a78acce290f2f02d28b4efea12c1f242fdf9a71fa77cf05dd9eb088,4781400.0,SP,0.9114264885241844,0.8530041727895563,867.0,67.23076923076923,0.89,0.28982,969.0,988.0,0.0,0.0,0.0,0.0,0.0,0.0,0.0,0.0,1.0,Baixo Risco
6f1e7cf72ab93d3669216b0cfe9f06ef365e3ec6fc9fd664e16692964fc05612,4774100.0,RN,0.3266324771052505,0.8530041727895563,328.0,124.14285714285714,0.77,0.43383,652.0,984.0,0.0,0.0,0.0,0.0,0.0,0.0,0.0,0.0,1.0,Baixo Risco
5b761a28e3f7a3218245f4a3021ee596d919f93a5a8907a16c3298ffeab04c8f,4642702.0,GO,0.3937582671058366,0.6247729561480527,111.0,91.44827586206895,0.35,0.15101,81.0,979.0,1.0,3931.75,3931.75,0.0,0.0,0.0,0.0,85.0,1.0,Baixo Risco
ad970215ade55f00bc67e20a902cf00c19d91874cc47d33860f5131b1a8cf600,4530701.0,SP,0.9823386840722972,0.8530041727895563,944.0,258.15,0.95,0.0,983.0,989.0,0.0,0.0,0.0,0.0,0.0,0.0,0.0,0.0,1.0,Baixo Risco
bdb39525a82c5008f9dc8a74ac32d0cbd1d8d5d7de75bce29028a9e4c065160a,4639701.0,SP,0.9848739775621796,0.9465483577246336,517.0,16.0,0.6,0.0,622.0,952.0,1.0,780.0,780.0,0.0,0.0,0.0,0.0,35.0,1.0,Baixo Risco
ac968b5f9329d9b33586667dfe39ca14c81b3fa346e1189e36ec6f066ed2de6a,4689399.0,SP,0.2674053216117113,0.8601875131469948,483.0,43.0,0.86,0.88359,848.0,862.0,1.0,933.24,933.24,0.0,0.0,0.0,0.0,56.0,1.0,Baixo Risco
4af1a76ed4a27461a0084d6040753fe1c1b8519eca18c166af8ac3637a80836d,4771701.0,PR,0.9720812133833736,0.8530041727895563,964.0,241.69230769230768,0.97,0.0,974.0,988.0,0.0,0.0,0.0,0.0,0.0,0.0,0.0,0.0,1.0,Baixo Risco
b4cbef10dd0edb54ef6de102c10b93cfc811ca42d1e33380f5b2ce429c224127,4711302.0,BA,0.9653529361242964,0.8530041727895563,936.0,211.5151515151515,0.95,0.05114,981.0,987.0,0.0,0.0,0.0,0.0,0.0,0.0,0.0,0.0,1.0,Baixo Risco
1d38978c6b21c90db24b70b6acba7d17a197bf9b3b8a5b99920f4c538e15e4bb,4781400.0,SP,0.9512474530588788,0.8530041727895563,954.0,201.75,0.95,0.05626,979.0,989.0,0.0,0.0,0.0,0.0,0.0,0.0,0.0,0.0,1.0,Baixo Risco
a2b8497646c015dff64b4ed5463bb0ec1a83efbfabc30819380ba5758885680d,4781400.0,SP,0.6379457064733658,0.8530041727895563,262.0,30.0,0.86,0.0,419.0,872.0,0.0,0.0,0.0,0.0,0.0,0.0,0.0,0.0,1.0,Baixo Risco
070ef62d1e768aabc7df9250889bd6fb9701f55d7cfb742db06ea30cfc930d5f,1013901.0,GO,1.0,0.8530041727895563,913.0,290.0,0.94,0.0,952.0,988.0,0.0,0.0,0.0,0.0,0.0,0.0,0.0,0.0,1.0,Baixo Risco
7078f341af009e58a55fe407809a4f116699e168f653d361a25b3ef34883ad59,4723700.0,SP,0.8284961388572455,0.4859466578891104,453.0,109.0909090909091,0.78,0.0,900.0,971.0,1.0,2009.12,2009.12,0.0,0.0,0.0,0.0,7.0,1.0,Baixo Risco
1c475007d258805cf4ace4b2bce3f9698c5c583d73745ce1b1ea01d066f61539,4789099.0,SC,0.05,0.05,87.0,25.5,0.5,0.12798,70.0,650.0,0.0,0.0,0.0,0.0,0.0,0.0,0.0,0.0,1.0,Baixo Risco
61b4b1440eec7d2f71d265bb33d62e2f53eb237a66719d9943f069eada75c2fc,500302.0,Sem Info,0.984946847773294,0.8530041727895563,922.0,224.34782608695653,0.97,0.0,978.0,989.0,3.0,138462.0,138462.0,0.0,0.0,0.0,0.0,17.333333333333332,1.0,Baixo Risco
09fb208d476a15b223e90781ac95b71fb95c8bc809b8011f01c15f7a6558d03e,4744005.0,SC,0.9943548697490692,0.9593020904634444,963.0,132.5,0.97,0.0,968.0,988.0,0.0,0.0,0.0,0.0,0.0,0.0,0.0,0.0,1.0,Baixo Risco
608ab3d7e5127c444a3682cba60564f17b499df8a65233e8b60a6827c8d8a198,4635402.0,SP,0.7186909836899191,0.8088648782724088,682.0,66.57142857142857,0.89,0.56896,196.0,983.0,2.0,608.89,619.96,1.5,0.5,0.0,-11.069999999999993,17.5,1.0,Baixo Risco
cb1c7728feaa2341f1ac217db5592d376a1e3b01f92671601d39840eef83d9cc,4781400.0,MG,0.9851300784387071,0.6218908909865745,937.0,273.0,0.94,0.0,980.0,987.0,2.0,26696.0,26696.0,0.0,0.0,0.0,0.0,46.0,1.0,Baixo Risco
f3571db0f7c327b09906d8d27a6bc4076474f084fdea2c13f356f0b7dd543bee,4743100.0,SP,0.8352551763959445,0.6119122739808571,834.0,181.66666666666663,0.9,0.0,329.0,983.0,1.0,2173.75,2173.75,0.0,0.0,0.0,0.0,30.0,1.0,Baixo Risco
9b6e114ef66056971d6686bd4c456fbcb5303a347eb717eeb1c0523f3657ccf7,4782201.0,Sem Info,0.1013206785089486,0.8530041727895563,129.0,69.4,0.11,0.8836,69.0,693.0,0.0,0.0,0.0,0.0,0.0,0.0,0.0,0.0,1.0,Baixo Risco
d511319f9a51c78a24f7cee8d4f83fd86042911a47188b4426d9c79307f919a4,2944100.0,SP,0.771014591995005,0.8530041727895563,813.0,179.58904109589042,0.95,0.07702,958.0,986.0,1.0,1676.24,1676.24,0.0,0.0,0.0,0.0,45.0,1.0,Baixo Risco
4211f19ed1c90bb13e7cecb1c9049730430ade72fedca6450a2befda2d6b4f55,4781400.0,SP,0.9955581561600952,0.8530041727895563,849.0,184.5,0.97,0.0,919.0,988.0,0.0,0.0,0.0,0.0,0.0,0.0,0.0,0.0,1.0,Baixo Risco
36558f3000fae80b0a78a718e81d2fb974e75e4a3af0926786a462243c0b69bb,4781400.0,MG,0.9824265085502656,0.8530041727895563,917.0,274.57142857142856,0.99,0.0,976.0,988.0,0.0,0.0,0.0,0.0,0.0,0.0,0.0,0.0,1.0,Baixo Risco
cb2390e2b73603ffaf27c6771866e9df417cbcb37ed27fb593a83aaead9d84f7,4771701.0,PR,0.9425778662962324,0.8530041727895563,963.0,233.69230769230768,0.99,0.25378,981.0,988.0,0.0,0.0,0.0,0.0,0.0,0.0,0.0,0.0,1.0,Baixo Risco
d5d945371d5f71d537fea80a753e2b1375a3b8d5e0550cb532cdb1e92e582dc8,5620101.0,SP,0.9793183726993244,0.9299399425637648,881.0,0.0,0.96,0.0,966.0,983.0,0.0,0.0,0.0,0.0,0.0,0.0,0.0,0.0,1.0,Baixo Risco
3c8d15c62930471d22e85d8a0fbdf66e3b2ba6c7a8c1910609ea3a7a8d5f3415,4744001.0,SP,0.2277144469595619,0.7768778344541163,309.0,91.54736842105264,0.57,0.37202,514.0,984.0,0.0,0.0,0.0,0.0,0.0,0.0,0.0,0.0,1.0,Baixo Risco
323f61f3f21f0e1f70f82b79b91ecbf7e7c3df2205d143ec9786f6dd2758b473,4686902.0,Sem Info,0.8999458818329535,0.5655632411878759,303.0,8.5,0.8,1.0,432.0,961.0,1.0,145.76,145.76,0.0,0.0,0.0,0.0,13.0,1.0,Baixo Risco
32599c6892c56a10ec96da22c8530b89d0cedadb2356b100fbdf27148d7cf127,2062200.0,SP,0.90983479294273,0.935711952670848,894.0,172.49425287356323,0.9,0.13109,966.0,989.0,0.0,0.0,0.0,0.0,0.0,0.0,0.0,0.0,1.0,Baixo Risco
06f73a04094dd855120b81078f9171f10e4ccc70b1ad0e4923263f37ab13f9ca,4634601.0,DF,0.969345135104226,0.9683134186124228,955.0,230.72727272727272,0.98,0.00254,977.0,989.0,0.0,0.0,0.0,0.0,0.0,0.0,0.0,0.0,1.0,Baixo Risco
f5dec799a6d6b89226de0a7ab9d1c103b499db63d3f6302ee8e7d16318e7f507,4530701.0,RS,1.0,0.9887648991604284,955.0,182.5,0.94,0.0,983.0,988.0,0.0,0.0,0.0,0.0,0.0,0.0,0.0,0.0,1.0,Baixo Risco
4e6c26b9dccb861ab6ac722e396abfc68f5f1c45094ec7483bf282008317a824,1741902.0,RJ,0.4900640228888633,0.9960769229374098,257.0,100.19444444444444,0.64,0.06102,109.0,967.0,1.0,1169.0,1169.0,0.0,0.0,0.0,0.0,14.0,1.0,Baixo Risco
96eb5ca38b3e5c47c01ef61c4cdf7158e98d577252447c40590492dbf88503f8,2451200.0,SP,0.956078967053464,0.9612310073242992,957.0,233.98181818181817,0.98,0.00203,980.0,989.0,0.0,0.0,0.0,0.0,0.0,0.0,0.0,0.0,1.0,Baixo Risco
d461a8dae7247e741888c8ae6be616a841bfc60463d8fa1c1db7080153c3b5e9,4711302.0,SP,0.9450010913315005,0.7657510756410956,952.0,197.7981651376147,0.96,0.0686,981.0,989.0,0.0,0.0,0.0,0.0,0.0,0.0,0.0,0.0,1.0,Baixo Risco
9d924185dfb4c9d8e86efc28a9c1fb65febe007c0b12385698fe36ebf7460a1c,1621800.0,RJ,0.6367826274196361,0.8530041727895563,717.0,121.55,0.88,0.21652,956.0,989.0,6.0,83499.86,83499.86,0.0,0.0,0.0,0.0,44.333333333333336,1.0,Baixo Risco
822e712dafba90573175d6bb7c30067f10e80db2b01c2abb06a6471c4db32533,2222600.0,SP,0.4669498667290728,0.9503040446501344,510.0,130.61940298507463,0.85,0.04644,858.0,983.0,1.0,310.72,310.72,0.0,0.0,0.0,0.0,49.0,1.0,Baixo Risco
dfac5fe720bd77f54f277dfab605a5f740c08f50aec70ef9a296c249a67157a3,4731800.0,SP,0.9942620838531296,0.8530041727895563,910.0,227.84615384615384,0.93,0.0,981.0,989.0,0.0,0.0,0.0,0.0,0.0,0.0,0.0,0.0,1.0,Baixo Risco
e0f035f329664ed0281996a62592a627664d6d5345910858e253e5b11a05ba64,2424501.0,RJ,0.2465205362301658,0.8530041727895563,172.0,73.5859872611465,0.48,0.02777,219.0,988.0,1.0,879.62,883.14,1.0,1.0,0.0,-3.519999999999982,61.0,1.0,Baixo Risco
0d14ea6dccc8c79cf3818c4de2fc7c5aca0a9d986b63bae5e7ed28bf693ef38c,2031200.0,SP,0.05,0.8860297386679733,85.0,131.7032967032967,0.28,0.00185,59.0,849.0,26.0,5244669.29,5244669.29,0.34615384615384615,0.19230769230769232,0.0,0.0,91.65384615384616,1.0,Baixo Risco
42f1f7b81e4d686662f161caa177f1b93abfe79406e89659df55a3e80b6a40aa,5611201.0,SP,0.2812685248429197,0.8530041727895563,934.0,206.55555555555557,0.92,0.28099,973.0,989.0,0.0,0.0,0.0,0.0,0.0,0.0,0.0,0.0,1.0,Baixo Risco
617b535fc4b0db84e32469e2e13981eaf1a1213355157da01553c40b2ddc0882,4771701.0,PR,0.8771502039589092,0.8530041727895563,780.0,256.93333333333334,0.92,0.21233,913.0,987.0,0.0,0.0,0.0,0.0,0.0,0.0,0.0,0.0,1.0,Baixo Risco
910b6dfdd8cd2c389a2c358e2a057051e06bb5a5fd5620198c269ad1e62c6016,4744099.0,SP,0.8022329996966521,0.6389916619794443,285.0,115.36305732484075,0.63,0.09198,228.0,988.0,5.0,128633.92,122266.14,3.8,0.2,0.0,6367.78,42.8,1.0,Baixo Risco
27e25d87b660ed7b55f2ce4dc828732f72de7f4d8100a783d719757207201600,2449199.0,SP,0.8859253848139766,0.9741407039253734,961.0,221.7333333333333,0.98,0.0,982.0,988.0,0.0,0.0,0.0,0.0,0.0,0.0,0.0,0.0,1.0,Baixo Risco
e3886dbdef40653e92b57ef431f9810a9b654301597fec614085fcdd583c2a07,1749400.0,MG,0.9301786014437574,0.7794721155877399,728.0,192.3154761904762,0.91,0.04318,958.0,989.0,6.0,5164.84,4638.7,0.0,0.0,0.16666666666666666,526.14,40.833333333333336,1.0,Baixo Risco
fed996381eb482efb93942de03dc74786601ba49008e9a1b4b81f4f8b8a678d9,1922599.0,SP,0.5278958635793282,0.3752788771011118,453.0,94.30232558139537,0.58,0.18466,100.0,983.0,1.0,10650.0,10650.0,0.0,0.0,0.0,0.0,56.0,1.0,Baixo Risco
fd5d14689df9c093ab06ec7c7d79075e219cc8b8efa34509f165a8a40d9f58c7,1412601.0,Sem Info,0.9446230756026738,0.780681043146199,957.0,244.15,0.97,0.00641,981.0,988.0,2.0,2293.66,2293.66,0.0,0.0,0.0,0.0,143.5,1.0,Baixo Risco
894546f4eaab9642857788bb16f53016cc95729737f82f9808dc9628a60380e6,4771701.0,PR,0.8524378702788642,0.8530041727895563,816.0,169.77142857142857,0.9,0.04875,974.0,989.0,0.0,0.0,0.0,0.0,0.0,0.0,0.0,0.0,1.0,Baixo Risco
ec5412c30ef96ab72f9747343e1e1b3d68511ec9b5f76f699ab7458fa4ebc48a,4644301.0,PR,0.8075378380207038,0.9638561548170064,950.0,227.75,0.98,0.0,982.0,988.0,0.0,0.0,0.0,0.0,0.0,0.0,0.0,0.0,1.0,Baixo Risco
5065d24f5430bf583cf085d7ddd3aecb00027db428da639de17d0579b0f49897,4930202.0,PR,0.7435231988967549,0.8530041727895563,750.0,171.5,0.85,0.0,948.0,987.0,0.0,0.0,0.0,0.0,0.0,0.0,0.0,0.0,1.0,Baixo Risco
1ff73466f5bac2091c3e6376eae2c3abf4d2b3e9790b78dd64d0fa1e6caa3b8e,1412601.0,SC,0.4549886207570015,0.4002279719737214,799.0,182.65,0.89,0.00055,976.0,981.0,1.0,515.0,515.0,0.0,0.0,0.0,0.0,126.0,1.0,Baixo Risco
00a7466ae0f0b6197ed64c3355af45062aa75ba4f7b1363a575181a64809c536,4712100.0,PI,0.9058423487565384,0.8530041727895563,100.0,178.1578947368421,0.93,0.02171,234.0,364.0,0.0,0.0,0.0,0.0,0.0,0.0,0.0,0.0,1.0,Baixo Risco
ddaed690ff2d1fa4f7e148fb4045eab66e2b6e8fe5d31901bd24eab97dbab2fd,4771701.0,PR,0.8933302290839843,0.8530041727895563,667.0,64.36641221374046,0.99,0.07531,981.0,989.0,0.0,0.0,0.0,0.0,0.0,0.0,0.0,0.0,1.0,Baixo Risco
168d4700c7783ba641c98da293fea6eec9a5533193eabe512019267b3bb8ec90,4781400.0,MG,0.8367123833233693,0.8530041727895563,834.0,147.72727272727272,0.98,0.26214,963.0,988.0,0.0,0.0,0.0,0.0,0.0,0.0,0.0,0.0,1.0,Baixo Risco
3358c2f983391f7a5bc61449bc32a350466d1731453493a10f0e6b68e169a4a4,9499500.0,PR,0.8787246844911767,0.8530041727895563,940.0,194.4,0.93,0.0,979.0,987.0,0.0,0.0,0.0,0.0,0.0,0.0,0.0,0.0,1.0,Baixo Risco
fed2ca84712f739496eac58597e9c5b061ed606cdcc8c00bae1753915fc86074,2591800.0,RJ,0.05,0.8888760438874562,67.0,84.9375,0.21,0.00422,53.0,357.0,1.0,995.54,995.54,0.0,0.0,0.0,0.0,28.0,1.0,Baixo Risco
68d1511ae737baf375f511aec403283bf4bace8b5dbd95c4375b84bbe9350ea3,4782201.0,BA,0.4478860789460508,0.8530041727895563,403.0,137.4848484848485,0.65,0.07397,962.0,988.0,0.0,0.0,0.0,0.0,0.0,0.0,0.0,0.0,1.0,Baixo Risco
abc527a587bc1ed22c7e2db6645d5d8d27758d59247a4b048b29535eb93c88d2,4771701.0,PR,0.9885138085749958,0.8530041727895563,912.0,159.625,0.98,0.13652,982.0,987.0,0.0,0.0,0.0,0.0,0.0,0.0,0.0,0.0,1.0,Baixo Risco
bd79db8afd6f944472f50662927fac24faa0a818dd2f1ba8c8211a52824740e3,1531901.0,SC,0.9686889410439442,0.9307219414618216,964.0,258.3692307692308,0.96,0.00061,981.0,989.0,0.0,0.0,0.0,0.0,0.0,0.0,0.0,0.0,1.0,Baixo Risco
95efa4cb10ce242f6f3ba91dae7e5b0d9fc5b17e5be739c055e90f26869d9792,4771701.0,PR,0.7936484389337253,0.8530041727895563,773.0,150.88888888888889,0.94,0.0,938.0,985.0,0.0,0.0,0.0,0.0,0.0,0.0,0.0,0.0,1.0,Baixo Risco
689922c10ce17bc81660caf79e231b5669a7ee160cd79e5b38aae540b78d3396,4712100.0,Sem Info,0.9872598484752698,0.8530041727895563,934.0,236.43478260869568,0.97,0.00577,978.0,989.0,0.0,0.0,0.0,0.0,0.0,0.0,0.0,0.0,1.0,Baixo Risco
197a472b79a9907250e81b8d854968e156de65088ff0d16559bb588fe6f9cda5,1412601.0,Sem Info,0.9424787049880012,0.6357355264185305,903.0,204.4466858789625,0.92,0.00677,978.0,989.0,3.0,26505.27,26505.27,0.0,0.0,0.0,0.0,95.33333333333333,1.0,Baixo Risco
e6a1a6383f1f3bc3c40e180d552bcd4befff0b7e80e1159cbb348251ebd923b7,4761003.0,PR,0.9865397359391018,0.8530041727895563,963.0,214.21052631578948,0.97,0.02626,979.0,988.0,0.0,0.0,0.0,0.0,0.0,0.0,0.0,0.0,1.0,Baixo Risco
ce9f7b4f508645ada117ec5f4d43633be19dbbb9fd665df99a9abfe9e9ee7f33,4711302.0,PR,0.9371810092134932,0.8530041727895563,959.0,236.5217391304348,0.97,0.01539,982.0,989.0,0.0,0.0,0.0,0.0,0.0,0.0,0.0,0.0,1.0,Baixo Risco
23aec99ce795954815888ae4090dcacf318824c06fdf17f6679ece242c34f31b,4711302.0,PR,0.967436892278402,0.9396380440856108,936.0,212.5974025974026,0.96,0.05255,980.0,988.0,0.0,0.0,0.0,0.0,0.0,0.0,0.0,0.0,1.0,Baixo Risco
70c1ad92491aa28c93d024d770d92dbafc1eb73b971aed59963592ab65081e14,4641901.0,Sem Info,0.907666801608762,0.6607886097141397,935.0,93.55555555555556,0.95,0.05178,972.0,988.0,3.0,3006.76,3006.76,0.0,0.0,0.0,0.0,121.0,1.0,Baixo Risco
d8f120efb9e5de902b2607ab159ab771adb30dd287fc8074d365c3c0eeadb344,4639701.0,RO,0.9957186933646778,0.8060947725280769,917.0,159.75,0.84,0.0,973.0,989.0,1.0,32966.25,32966.25,0.0,0.0,0.0,0.0,33.0,1.0,Baixo Risco
b08da176a51c3959621b2bf1230887e65c4fa3625de998a3439e2c4de4e83032,4789099.0,SP,0.8684648444411508,0.9144432215489308,515.0,151.33333333333334,0.78,0.22315,717.0,984.0,1.0,1472.0,1472.0,0.0,0.0,0.0,0.0,30.0,1.0,Baixo Risco
cf0d1847f5ba31db489912cd924d6c616b77147e89653c725d3edd0ec7ce3277,4711302.0,Sem Info,0.933716047759284,0.8530041727895563,951.0,227.47297297297297,0.93,0.10182,955.0,986.0,0.0,0.0,0.0,0.0,0.0,0.0,0.0,0.0,1.0,Baixo Risco
2ed631e2bc0f40e84aa09559257037aaec485fb7a063ec774d047f9f03016bdf,1012101.0,PR,0.8185292911997284,0.933890519050319,574.0,123.16268980477224,0.82,0.14379,959.0,988.0,0.0,0.0,0.0,0.0,0.0,0.0,0.0,0.0,1.0,Baixo Risco
334c12c4532ddafc59fc72b6f030719063943618561fc552e300be8ea89719d5,2222600.0,SC,0.9078278414361048,0.9260662339641258,880.0,175.73333333333332,0.75,0.03209,981.0,989.0,0.0,0.0,0.0,0.0,0.0,0.0,0.0,0.0,1.0,Baixo Risco
0d03af8ade4e2241938ffe11be1ac85fd73f5ff766a51d82b807971b50433abd,2833000.0,RS,0.9581491162552984,0.9369452089389168,730.0,195.82089552238807,0.9,0.00037,960.0,983.0,5.0,86248.85,86459.06,0.8,0.4,0.0,-210.20999999999913,51.2,1.0,Baixo Risco
9b901fbc7522e52c8c3c50d91b484815f1aeba0d6f84ae4ba649ae7b0a4476e4,4771701.0,SP,0.9896578459958952,0.8530041727895563,951.0,229.45833333333331,0.99,0.06056,982.0,989.0,0.0,0.0,0.0,0.0,0.0,0.0,0.0,0.0,1.0,Baixo Risco
158dba01545379532d130b43550e21e7530b2bfa48faeffad65c50712e7bedf5,4530703.0,SP,0.8867686520359148,0.8530041727895563,936.0,196.43478260869568,0.97,0.09144,979.0,989.0,0.0,0.0,0.0,0.0,0.0,0.0,0.0,0.0,1.0,Baixo Risco
cb8c7cc6d98e2a2cfb5a9266bed79eb22a52fb8543eecf891e8aaed78ae69626,2212900.0,SP,0.9384326781966452,0.8530041727895563,836.0,220.77777777777777,0.9,0.0,967.0,988.0,0.0,0.0,0.0,0.0,0.0,0.0,0.0,0.0,1.0,Baixo Risco
b09ce681d6ac86cbd603e8833b0bbdcb4f3facebedfcd91c5b63b01dab8dcb7c,6202300.0,RS,0.7888539836137963,0.8550030640556178,913.0,97.28571428571428,0.89,0.03532,977.0,989.0,0.0,0.0,0.0,0.0,0.0,0.0,0.0,0.0,1.0,Baixo Risco
ab0a517a05ae642b0b48507a30d4f8f69af16f315b04d7636478d32b643739ba,4511104.0,RS,0.9735144707389686,0.924831477962736,942.0,142.49484536082474,0.92,0.20629,977.0,988.0,0.0,0.0,0.0,0.0,0.0,0.0,0.0,0.0,1.0,Baixo Risco
a2ac43079a9a82d8944583cea536a97f38c294fd045cf9a166f81400a6dbffae,4771701.0,PR,0.9795583378951878,0.8530041727895563,951.0,248.12280701754383,0.98,0.01318,983.0,989.0,0.0,0.0,0.0,0.0,0.0,0.0,0.0,0.0,1.0,Baixo Risco
ec7fb026f1023d9c32902bd567d87b4e12670e210f0ad26d2d98c08b595bfa4e,4110700.0,SP,0.9944180675615752,0.8530041727895563,755.0,208.5,0.85,0.0,816.0,983.0,0.0,0.0,0.0,0.0,0.0,0.0,0.0,0.0,1.0,Baixo Risco
e3ba7185391a200ae11453fde2187ba4c25890d2ddba0510c57ce07384145bd4,4755501.0,PE,0.229598043569321,0.8530041727895563,377.0,96.44444444444444,0.83,0.02335,119.0,946.0,0.0,0.0,0.0,0.0,0.0,0.0,0.0,0.0,1.0,Baixo Risco
1e333a23a6cd09dcf4e6189cde993327bef8926e638b2ef9b3b0b478bc3b36cf,4632001.0,RS,0.9050185480072624,0.9565402377465556,911.0,227.6,0.94,0.0,958.0,988.0,0.0,0.0,0.0,0.0,0.0,0.0,0.0,0.0,1.0,Baixo Risco
14108ce9ccc911f9d202163430818e771cb7c6ccdcafda438fc3dacd80947942,4669901.0,PR,0.3745265932107435,0.772234611598649,236.0,57.833333333333336,0.62,0.17316,73.0,969.0,0.0,0.0,0.0,0.0,0.0,0.0,0.0,0.0,1.0,Baixo Risco
f0cfee2444d0e92d20b235954f1b22ad23afc362ba74e4003c90b80489f08bf1,4781400.0,MT,0.5123959930524355,0.3639272765854017,657.0,141.1818181818182,0.94,0.03272,934.0,986.0,0.0,0.0,0.0,0.0,0.0,0.0,0.0,0.0,1.0,Baixo Risco
b46d10abf81653d066804c78552b032bd5c74c23fb0356bd5fd796f4d547de06,4644301.0,Sem Info,0.7962885007997956,0.8530041727895563,478.0,119.86363636363636,0.82,0.07264,812.0,986.0,1.0,3540.0,0.0,4.0,1.0,0.0,3540.0,36.0,1.0,Baixo Risco
7a84e86cbe427f54ebf3937f6173b8022ff1cd01b441ab33753aef50db77e0e8,1813099.0,SP,0.9779409837117322,0.9167936494280768,938.0,198.74285714285716,0.96,0.0,978.0,988.0,2.0,30056.14,30056.14,0.0,0.0,0.0,0.0,38.5,1.0,Baixo Risco
c337edf127e14595b5505b95908e35efcef2c4425d0cc1c39efc754c88936374,4712100.0,SP,0.0549351204598158,0.8530041727895563,934.0,191.90076335877865,0.98,0.14955,963.0,988.0,0.0,0.0,0.0,0.0,0.0,0.0,0.0,0.0,1.0,Baixo Risco
c6f7c4e5bfe2f9726132c799a2ff5754878d032bc415e6e849f8b41c495d6f0c,4754702.0,PR,0.996770668489153,0.8530041727895563,949.0,257.25,0.97,0.0,982.0,988.0,0.0,0.0,0.0,0.0,0.0,0.0,0.0,0.0,1.0,Baixo Risco
63bbc56261bba66eb698215c535e602991254cf8e5803747214ea557f3bcd1e3,4755503.0,BA,0.8502727161244643,0.8530041727895563,766.0,27.2,0.87,0.22883,922.0,984.0,0.0,0.0,0.0,0.0,0.0,0.0,0.0,0.0,1.0,Baixo Risco
dc00c3b8c49760e564212a935d51cd6e1e78d480ae4fc57c870793851aa5b095,8630503.0,RR,0.7476814301048482,0.8530041727895563,845.0,112.0,0.92,0.0,963.0,988.0,0.0,0.0,0.0,0.0,0.0,0.0,0.0,0.0,1.0,Baixo Risco
ba616cd10637482d4dbd419bf8c881024e4b29c79ed95bc632c3d51e03b59a64,4761003.0,DF,0.9495663120674332,0.8980106510502213,929.0,209.0,0.96,0.20155,981.0,989.0,0.0,0.0,0.0,0.0,0.0,0.0,0.0,0.0,1.0,Baixo Risco
3bb122b98a45311c6e44ed7db9e87b02c474aae43f2c16132996fdc93feba95a,4781400.0,SP,0.8298441614361579,0.8530041727895563,842.0,130.5,0.88,0.0,957.0,988.0,0.0,0.0,0.0,0.0,0.0,0.0,0.0,0.0,1.0,Baixo Risco
8ff487cefabd4d4076296b35605f2fe89e8a72aa55953e0bcab0db98c3ef4731,2319200.0,Sem Info,0.4553210851367928,0.8530041727895563,424.0,132.5,0.67,0.00327,809.0,984.0,1.0,3305.58,3305.58,0.0,0.0,0.0,0.0,47.0,1.0,Baixo Risco
6c3a312bfa2f4315babc9ef4eb35275b3f7e337319b9cd12950d291fbd6aeb72,4755503.0,GO,0.9616601536650874,0.8530041727895563,934.0,174.0,0.98,0.27173,963.0,988.0,0.0,0.0,0.0,0.0,0.0,0.0,0.0,0.0,1.0,Baixo Risco
2b6e9191db91968fc8511ca96771cca5a0a88127920a84e92a148b2a9c6e3131,4771701.0,PR,0.993825709518897,1.0,963.0,227.5609756097561,0.98,0.00844,983.0,988.0,0.0,0.0,0.0,0.0,0.0,0.0,0.0,0.0,1.0,Baixo Risco
86be85eefdbd5a28541cfb8bc018bd6d06151d3ece588e71d35dd38e5953c53c,4681805.0,SC,0.6091203695107332,0.9532399506703152,931.0,194.92307692307693,0.87,0.0112,917.0,986.0,1.0,1218.34,1218.34,0.0,0.0,0.0,0.0,87.0,1.0,Baixo Risco
437963cdadd8f7e5f5176279aca88b13f91c1d39c62ee66110f26bd65612a282,6920601.0,RJ,0.9181223083203196,1.0,785.0,0.0,0.71,0.0,884.0,983.0,0.0,0.0,0.0,0.0,0.0,0.0,0.0,0.0,1.0,Baixo Risco
202dc92a81f4fedfc9f9ad87e2b85299f80952ceda54643804e81973804bb0fd,4763601.0,BA,0.6411042352195186,0.8530041727895563,888.0,86.66666666666667,0.97,0.16238,978.0,989.0,0.0,0.0,0.0,0.0,0.0,0.0,0.0,0.0,1.0,Baixo Risco
9f3f1d03663345015cc041723561363816ed28f9edc32b4f4c2959caf6a8fafe,4665600.0,RJ,0.9560025276645556,0.5277179689788691,702.0,57.333333333333336,0.89,0.01252,971.0,985.0,0.0,0.0,0.0,0.0,0.0,0.0,0.0,0.0,1.0,Baixo Risco
492f5000917cda453681e4b2ddd6b81e097c4e01aef9629f7ad9c9ada06868bd,4781400.0,MA,0.9695404313588226,0.8530041727895563,948.0,255.37777777777777,0.96,0.0056,979.0,988.0,0.0,0.0,0.0,0.0,0.0,0.0,0.0,0.0,1.0,Baixo Risco
feb9a18651f0e7098f3e5483377e9a369d2077b78e62bb01bbca27f0a38ca6a8,4781400.0,MG,0.8499833539963301,0.8530041727895563,797.0,220.16666666666663,0.82,0.06569,875.0,987.0,0.0,0.0,0.0,0.0,0.0,0.0,0.0,0.0,1.0,Baixo Risco
ed06b81a53e7bbf477ee984aada39b544fb2602add88eb3d857945f8b38e6c25,4930202.0,PE,0.9146974641365784,0.8530041727895563,756.0,130.875,0.84,0.00309,974.0,988.0,0.0,0.0,0.0,0.0,0.0,0.0,0.0,0.0,1.0,Baixo Risco
b3287ea09305bff9f80af559c9c980bfa56e92405cb4dd9da88e63df648e3773,4771701.0,PR,0.5684353970429538,1.0,377.0,129.10714285714286,0.88,0.21975,130.0,964.0,0.0,0.0,0.0,0.0,0.0,0.0,0.0,0.0,1.0,Baixo Risco
6e885f5f47101643f5a8f0bf8e035c4fb8984636fe5d7e50c9345a9df4f802a3,4771701.0,PR,1.0,0.8530041727895563,951.0,241.35294117647055,0.99,0.0,984.0,988.0,0.0,0.0,0.0,0.0,0.0,0.0,0.0,0.0,1.0,Baixo Risco
c5144c8bf9e1c9a3dfb07b845731cd71b61da5a555b07dd4a999b64517920fed,4712100.0,PR,0.8606336297479275,0.8530041727895563,931.0,94.3076923076923,0.9,0.16113,979.0,988.0,0.0,0.0,0.0,0.0,0.0,0.0,0.0,0.0,1.0,Baixo Risco
8f19ce32afe6b15d870063c7d102347a5bf6676717c511ac41d1acfc44c2e4f1,4685100.0,MG,0.9533700609147434,0.9659594130706216,951.0,138.0,0.97,0.0,977.0,988.0,1.0,834.75,834.75,0.0,0.0,0.0,0.0,63.0,1.0,Baixo Risco
a145b8d37ce7bea92003714a0b5aa08402538cf065a6ef994d97f19f2086aaf9,4511101.0,DF,0.9546653221685332,0.7421527539699744,853.0,172.0057803468208,0.88,0.00099,981.0,989.0,0.0,0.0,0.0,0.0,0.0,0.0,0.0,0.0,1.0,Baixo Risco
35774d16c090d03c475ed1b3ce638c667a60d2ad3f91c18c1f319064667a19c0,2061400.0,PR,0.9941760892046296,0.9868587414315249,965.0,239.8095238095238,0.96,0.0,983.0,989.0,0.0,0.0,0.0,0.0,0.0,0.0,0.0,0.0,1.0,Baixo Risco
c33b691b4abe9ab52d63b19b3d10f7b737266e04bb38a4ef94b6d2cc05c7202f,4782201.0,SP,0.9453358686741278,0.8530041727895563,880.0,296.77777777777777,0.98,0.16524,983.0,989.0,0.0,0.0,0.0,0.0,0.0,0.0,0.0,0.0,1.0,Baixo Risco
46a2930e9d097dc498c7883585f656aed22a6d7b0deb12fd201196812826f56a,2222600.0,SP,0.9672276829305426,0.3215960933784796,918.0,198.7,0.96,0.21338,969.0,988.0,3.0,16312.259999999998,16312.259999999998,0.0,0.0,0.0,0.0,33.333333333333336,1.0,Baixo Risco
0970ade0e77b9d5b125c071364da2003aec234dd3dbfbed186e25a74ecacc3d6,4721102.0,DF,0.7226107709927356,0.8530041727895563,934.0,121.5,0.88,0.4494,135.0,973.0,0.0,0.0,0.0,0.0,0.0,0.0,0.0,0.0,1.0,Baixo Risco
2abc15cb932798e86feb9e38fbad033c329a9c5e5af25ec6ba295054c81adc68,4711302.0,MT,0.9790600167255872,0.8530041727895563,941.0,234.77717391304347,0.97,0.06696,982.0,989.0,0.0,0.0,0.0,0.0,0.0,0.0,0.0,0.0,1.0,Baixo Risco
7e8139dcb3d89a6ca487a13f1c12dc144c05ffbd479e406fe35d363bc10414a0,4712100.0,BA,0.80738467576055,0.8530041727895563,571.0,159.5531914893617,0.84,0.10065,244.0,980.0,0.0,0.0,0.0,0.0,0.0,0.0,0.0,0.0,1.0,Baixo Risco
aab98edbe428d3d4f0add2b68b547d0c43c164f7581b1d7d424ad0cf7a247053,4771701.0,MS,0.8779265152228077,0.8530041727895563,879.0,145.2608695652174,0.92,0.12608,968.0,988.0,0.0,0.0,0.0,0.0,0.0,0.0,0.0,0.0,1.0,Baixo Risco
b3cda0ee89d72da336cda893513713f4b5d64f21a2aceec8cf2bdba505296290,4713002.0,PA,0.7800888385473265,0.6798441980728867,539.0,114.37777777777778,0.85,0.2792,909.0,984.0,1.0,1540.0,1540.0,2.0,1.0,0.0,0.0,32.0,1.0,Baixo Risco
e9e7c7a1e9656c70ee5b99936bed10c9ef23506dc397f8d88417c40e87521085,4722901.0,GO,0.7537677285054104,0.9373861748576484,869.0,122.82142857142856,0.83,0.0,810.0,986.0,0.0,0.0,0.0,0.0,0.0,0.0,0.0,0.0,1.0,Baixo Risco
68dc9dd84747931b9f5bc1d80fc2f67219fb33aea1f309f33db91322cd21e070,4771701.0,PR,0.966338352561104,0.1041686719295049,924.0,197.88888888888889,0.97,0.00373,960.0,986.0,0.0,0.0,0.0,0.0,0.0,0.0,0.0,0.0,1.0,Baixo Risco
b4915d11d9804d2517fc708a27fa4af045d1589021797f84769802e659d016b0,4742300.0,SC,0.945533844194765,1.0,924.0,12.0,0.91,1.0,983.0,989.0,0.0,0.0,0.0,0.0,0.0,0.0,0.0,0.0,1.0,Baixo Risco
8832e5e3176bf9978dbbbce48ec9bd4a2a061c6f114acce151cf3692d04366c8,4711302.0,MS,0.9865433382669035,0.9903579053181024,958.0,215.42424242424244,0.96,0.00974,980.0,988.0,0.0,0.0,0.0,0.0,0.0,0.0,0.0,0.0,1.0,Baixo Risco
08a13f7596fafcc89e3cabb5a344eca24ff0af9688ff852c91b7e01b2179cea3,4321500.0,PR,0.8714104292482054,0.5463352932718742,887.0,188.25,0.84,0.0,900.0,986.0,0.0,0.0,0.0,0.0,0.0,0.0,0.0,0.0,1.0,Baixo Risco
1f7b0ef21d715d85e61f84a0845fd4a08852ed09edc85080b613535e7c57874c,1811302.0,RJ,0.1926734849640139,0.8736418449300117,140.0,109.21428571428572,0.51,0.01505,80.0,945.0,1.0,1985.0,0.0,4.0,1.0,0.0,1985.0,49.0,1.0,Baixo Risco
0e8a4160e8b529f2b0551eaa43dc8956dbd6b45de0de29efea0157c05a902dad,4771701.0,SP,0.9623020108753082,0.8530041727895563,934.0,241.9032258064516,0.99,0.06194,978.0,988.0,0.0,0.0,0.0,0.0,0.0,0.0,0.0,0.0,1.0,Baixo Risco
175f3d760d9b9a86dad4d4db2e6163b88d1dadc66fd9dde9374b616dc1403d62,4781400.0,SC,0.5676116561427774,0.8530041727895563,411.0,80.875,0.85,0.05693,130.0,976.0,0.0,0.0,0.0,0.0,0.0,0.0,0.0,0.0,1.0,Baixo Risco
4375a9e0f5c2f75395e07a4ec53770870122048769e01193a1e71eaa202fe550,4771701.0,PR,0.0996419707543166,0.8530041727895563,929.0,202.42105263157896,0.83,0.0,973.0,987.0,0.0,0.0,0.0,0.0,0.0,0.0,0.0,0.0,1.0,Baixo Risco
4320dd3749af90cc5a4532103e355d185c183297a819efc8d0c175b18f7877d3,1359600.0,SP,0.5248898761568651,0.7567141215029167,381.0,157.2608695652174,0.56,0.06925,370.0,965.0,1.0,708.96,708.96,0.0,0.0,0.0,0.0,28.0,1.0,Baixo Risco
605848e9308bf133557412be4af8831306523ae31ff636a295d11f171faec8ab,4781400.0,MA,0.4881022095416062,0.8530041727895563,626.0,116.83333333333331,0.87,0.15324,779.0,986.0,0.0,0.0,0.0,0.0,0.0,0.0,0.0,0.0,1.0,Baixo Risco
caa37aa079bbf7803925f135f8cb43da1c10a2a8faf791caca0e836b6ea9d8cd,2063100.0,SP,0.9987145417173616,0.9649747610753076,927.0,133.63636363636363,0.93,0.0,972.0,988.0,0.0,0.0,0.0,0.0,0.0,0.0,0.0,0.0,1.0,Baixo Risco
a61e2bf25b46e4fa759e9389620dde7a945e3529318d3e6541bc4210c193a0c0,4781400.0,SE,0.8831236348250262,0.8530041727895563,932.0,179.13333333333333,0.98,0.0,970.0,988.0,0.0,0.0,0.0,0.0,0.0,0.0,0.0,0.0,1.0,Baixo Risco
82ef120963df6318fca89a5cea030305940816f3a4ac4ead2d00467774b10561,2751100.0,SP,0.3338526619060804,0.7402296520272146,756.0,103.88888888888889,0.84,0.0025,934.0,989.0,9.0,489043.89,489043.89,0.1111111111111111,0.1111111111111111,0.0,0.0,34.888888888888886,1.0,Baixo Risco
692b170c7f782f62b282f9a302059357d253103cbc49246506aaaf9c5c09dce6,1412601.0,PR,0.7080519871497833,0.9486716577439028,957.0,259.4347826086956,0.92,0.0,978.0,989.0,0.0,0.0,0.0,0.0,0.0,0.0,0.0,0.0,1.0,Baixo Risco
b11314223fc28db1b7ba6939a80d7d4baf5dc389b90e30835a56823ca2e59610,4712100.0,MG,1.0,0.8530041727895563,943.0,0.0,0.97,0.0,956.0,985.0,0.0,0.0,0.0,0.0,0.0,0.0,0.0,0.0,1.0,Baixo Risco
b09d0b5c26a93f1bf0cc2418171fe206e2d7967d2a90f9a0c6a4b6c820526034,6619399.0,SP,0.3277775195968178,0.9511395701970392,143.0,89.0625,0.42,0.17477,93.0,694.0,0.0,0.0,0.0,0.0,0.0,0.0,0.0,0.0,1.0,Baixo Risco
ad348b5b92ade0f48d56cf3119e313d559a156269011a5dc94167880de1c4de8,1412601.0,RS,0.9762050287070292,0.7680363567506154,835.0,175.8,0.95,0.0,908.0,985.0,0.0,0.0,0.0,0.0,0.0,0.0,0.0,0.0,1.0,Baixo Risco
9d70f54ba26524d26131e3d82ee725f078cfe8a2271c418bfa4de8a52a5c61b0,4744099.0,BA,0.9225440653477548,0.8530041727895563,829.0,107.0,0.8,0.0,936.0,986.0,0.0,0.0,0.0,0.0,0.0,0.0,0.0,0.0,1.0,Baixo Risco
7abd0b7927544f469470cd85f0854f6d141a47b4ff0aa42156f3d4a3a538cf57,4772500.0,RJ,0.9294431421303748,0.8530041727895563,832.0,98.5,0.95,0.01568,955.0,988.0,0.0,0.0,0.0,0.0,0.0,0.0,0.0,0.0,1.0,Baixo Risco
26fb25936229a41b2afcd1ecfdc3c85e2c8488c1958f9588e23375facbb31aeb,2949299.0,SP,0.984636562239112,0.9088308274947652,887.0,161.0909090909091,0.96,0.04563,979.0,989.0,2.0,10800.0,10800.0,0.0,0.0,0.0,0.0,35.0,1.0,Baixo Risco
e8e7c22b4b72a971f3b3fbfb00058f1165dbab0265f6ae648ddc7748a386273a,4313400.0,SC,0.8238538505927143,0.8465729853742472,742.0,130.8125,0.91,0.21931,889.0,988.0,0.0,0.0,0.0,0.0,0.0,0.0,0.0,0.0,1.0,Baixo Risco
4f68df7336b07673b9eee31dfe68a1a5baff5e0c566c3176b9a6a11ec8843a19,4647801.0,PE,0.8897273488348036,0.8718422333946951,915.0,198.0,0.88,0.0,980.0,987.0,0.0,0.0,0.0,0.0,0.0,0.0,0.0,0.0,1.0,Baixo Risco
cd6af81ef4dbb466dcd9d3974014a0fc22bf5e931128e825f1cd05bdc7c4e1cd,5819100.0,GO,1.0,0.8530041727895563,873.0,278.0,1.0,0.0,823.0,983.0,0.0,0.0,0.0,0.0,0.0,0.0,0.0,0.0,1.0,Baixo Risco
e587f1e7dc39cd0b9e8dbfd0ae6a686147e15fd3d7ef39be5c806fb72fa8dd52,4930202.0,RJ,0.3655047032533036,1.0,183.0,116.96381578947368,0.63,0.33841,68.0,977.0,6.0,79698.48,31161.350000000002,0.6666666666666666,0.3333333333333333,0.0,48537.13,64.66666666666667,1.0,Baixo Risco
3215129c2b38536270fa374f231d11c97b3d4b00a1b0e6fc42d0c9ff18aba034,4634601.0,SP,0.4996115443125197,0.3696036562955003,522.0,137.28571428571428,0.79,0.0219,910.0,979.0,1.0,6232.75,6232.75,0.0,0.0,0.0,0.0,21.0,1.0,Baixo Risco
8cc29812ccb644e23b1609e95eb3a6a610659405aa2918746686d5034772f308,4772500.0,DF,0.8928775872074187,0.8530041727895563,932.0,304.4,0.98,0.0,982.0,989.0,0.0,0.0,0.0,0.0,0.0,0.0,0.0,0.0,1.0,Baixo Risco
3f379d099d78d0a782db53a66d5aa0665723eac316ad27495a3ed3712a2a3f67,6920601.0,RJ,0.8006748086666577,0.9092198555029208,611.0,168.0,0.66,0.0,869.0,978.0,0.0,0.0,0.0,0.0,0.0,0.0,0.0,0.0,1.0,Baixo Risco
8dba41e61f7e272845c26c6205b158325f8f9ef1225663545a7cf4f7934fcbb4,2342702.0,SC,0.9680465112570724,0.7899288584154505,947.0,112.55555555555556,0.99,0.0,983.0,988.0,0.0,0.0,0.0,0.0,0.0,0.0,0.0,0.0,1.0,Baixo Risco
5a3ea78260c67c50ebebb1f82fcfa678f6758191ed0e7fdd1a982dcb9582ac40,4771701.0,PR,0.986558870819038,0.8530041727895563,964.0,241.6296296296296,0.97,0.0,982.0,989.0,0.0,0.0,0.0,0.0,0.0,0.0,0.0,0.0,1.0,Baixo Risco
0575aa4e4b50c894cd021d7cbf0774fa9ea670a1246c73c23a6d537f68e22595,8291100.0,SP,0.8628043168172382,0.9490746950929358,921.0,206.3125,0.92,0.09932,977.0,989.0,0.0,0.0,0.0,0.0,0.0,0.0,0.0,0.0,1.0,Baixo Risco
659b40c70a9f157110eeda4d5b22e97a26a3b1de76c2ad1ba975355035ba613c,4781400.0,RS,0.9943941702119756,0.8530041727895563,891.0,116.2,0.96,0.09322,972.0,988.0,0.0,0.0,0.0,0.0,0.0,0.0,0.0,0.0,1.0,Baixo Risco
2645509fefd40b0ceffe33bf92f9d890e403a5931f0cefae8e93c35aac598745,4744005.0,SC,0.7405416496139419,0.7707899467518922,901.0,139.86046511627907,0.91,0.12719,971.0,987.0,0.0,0.0,0.0,0.0,0.0,0.0,0.0,0.0,1.0,Baixo Risco
e8ec685aa7465381fe4a211eb3b274a1952e0a13ad7ce24915d0e688c228cbee,4661300.0,MT,0.9892562373529868,0.4646277439375689,963.0,245.525,0.99,0.09792,981.0,988.0,0.0,0.0,0.0,0.0,0.0,0.0,0.0,0.0,1.0,Baixo Risco
0f175512f8d46dfb2795ca2add036d7c75ca107ea62551ae41d4ab9b784f39af,2512800.0,SP,0.7871850193939799,0.5292621716637823,636.0,159.45454545454547,0.88,0.01384,954.0,984.0,0.0,0.0,0.0,0.0,0.0,0.0,0.0,0.0,1.0,Baixo Risco
141256db25628a57fe16343b6dbce27e6ecd47f2a960e5c4427cb19710975f4d,1099699.0,GO,0.7821138093981254,0.8530041727895563,837.0,189.3409090909091,0.92,0.1817,974.0,986.0,4.0,2423.0099999999998,2457.47,2.0,0.5,0.0,-34.460000000000036,25.0,1.0,Baixo Risco
83f9e4c65f17613f96ce3a9eb5e4dd585cbe9616413828de2a54d80d4ef1eba4,5510801.0,SC,0.9488511949167852,0.6676289633561585,944.0,218.28125,0.96,0.0,978.0,988.0,0.0,0.0,0.0,0.0,0.0,0.0,0.0,0.0,1.0,Baixo Risco
7142225491d24d4152bef70337af15741a8c01e4da3601c5ce75c94b508be507,4755502.0,CE,0.2073815435973446,0.8530041727895563,136.0,40.5,0.84,0.19464,87.0,860.0,0.0,0.0,0.0,0.0,0.0,0.0,0.0,0.0,1.0,Baixo Risco
ca9157f1e6a91d352ba447efcff65fe6414ccde28398eb39af14e44fae427efb,4789005.0,RJ,0.8094749239265098,0.8799863261886108,815.0,150.06666666666666,0.91,0.13952,955.0,986.0,0.0,0.0,0.0,0.0,0.0,0.0,0.0,0.0,1.0,Baixo Risco
1085b7884c7505aac9a9e5f672dd1b0b5f5191e157cdb51a288452bc8a11717d,1013901.0,MG,0.2581034689997502,0.8951707561288732,194.0,78.87272727272727,0.55,0.2587,23.0,839.0,2.0,6245.0,6245.0,0.0,0.0,0.0,0.0,13.5,1.0,Baixo Risco
50b2aa14b0ee9fa3d2df464f497ad77db43be8c5ee2b24d10f22ce9596a6feb5,4744099.0,SC,0.9099512277986734,0.8430089787150986,838.0,106.44444444444444,0.95,0.06675,972.0,987.0,0.0,0.0,0.0,0.0,0.0,0.0,0.0,0.0,1.0,Baixo Risco
0134e82cfdd7397ee6446e87218972a451c2f75240d535d8c5093341382a7244,4771701.0,PR,0.938163190047676,0.8530041727895563,893.0,228.08333333333331,0.96,0.0,980.0,987.0,0.0,0.0,0.0,0.0,0.0,0.0,0.0,0.0,1.0,Baixo Risco
29e2940d0ac13dda9b3cb2db5ccf556f5f8ed95c4136fed6ba6bc21e0f0944d7,4712100.0,BA,0.9711133184184132,0.8530041727895563,951.0,264.6363636363636,0.94,0.0,972.0,987.0,0.0,0.0,0.0,0.0,0.0,0.0,0.0,0.0,1.0,Baixo Risco
11efdd62edab464495b8f90727d1e17691eb0d8551d6f9e3d48b45fa6b54ae31,3811400.0,SP,0.5090186419814705,0.8530041727895563,598.0,173.64285714285714,0.68,0.10087,703.0,987.0,7.0,599471.51,599471.51,0.0,0.0,0.0,0.0,49.42857142857143,1.0,Baixo Risco
abd3c7272c099f74729c365ea5c1cc8a4b987015cb7cdcf13f50cf8fa3e4e4ff,4781400.0,RS,0.598042428864127,0.8530041727895563,865.0,34.333333333333336,0.84,0.90261,377.0,988.0,0.0,0.0,0.0,0.0,0.0,0.0,0.0,0.0,1.0,Baixo Risco
b3bc58471240bf2c6c6b9daa5cfabc9898cc779b93846facc5c00bcc9aa7d919,1033301.0,SP,0.6043182837477047,0.8530041727895563,582.0,153.0,0.84,0.0,918.0,979.0,1.0,6981.96,6981.96,1.0,1.0,0.0,0.0,52.0,1.0,Baixo Risco
d3e8f9d18d7a7014eac82a53bc0b8d8c8900c747765f31ebcd93b6d6e2ca1bf8,4782201.0,RJ,0.783098703567969,0.8530041727895563,608.0,115.15789473684212,0.97,0.4668,961.0,989.0,0.0,0.0,0.0,0.0,0.0,0.0,0.0,0.0,1.0,Baixo Risco
97a925e7e6735a211fe01baaf49ce0671e4b56f7ea278b0c9659c5a01d442413,4930202.0,Sem Info,0.9245927674283884,1.0,868.0,207.0,0.88,0.04605,961.0,989.0,1.0,3252.96,3252.96,0.0,0.0,0.0,0.0,35.0,1.0,Baixo Risco
1eb85e4cebf2239d5721d45322f45dff390cbb1d29d77169bb91a6ce0a90bca9,4711302.0,BA,0.9387679670371224,0.8530041727895563,865.0,216.13333333333333,0.92,0.0,949.0,987.0,0.0,0.0,0.0,0.0,0.0,0.0,0.0,0.0,1.0,Baixo Risco
af2b1cd026e0aa6aaceca185ab4fe7cbe3a6bec4f2d1057a3df8ad2877acc0fc,4711302.0,GO,0.5217015081285098,0.8530041727895563,747.0,179.43076923076924,0.9,0.23273,714.0,984.0,0.0,0.0,0.0,0.0,0.0,0.0,0.0,0.0,1.0,Baixo Risco
1ba604b8afcd3ec303589731a7ed3bd465d4b460382081e9a0d37581f2cc3c6b,2599399.0,SP,0.05,0.8530041727895563,105.0,53.8,0.19,0.09327,51.0,833.0,1.0,3643.2,3643.2,0.0,0.0,0.0,0.0,35.0,1.0,Baixo Risco
eb1fa0d9cdda970ae3a67e12c0578dd62683faef41200bc6a9c19edcaa02e566,2212900.0,CE,0.985382608529348,0.9180087913969188,957.0,197.375,0.93,0.0,973.0,989.0,0.0,0.0,0.0,0.0,0.0,0.0,0.0,0.0,1.0,Baixo Risco
cd53735b6d31c03e7d860bb13bf5431ef04a19bc382e94f5c014a930dd58fd23,4671100.0,RJ,0.9864558223847312,0.6536377972275202,384.0,185.2,0.65,0.06474,441.0,983.0,1.0,948.78,948.78,0.0,0.0,0.0,0.0,70.0,1.0,Baixo Risco
4e36e9ca5320f1d431e8dc5d046723cefa279cc9119f87f5333edc13c8c5f392,4530703.0,PB,0.9479493959601376,0.569818029450795,900.0,157.83333333333334,0.82,0.0,904.0,986.0,0.0,0.0,0.0,0.0,0.0,0.0,0.0,0.0,1.0,Baixo Risco
9ddc6155197cb39590e8abe5e112f8300464ae3bd8c3d521567c169837fccaf5,4771701.0,PR,0.932740337229332,0.8530041727895563,963.0,237.65714285714284,0.97,0.0,977.0,988.0,0.0,0.0,0.0,0.0,0.0,0.0,0.0,0.0,1.0,Baixo Risco
f88cc2b7c742c21f5bdea4a249d5ea2ab6baaf1df8ad34bd0a4382860d8b16aa,5611201.0,GO,0.967608260479228,0.8530041727895563,954.0,211.875,0.96,0.0562,978.0,989.0,0.0,0.0,0.0,0.0,0.0,0.0,0.0,0.0,1.0,Baixo Risco
db8c5dc48c47d5ecae33324ee886afa21de700c19d815438b853da6867103000,2212900.0,ES,0.9998594117683172,0.8836551825763906,860.0,0.0,0.93,0.0,977.0,988.0,0.0,0.0,0.0,0.0,0.0,0.0,0.0,0.0,1.0,Baixo Risco
39f1b7de2d7f7e94a3711194fff411ee2fdf8042030551410c8cba7b198dff94,3104700.0,SC,0.8525436357479542,0.8406778783446721,952.0,220.14406779661016,0.97,0.0011,981.0,989.0,51.0,132282.29,130230.45,0.5882352941176471,0.19607843137254902,0.0196078431372549,2051.84,110.33333333333333,1.0,Baixo Risco
59def72889ebcb5d3abcaf05e77cdb1232f77aba0747e204d5a1309e687b7fc5,4530703.0,BA,0.8723234781486799,1.0,330.0,244.63636363636363,0.95,0.238,220.0,924.0,0.0,0.0,0.0,0.0,0.0,0.0,0.0,0.0,1.0,Baixo Risco
73abd1dd7565e29cb1ceb131fdb5b900f1cc7605235591dc22eacb472fd3bb05,1413401.0,RJ,0.9103898208393932,0.7359857256256377,504.0,115.08333333333331,0.79,0.05372,881.0,987.0,0.0,0.0,0.0,0.0,0.0,0.0,0.0,0.0,1.0,Baixo Risco
03c7017fd6e94583fbc67fe7d77ec35b84824a3b14559a46a27d2654b47ed28b,4781400.0,BA,0.8589769065343767,0.8530041727895563,818.0,133.5,0.97,0.0,927.0,984.0,0.0,0.0,0.0,0.0,0.0,0.0,0.0,0.0,1.0,Baixo Risco
84f194b10c04d172ad7a3cead1c81bc1312f1be3f1dd497938f5c7f3ac1f9286,4781400.0,CE,0.81991975882788,0.8530041727895563,455.0,195.16666666666663,0.94,0.20245,747.0,980.0,0.0,0.0,0.0,0.0,0.0,0.0,0.0,0.0,1.0,Baixo Risco
99be408a9826f207d822cc284907e90207c6b86bc65b6260de1b036c83bccf8e,4731800.0,PR,0.9338870672777216,0.5474923456430865,844.0,198.0,0.91,0.0,956.0,987.0,0.0,0.0,0.0,0.0,0.0,0.0,0.0,0.0,1.0,Baixo Risco
cb586d4323efcab80f7596d1f96d7bdc3432f3b935e8ebcb87c359bb39ac724a,4771701.0,Sem Info,0.7667152744275149,0.8530041727895563,605.0,69.5,0.86,0.75559,570.0,953.0,0.0,0.0,0.0,0.0,0.0,0.0,0.0,0.0,1.0,Baixo Risco
e848a4e36f9eac5cc1efb898b37c21a7adf1e7c740b434080f86a48f0521dc45,1413401.0,SP,0.894814808752573,0.6790246169339695,838.0,170.53846153846155,0.84,0.05198,928.0,986.0,2.0,12499.25,12499.25,0.5,0.5,0.0,0.0,57.5,1.0,Baixo Risco
330823926ad12050c2b7af89dc6d9d17116805c2b41ff26a0157e07acad05956,4632001.0,PR,0.8078838465146949,0.8530041727895563,694.0,32.5,0.83,0.80132,741.0,977.0,0.0,0.0,0.0,0.0,0.0,0.0,0.0,0.0,1.0,Baixo Risco
ffb0266a688a7db8db61d42aaf9bdf22ed9ddcb9152e5f0d60ccaaeee5de9fd3,4742300.0,SC,0.9049320626102564,0.8464019130868757,926.0,175.75,0.87,0.0,959.0,989.0,0.0,0.0,0.0,0.0,0.0,0.0,0.0,0.0,1.0,Baixo Risco
4d0a7da814923ca22c05f78d3e54a914b2bb7a65fa69662ec2f76c13db956c2d,4711302.0,GO,0.7930537038333183,0.8530041727895563,948.0,229.6153846153846,0.96,0.0,978.0,988.0,0.0,0.0,0.0,0.0,0.0,0.0,0.0,0.0,1.0,Baixo Risco
1c592e7d84363c8b848f045ff9f9fb75cfac5028eda41628200ba47530a2e0aa,4789004.0,BA,1.0,0.8530041727895563,939.0,269.6666666666667,0.92,0.0,780.0,985.0,0.0,0.0,0.0,0.0,0.0,0.0,0.0,0.0,1.0,Baixo Risco
78c18fcf12b435dd19c9f40d0b889b6e9092ff8df6d597fa67756814c446dc6e,4644301.0,GO,0.05,0.4805957397939224,65.0,79.08339889850511,0.11,0.12771,39.0,708.0,3.0,800.84,800.84,0.0,0.0,0.0,0.0,40.333333333333336,1.0,Baixo Risco
0d20d1a5dea134c5827e5d9e04757663e64b22ec1ef832f22b4028add8a4ebaa,4693100.0,SP,0.1259649478683363,0.868727147794909,890.0,49.61538461538461,0.74,0.14031,960.0,983.0,1.0,11852.36,11852.36,0.0,0.0,0.0,0.0,28.0,1.0,Baixo Risco
8d0e4484e2903bb3287354e74ff0d14b1b5b15a353133b8e8f594451f9ad5026,4789099.0,RS,0.9779106898285018,0.2320315375581676,958.0,187.33333333333331,0.87,0.0,958.0,986.0,0.0,0.0,0.0,0.0,0.0,0.0,0.0,0.0,1.0,Baixo Risco
ff510d17ef0f3e833c5b8e9efa6c4b0da81fe9e07661866e1e56f46470c9a5ed,4642701.0,SC,0.787636704944107,1.0,659.0,171.5,0.93,0.0303,760.0,983.0,1.0,1450.0,1450.0,2.0,1.0,0.0,0.0,33.0,1.0,Baixo Risco
6f21ebdf2e3c529370aaeddc719559f847597086fe8a9a18fd45f9edae69550e,4930202.0,PR,0.2367881233406791,0.8530041727895563,113.0,55.42857142857143,0.55,0.1008,117.0,977.0,0.0,0.0,0.0,0.0,0.0,0.0,0.0,0.0,1.0,Baixo Risco
f0f8d4f3a941fa45c8d680410d6e26fa1d4d09f4cc78de84401bef82b103a3ad,4744099.0,MG,0.7911298231493105,0.8530041727895563,912.0,200.06666666666663,0.98,0.14283,956.0,986.0,0.0,0.0,0.0,0.0,0.0,0.0,0.0,0.0,1.0,Baixo Risco
57965b0b2563a2d9f60c735fcb47001d2b06a42bfc8e9e38cd83ce601a96a669,4782201.0,MS,0.994811426080935,0.8530041727895563,954.0,107.33333333333331,0.97,0.0,982.0,988.0,0.0,0.0,0.0,0.0,0.0,0.0,0.0,0.0,1.0,Baixo Risco
1afadbac71f14681116f6ba86d19a2861dde75f4f551839e244c14e0c06e86d5,4771701.0,PR,0.8565885519396187,0.8530041727895563,854.0,142.5,0.88,0.57572,933.0,988.0,0.0,0.0,0.0,0.0,0.0,0.0,0.0,0.0,1.0,Baixo Risco
ec14265ac109e8ac1f2d8315c9330c80dc4c4fc03847b4246194fcb4883b2447,4771701.0,PR,0.982220035163624,0.8530041727895563,950.0,191.4705882352941,0.99,0.0,984.0,988.0,0.0,0.0,0.0,0.0,0.0,0.0,0.0,0.0,1.0,Baixo Risco
a2b1617b5ce52be169224ac1065407ab58cc2b6e105f1adb8d170a1f3b42cc32,4781400.0,GO,0.9892785927047852,0.8530041727895563,944.0,0.0,0.94,0.0,966.0,988.0,0.0,0.0,0.0,0.0,0.0,0.0,0.0,0.0,1.0,Baixo Risco
0ffae20372d7dbadca7a2d1da760b936b6f12583fcd6f18237ab1c94996861fa,4744005.0,DF,0.924083460665787,0.3404276519799016,945.0,223.43939393939397,0.95,0.00046,976.0,988.0,0.0,0.0,0.0,0.0,0.0,0.0,0.0,0.0,1.0,Baixo Risco
f36443debb92aad96bef88801c40b21a8f7d411b9b731bd3e7a4b6d3f378b521,4781400.0,SC,0.8400781794389542,0.8530041727895563,874.0,151.5,0.86,0.0,884.0,986.0,0.0,0.0,0.0,0.0,0.0,0.0,0.0,0.0,1.0,Baixo Risco
3b930aa604bedf667404335718dabc3f9174521895bd1f4e9e019bd606490396,4613300.0,SP,0.999740597171773,0.996558742099104,927.0,141.0,0.91,0.0,957.0,988.0,1.0,51221.44,51221.44,0.0,0.0,0.0,0.0,69.0,1.0,Baixo Risco
d44ae5e0dd1de3f2b63befb110c2970ceea09e17da219a5eb28ed5ee3c004022,1012103.0,PR,0.9129351463146036,0.9326210031081392,925.0,178.175,0.91,0.13281,957.0,987.0,1.0,161472.12,161472.12,0.0,0.0,0.0,0.0,28.0,1.0,Baixo Risco
33a0d4593b50149963bf35176259c41930c8bc04a8db576086a38749b8812a20,7810800.0,PE,0.1998985155463952,1.0,165.0,106.0,0.71,0.30373,154.0,965.0,6.0,29806.15,0.0,51.666666666666664,0.8333333333333334,0.0,29806.15,159.66666666666666,1.0,Baixo Risco
40b380ed2d542362eb78337988d87b82832db28a12c797753c9465d0e849299b,4781400.0,MA,0.9829789838824048,0.8530041727895563,897.0,163.0,0.93,0.0,975.0,988.0,0.0,0.0,0.0,0.0,0.0,0.0,0.0,0.0,1.0,Baixo Risco
31cd4b1c3b014d02dbbba7beae01fa32b67aa7b5447ecb58ac7f36bc771cda49,1053800.0,SP,1.0,0.8530041727895563,948.0,278.0,0.91,0.0,935.0,987.0,0.0,0.0,0.0,0.0,0.0,0.0,0.0,0.0,1.0,Baixo Risco
092afd04034f4c14909992fb2c9261c4346f61c618d70c770bbbbf19805044e6,1412601.0,MG,0.9804357256101666,0.8530041727895563,927.0,190.8,0.97,0.0,982.0,988.0,0.0,0.0,0.0,0.0,0.0,0.0,0.0,0.0,1.0,Baixo Risco
6ad68644b26f6ea0ebf949e0d5f92ff499007735ae71b29a82e25135ea2191f5,6550200.0,RJ,0.2010125873925523,0.3011521327728823,143.0,129.37318590186592,0.45,0.06848,108.0,914.0,0.0,0.0,0.0,0.0,0.0,0.0,0.0,0.0,1.0,Baixo Risco
a3bee15f32ed002ff07a92e592c0f508a06de8bafc8da60a70b5f55692481d91,2532201.0,ES,0.9807650858709828,0.8530041727895563,653.0,190.75,0.68,0.0,951.0,988.0,0.0,0.0,0.0,0.0,0.0,0.0,0.0,0.0,1.0,Baixo Risco
ebf9e1e19c444dfbba10eab80b4e7b507dbd3610df0daafe2d98ee1a16bb2cca,1041400.0,MT,0.2315080996652025,0.8530041727895563,570.0,193.85148514851485,0.75,0.00045,980.0,988.0,0.0,0.0,0.0,0.0,0.0,0.0,0.0,0.0,1.0,Baixo Risco
cf03b2de4cfaa12e319bdb8224521b7ec4829834ad3c0d52c04cc4d7cd22b16f,4541206.0,GO,0.4329544198263552,0.8530041727895563,670.0,54.55172413793103,0.96,0.55114,599.0,982.0,0.0,0.0,0.0,0.0,0.0,0.0,0.0,0.0,1.0,Baixo Risco
0397be76b44c0cd77d6801abc4a723fca950512982bd9589eae82b1ea00b7269,2071100.0,SP,0.9990748980901196,1.0,903.0,213.8571428571429,0.96,0.0,961.0,989.0,0.0,0.0,0.0,0.0,0.0,0.0,0.0,0.0,1.0,Baixo Risco
509a9f43fe83bc217346f432a8f4aaa1845040015d6243bd6b85eaf70126bb00,2342701.0,BA,0.3446728778200567,0.7486568548196005,91.0,125.11214953271028,0.33,0.02944,48.0,709.0,11.0,27026.27,27026.27,0.09090909090909091,0.09090909090909091,0.0,0.0,86.63636363636364,1.0,Baixo Risco
10c3aacd74feb60a085306ef78e58037a293932b4dd1912f731c75e2e2dbb7ab,4782201.0,SP,0.1806264503164396,0.8530041727895563,562.0,65.6,0.81,0.41133,43.0,752.0,0.0,0.0,0.0,0.0,0.0,0.0,0.0,0.0,1.0,Baixo Risco
1bb617e697e98e1010d8724b03302117959d40611585f4a5fb094a56096d3880,4530705.0,SP,0.9729741656671612,0.9325571035451536,920.0,271.06666666666666,0.9,0.0,963.0,988.0,0.0,0.0,0.0,0.0,0.0,0.0,0.0,0.0,1.0,Baixo Risco
7d0855f1dcba42015160a2b2e7169b245269833b47076b42ad7d59ba1a0dab50,4644301.0,PR,0.9969509047207216,0.9126222901671136,939.0,251.14285714285717,0.96,0.0,979.0,988.0,0.0,0.0,0.0,0.0,0.0,0.0,0.0,0.0,1.0,Baixo Risco
0f88705e27d2ae0f1c9fec07932ce74d55420c83618a6601f735117d29a75123,4639701.0,AP,0.9193781344230042,0.8475691820740003,867.0,143.81333333333333,0.95,0.05179,982.0,989.0,0.0,0.0,0.0,0.0,0.0,0.0,0.0,0.0,1.0,Baixo Risco
911211110d8bfd729397e2d4fec5a91d9aa19dc1b59c17e315b4eb0327179aff,2532201.0,SP,0.05,0.7888312730816465,60.0,80.42168674698796,0.14,0.22914,36.0,233.0,5.0,7643.1,4503.1,13.8,0.4,0.0,3140.0,40.8,1.0,Baixo Risco
9cf8278fa84de926811f650511c877e494bad42fc268b54820d2fb5c5b716fc8,4649408.0,GO,0.9923095787948096,0.8530041727895563,939.0,208.1764705882353,0.99,0.02478,982.0,989.0,1.0,4900.0,4900.0,0.0,0.0,0.0,0.0,42.0,1.0,Baixo Risco
25d55e3f61ccd82717cd108a262525a24e39c5b2f53ed3d09e93a40a5f998414,4754702.0,GO,0.573240977948989,0.8530041727895563,715.0,44.64705882352941,0.74,0.10137,613.0,985.0,0.0,0.0,0.0,0.0,0.0,0.0,0.0,0.0,1.0,Baixo Risco
145f5fc593eb10096c4834de617dc6a5e0bd2784de5260b405f4438de8c2ac7e,4755501.0,MG,0.9821820468319924,0.8530041727895563,950.0,172.92857142857142,0.99,0.11749,981.0,989.0,0.0,0.0,0.0,0.0,0.0,0.0,0.0,0.0,1.0,Baixo Risco
c5d1243a386e79dfed623d956d43a79778a624f09419215cf281b0fbb3a900aa,2229302.0,RS,0.05,0.2602739726027397,662.0,77.5,0.62,0.14711,118.0,858.0,0.0,0.0,0.0,0.0,0.0,0.0,0.0,0.0,1.0,Baixo Risco
8bd7d63f4a297555c0fe5774e0a9c0a9898f2bf1329e5cdcf07bcf030a35dfc5,4712100.0,PR,0.8569587979418882,0.947544217374887,701.0,133.54545454545453,0.96,0.23945,963.0,988.0,0.0,0.0,0.0,0.0,0.0,0.0,0.0,0.0,1.0,Baixo Risco
daf53ebb1b6c8e96459672367bb5ed971538108944bed1bbe4e558dabc6e64c4,1749400.0,Sem Info,0.5738730140974823,0.7101614501054513,752.0,206.8048780487805,0.83,0.50786,955.0,986.0,1.0,1272.88,1302.57,1.0,1.0,0.0,-29.689999999999827,62.0,1.0,Baixo Risco
3293c131d7518d3a887503d30bb3306accf85841bc335eda6ec4f63a31e6654d,3292202.0,Sem Info,0.3850687833507937,0.2436514967758533,528.0,129.98214285714286,0.7,0.15458,929.0,987.0,2.0,1116.8200000000002,397.5,6.5,0.5,0.0,719.32,29.0,1.0,Baixo Risco
436dd3c845d248259f70ef0c9e250ef7b831eab09507540c0b52860468679f0e,4691500.0,GO,0.9722130707031016,0.8530041727895563,944.0,162.71428571428572,0.96,0.04845,975.0,989.0,0.0,0.0,0.0,0.0,0.0,0.0,0.0,0.0,1.0,Baixo Risco
75e663254cd967ee403e1297664fd6b315b90825f2e036b3940ba5daba698116,4771701.0,PR,0.8884717414653424,0.8530041727895563,925.0,195.06976744186048,0.96,0.14629,972.0,986.0,0.0,0.0,0.0,0.0,0.0,0.0,0.0,0.0,1.0,Baixo Risco
132bad0f81dcfe3426f9601f5b2e14b24f21c2ed38acb6ade7387d2bba1264fc,2342701.0,Sem Info,0.4694668796330274,0.674967098451132,80.0,110.28945601074548,0.39,0.05262,30.0,973.0,5.0,15509.630000000001,15509.630000000001,0.0,0.0,0.0,0.0,67.2,1.0,Baixo Risco
d479833088906cc8d470e601244842f908462c2a70dc2e6f9b23fd1d6eb6e623,4771701.0,PR,0.953629024889424,1.0,836.0,221.14814814814812,0.91,0.01087,945.0,986.0,0.0,0.0,0.0,0.0,0.0,0.0,0.0,0.0,1.0,Baixo Risco
77397f323dca6b8a6a3af2325020e3bd25a8e0969e70573a5e6051924ef42961,4712100.0,AM,0.926676143949904,0.9660201353316668,184.0,30.22222222222222,0.73,0.8629,328.0,973.0,0.0,0.0,0.0,0.0,0.0,0.0,0.0,0.0,1.0,Baixo Risco
b683d359d2e5dbe45b5071596661ef57096417aa574d974501dbfef91698b7fe,4781400.0,SP,1.0,0.8530041727895563,886.0,246.8,0.9,0.0,970.0,988.0,0.0,0.0,0.0,0.0,0.0,0.0,0.0,0.0,1.0,Baixo Risco
9d0ae38ef4829e9e6d6e85a4a12810ac3f6fce0177b4a022d4d065aeab820ac1,4930202.0,RJ,0.5463530103314329,0.5967888533762203,714.0,159.45279383429673,0.89,0.13382,964.0,987.0,2.0,12833.699999999999,12833.699999999999,0.0,0.0,0.0,0.0,30.0,1.0,Baixo Risco
d5e0d15e72a4267b759d9f92e9e442f775cfdc931db9764e99ff33cb7436ce49,4530701.0,SP,0.8788216811716498,0.8530041727895563,823.0,85.125,0.81,0.13365,951.0,987.0,12.0,145735.28999999998,143972.09,0.0,0.0,0.0,1763.2,63.833333333333336,1.0,Baixo Risco
db8906d9b1fafae8c19076c291eeebce0a530fdadad908a25e96cd8efdc49946,3299003.0,SP,0.9711954907337784,0.8969138765459717,886.0,175.58333333333334,0.94,0.00125,977.0,989.0,1.0,4258.1,4258.1,0.0,0.0,0.0,0.0,35.0,1.0,Baixo Risco
0c67dfdd465965b86a93b08f5871d216570ff3115e8fd7d633c1cd61472eeb8c,4781400.0,Sem Info,0.8246517236809032,0.8530041727895563,183.0,136.5,0.76,0.09521,809.0,926.0,0.0,0.0,0.0,0.0,0.0,0.0,0.0,0.0,1.0,Baixo Risco
0f20d83678e16b7166c52d633fd880bdeead4b1e23e6b5880b1a161d6e7ab13a,4721102.0,Sem Info,0.2588621298415574,0.4323960728246,163.0,120.38235294117646,0.48,0.25194,72.0,891.0,1.0,15567.5,15567.5,0.0,0.0,0.0,0.0,56.0,1.0,Baixo Risco
bd63fb4e1cef222ecdd9125e7d19d988b0edc1cec228b3de75f143df8645b2fb,1921700.0,PA,0.1956626144392423,0.6626164086249424,505.0,116.54310344827586,0.74,0.28961,273.0,902.0,2.0,45040.8,45040.8,0.0,0.0,0.0,0.0,52.0,1.0,Baixo Risco
16f9dbced82ffd624483382f7af9a6f74ded84787c27bb9670f17e40dd479f2a,4781400.0,SP,0.9658172254192664,0.8530041727895563,953.0,203.8181818181818,0.99,0.0,981.0,988.0,0.0,0.0,0.0,0.0,0.0,0.0,0.0,0.0,1.0,Baixo Risco
be53dec3170a1c46af24f79efc9797919c70acf32d4eea51d9b9c1f7ddcb4fdb,4646001.0,Sem Info,0.4429451018769862,0.773187506776803,515.0,227.625,0.79,0.0,902.0,986.0,1.0,669.97,0.0,18.0,1.0,0.0,669.97,57.0,1.0,Baixo Risco
dfb0b398d34862adecbe4c3b63ec1c401b55b017d2fd1e1997b9ba8c44b255b8,4781400.0,SP,0.9838473901644323,0.8530041727895563,966.0,285.0,0.97,0.0,978.0,988.0,0.0,0.0,0.0,0.0,0.0,0.0,0.0,0.0,1.0,Baixo Risco
fe223ae95808e2ad61ac5243f85151374f74f2b4e0d2101269a31534f9aa37ce,1521100.0,SP,0.3857410603501793,0.7741678967631465,558.0,137.01818181818183,0.8,0.29812,123.0,985.0,2.0,1212.82,1212.82,0.0,0.0,0.0,0.0,59.0,1.0,Baixo Risco
26e5a30b0612042fd462766983dcf587af52bbd0b80c8a65ef511f13f2ea3ecf,4783102.0,SP,0.9218399008325198,0.8530041727895563,950.0,139.36363636363637,0.97,0.44398,981.0,989.0,0.0,0.0,0.0,0.0,0.0,0.0,0.0,0.0,1.0,Baixo Risco
22767c50076717cdb3c031acea22415097f6634d345c47c4ba4c26d3630c3b43,4623199.0,PR,0.7341198389513357,0.7937986762941911,741.0,115.73049645390071,0.93,0.54968,976.0,989.0,0.0,0.0,0.0,0.0,0.0,0.0,0.0,0.0,1.0,Baixo Risco
4c34ffe017b3fa09fc6ae69785b44fdfa02026c68ce8d6b5ff1dac375520b7eb,4744005.0,SC,0.9501918453435452,0.9868093944598728,892.0,198.9142857142857,0.95,0.04632,978.0,986.0,0.0,0.0,0.0,0.0,0.0,0.0,0.0,0.0,1.0,Baixo Risco
98401649ca93b865d62376d74a90a113b0c6a1aacead588dc931a540b7ff91b5,4781400.0,SC,0.0587481083055722,0.6861415973012277,149.0,143.84615384615384,0.88,0.4031,48.0,452.0,0.0,0.0,0.0,0.0,0.0,0.0,0.0,0.0,1.0,Baixo Risco
62716efaeff53f4f4526583f5e413d551471a4e96f7ca284ff487a23c89cccef,4530701.0,SP,0.9924280730463384,0.9686380289888264,963.0,279.14,0.98,0.0,984.0,988.0,0.0,0.0,0.0,0.0,0.0,0.0,0.0,0.0,1.0,Baixo Risco
5fc75b5fb026b1c9f9466f321c0ca18a85567365ea6d845d749a72b1bd7f88cb,4781400.0,GO,0.9569673689434878,0.4112064537539751,950.0,181.48,0.98,0.06577,983.0,988.0,0.0,0.0,0.0,0.0,0.0,0.0,0.0,0.0,1.0,Baixo Risco
28f69d5e1ff4c760fddca68f5f2aab82e4431a1b6e1f82c576f555118e9c212c,2733300.0,SP,0.998365237902233,0.8878508742273357,956.0,180.21621621621625,0.97,0.00068,983.0,988.0,0.0,0.0,0.0,0.0,0.0,0.0,0.0,0.0,1.0,Baixo Risco
bfe60718316ca765f03e61860635eb2e1ef4028f5292579a11a7a4027ae0c429,2610800.0,SP,0.5275612892541188,1.0,133.0,105.17,0.44,0.0702,50.0,959.0,9.0,54976.19,51262.18,0.3333333333333333,0.3333333333333333,0.1111111111111111,3714.01,36.0,1.0,Baixo Risco
2d1a1af86799450bf86a2e7b065e282c91d7ef8ae23ba0a63de5b1e39aed05d8,4781400.0,SP,0.9520388210531896,0.8530041727895563,952.0,201.0,0.95,0.0,952.0,989.0,0.0,0.0,0.0,0.0,0.0,0.0,0.0,0.0,1.0,Baixo Risco
bbd2b2e7774a1575d6bc7ab899090beeb959cb3cb63b5fa28adc10c271bbe669,4781400.0,SP,0.8109391934827546,0.8530041727895563,957.0,263.0,0.98,0.0,979.0,989.0,0.0,0.0,0.0,0.0,0.0,0.0,0.0,0.0,1.0,Baixo Risco
eb86178b277d61bf44bef30bab87ec97649cf9734bd4767d1ff16f6582884fa5,4731800.0,SP,0.9954431966275444,0.985536885438386,922.0,259.375,0.96,0.0,979.0,988.0,0.0,0.0,0.0,0.0,0.0,0.0,0.0,0.0,1.0,Baixo Risco
497aff7351de7b51834e5e585f6c6613d949466b6e8e75e7c1416b21fd6df266,1330800.0,SP,0.6078378476184133,0.3583253792465171,438.0,108.4888178913738,0.83,0.10719,721.0,984.0,24.0,54674.5,40968.76,4.375,0.5416666666666666,0.0,13705.74,84.83333333333333,1.0,Baixo Risco
fa85c2ff9c59a7389e2f0dd71e4263d261831823750cb498ceb4da7fbbd5bf79,4782201.0,SE,0.9857303218577842,0.8530041727895563,877.0,244.77777777777777,0.98,0.0,962.0,988.0,0.0,0.0,0.0,0.0,0.0,0.0,0.0,0.0,1.0,Baixo Risco
d574b57ff6e27b49a317a7048fab0e55d23d251a3f0e418654881582086ae404,8130300.0,SP,0.8951303494816011,0.8530041727895563,940.0,201.45525291828795,0.95,0.05472,980.0,989.0,0.0,0.0,0.0,0.0,0.0,0.0,0.0,0.0,1.0,Baixo Risco
01050c03933f0d1c653e3528094b4c4935094de9825dfe6d23aeb918c4edd538,6120502.0,SP,0.2715803302517733,0.4258224778217288,137.0,114.63947368421051,0.24,0.00204,279.0,985.0,0.0,0.0,0.0,0.0,0.0,0.0,0.0,0.0,1.0,Baixo Risco
854786bd1555974b659d18d70cc0aa110aad39a9abc17583b11a53d7ebcdeb25,4649499.0,SP,0.9900097112711336,0.8792557429487718,962.0,228.57142857142856,0.97,0.0,981.0,988.0,0.0,0.0,0.0,0.0,0.0,0.0,0.0,0.0,1.0,Baixo Risco
15eec47c9d037824b142604d281bddfa3d691a029c6658be010ba539588eefeb,4520006.0,RJ,0.8841720962611803,0.7047090192541563,954.0,240.43859649122808,0.94,0.00375,978.0,988.0,0.0,0.0,0.0,0.0,0.0,0.0,0.0,0.0,1.0,Baixo Risco
7cf112ba42a49e85213df21c89df2a8569a9d994a3476618ae8b3da87c839657,4781400.0,PE,0.9679350732225784,0.8530041727895563,913.0,170.5,0.99,0.0,916.0,985.0,0.0,0.0,0.0,0.0,0.0,0.0,0.0,0.0,1.0,Baixo Risco
725222c654a8dd924bfdf07f47c17a7ebebc74b135d86aeee3bd3d7046eba5ea,4686901.0,SC,0.9794561348572962,0.8561442587808659,804.0,21.0,0.92,0.0,945.0,988.0,0.0,0.0,0.0,0.0,0.0,0.0,0.0,0.0,1.0,Baixo Risco
f47bb6076cd87bd7bcdd739ca54e0e0ff40df6635f49f0c851d4f14b703c0027,1066000.0,MG,0.3838998216675469,0.910710489180748,762.0,142.22727272727272,0.86,0.44789,894.0,982.0,1.0,8917.34,8917.34,0.0,0.0,0.0,0.0,30.0,1.0,Baixo Risco
40814c4545ecf29090275df2d45446dc64173d4e87d732fc7834de19e307bdb1,4771701.0,PR,0.9880304369593595,0.8206737078393345,952.0,237.48611111111111,0.99,0.0,971.0,988.0,0.0,0.0,0.0,0.0,0.0,0.0,0.0,0.0,1.0,Baixo Risco
0d0da93d16af63aff651e130d6a7335a030495d21c1c3f4c5ca12f556eae3ae9,4781400.0,SC,0.923358082329528,0.8530041727895563,721.0,209.3846153846154,0.92,0.08716,964.0,988.0,0.0,0.0,0.0,0.0,0.0,0.0,0.0,0.0,1.0,Baixo Risco
44c8afdf04df03b9506bc7e57bc9774a0b6b9f0225888ab3fec24aad8f0f3e03,1313800.0,RS,0.5271399520513627,1.0,846.0,171.0,0.91,0.27846,907.0,985.0,1.0,1694.0,1694.0,0.0,0.0,0.0,0.0,42.0,1.0,Baixo Risco
1144a16724ea2a07d488f74299c082ddaf96007db2765651c3efade7db87caad,1096100.0,SP,0.9426175968669444,0.928259601503958,933.0,216.85365853658536,0.91,0.0,977.0,989.0,3.0,1620.04,1620.04,0.0,0.0,0.0,0.0,24.0,1.0,Baixo Risco
65684e2f390a44467b54a7f2d1d693837779e3bdc0a05e87c2845ac6f387551c,4771701.0,PR,0.9928671274723369,0.8530041727895563,953.0,237.28571428571428,0.99,0.0,986.0,989.0,0.0,0.0,0.0,0.0,0.0,0.0,0.0,0.0,1.0,Baixo Risco
3d37a620edaf9e98b4b93b3a7c06240bac55475b4373eba9cd8da8b02514ae68,2229301.0,PE,0.7858057193991369,1.0,891.0,166.46153846153845,0.95,0.11209,960.0,986.0,1.0,942.02,942.02,0.0,0.0,0.0,0.0,45.0,1.0,Baixo Risco
b9ffbfb538d10c840cec7e17f6f11fd65ecdcd5506a65803980894b5d5b20640,4782201.0,SC,0.9786204824327328,0.8530041727895563,964.0,93.1,0.99,0.10321,981.0,988.0,0.0,0.0,0.0,0.0,0.0,0.0,0.0,0.0,1.0,Baixo Risco
58f2d79bb40ffc955991d5e3885de3976417307fdbdd37bbfef4e8424d4d8041,4744099.0,SC,0.9884077118028322,0.8530041727895563,943.0,261.54545454545456,0.99,0.0,966.0,988.0,0.0,0.0,0.0,0.0,0.0,0.0,0.0,0.0,1.0,Baixo Risco
fdbfb416375014d2d53d8d1e034e3dbe7d3badf00f0ce1024eb6eb9f7e12b54a,4771701.0,PR,0.9145108889836602,0.8530041727895563,919.0,161.94444444444446,0.97,0.0,981.0,987.0,0.0,0.0,0.0,0.0,0.0,0.0,0.0,0.0,1.0,Baixo Risco
59fcdef6fa1e15431a59764e9d42200a37bf9d740a7522e18341b162b47b3cf5,4771701.0,PR,0.5316341963937131,0.8430154962728705,932.0,214.23711340206185,0.98,0.16498,980.0,989.0,0.0,0.0,0.0,0.0,0.0,0.0,0.0,0.0,1.0,Baixo Risco
184809a239b251350871d3b5ea083c6e14becb3088dc54a82bfecf0fe3c4046b,1012103.0,RS,0.9955483047694068,0.8530041727895563,952.0,253.11926605504587,0.97,0.0012,980.0,989.0,0.0,0.0,0.0,0.0,0.0,0.0,0.0,0.0,1.0,Baixo Risco
ec4a0cd899b47b3e8703d8c6d6e5f84d739b8cc183e1d94381b51ca1e1258135,4771701.0,PR,0.971481477351042,0.8530041727895563,940.0,174.23809523809524,0.98,0.0,983.0,988.0,0.0,0.0,0.0,0.0,0.0,0.0,0.0,0.0,1.0,Baixo Risco
8df07085592174c7d6413fee4448b9502bc6b1ceac4bffde95fce7daae4d38d5,2943300.0,RS,0.5483469312599294,1.0,299.0,145.28813559322035,0.73,0.1575,179.0,981.0,1.0,76.54,76.54,0.0,0.0,0.0,0.0,63.0,1.0,Baixo Risco
10ae59c3513bd843b13de79eae702207ed0c82559082ecdfbe31c8fe90172734,4781400.0,SC,0.9721763637530304,0.8530041727895563,895.0,220.0,0.96,0.01762,975.0,989.0,0.0,0.0,0.0,0.0,0.0,0.0,0.0,0.0,1.0,Baixo Risco
3598843a753f7209cc343f941f55dce176d5299b8e4be85d048b437e60d22e38,1062700.0,Sem Info,0.6361934546612614,0.2557439240888863,485.0,163.40740740740742,0.76,0.01319,852.0,986.0,1.0,534.0,534.0,1.0,1.0,0.0,0.0,39.0,1.0,Baixo Risco
92c485ef1493be00438a6d267fa9a9a568ce751d4a4c2783f2652fe3b2cd7077,1621800.0,PR,0.6457678782237288,1.0,809.0,234.26315789473685,0.79,0.0,978.0,989.0,0.0,0.0,0.0,0.0,0.0,0.0,0.0,0.0,1.0,Baixo Risco
e7c65b58350784f56ef6f62b875e3db6c62fb11e8c2d3719230edb09752788a6,4930202.0,RJ,0.7419798530555842,0.8490174624485887,932.0,121.4,0.89,0.0,968.0,987.0,1.0,38350.0,38350.0,0.0,0.0,0.0,0.0,45.0,1.0,Baixo Risco
655854d9b7b09daa74935ff1ecc35c3099e58d6e1e6923f258aea766e8292cf1,4635402.0,Sem Info,0.6563758254039767,0.8484007066282969,572.0,108.73684210526316,0.84,0.22043,878.0,986.0,1.0,634.5,634.5,1.0,1.0,0.0,0.0,21.0,1.0,Baixo Risco
9974da00b0e6d5a6d988a68e4db4a6bd309fc7d3aef880abc9c4cdfa1acf7a0a,4789099.0,DF,0.8379466286558283,0.91012734703823,683.0,75.33333333333333,0.65,0.0,867.0,986.0,0.0,0.0,0.0,0.0,0.0,0.0,0.0,0.0,1.0,Baixo Risco
0155678ae57d6b33d68a88eafdb47a7beace01d9f66222dcbca5e54eaf7bf1f6,4781400.0,PE,0.8797509717566288,0.8530041727895563,701.0,87.25,0.92,0.04544,925.0,988.0,0.0,0.0,0.0,0.0,0.0,0.0,0.0,0.0,1.0,Baixo Risco
9c5deb176603896d746a1577b0d07da9b079bde6d325470ea7cc609129941d58,4693100.0,ES,0.8533563403075474,0.7547295723630439,772.0,153.16666666666666,0.82,0.0,974.0,989.0,2.0,1483.15,1483.15,1.0,0.5,0.0,0.0,61.0,1.0,Baixo Risco
86adb33d70e2647d9a8c84a94c8fc7eea2d6afea6a924dc7dc7346c337429a13,4744001.0,RO,0.8087080456572469,0.7932366400732537,915.0,247.34782608695653,0.98,0.03162,982.0,989.0,0.0,0.0,0.0,0.0,0.0,0.0,0.0,0.0,1.0,Baixo Risco
50c6ec00975ed3eaef775b5ecb0c405584482306e01a22ae6263a15addab496f,4642701.0,SP,0.904758362941576,0.8965815646107175,942.0,115.72727272727272,0.96,0.26866,972.0,988.0,0.0,0.0,0.0,0.0,0.0,0.0,0.0,0.0,1.0,Baixo Risco
4f79e3ac8904345a10a83b0376283107aefc5bf82c784633ed7fe85b6b06d1d0,3101200.0,SC,0.9578348466828276,0.9381770352251196,946.0,219.06896551724137,0.95,0.0173,976.0,988.0,0.0,0.0,0.0,0.0,0.0,0.0,0.0,0.0,1.0,Baixo Risco
d4f50588d7d42c43c61c99df51cd39c2882a1bee5a2b2130682abd53c8fcf4a2,4781400.0,GO,0.9983196280479336,0.6326708396981673,924.0,307.3333333333333,0.99,0.0,975.0,988.0,0.0,0.0,0.0,0.0,0.0,0.0,0.0,0.0,1.0,Baixo Risco
2ecec581057f1516a82736b9edbea1ca632ee7b32dda270cbf396a5049a3ebbd,115600.0,MT,0.9513548827868444,0.8530041727895563,851.0,171.54545454545453,0.88,0.0,974.0,988.0,0.0,0.0,0.0,0.0,0.0,0.0,0.0,0.0,1.0,Baixo Risco
21c3986021a203bcd40f8c11bec17c17af84f0f2ae26718d784d3f87611d0d0e,4691500.0,PA,0.8997327338088995,0.9133442903372204,963.0,196.74074074074076,0.94,0.0,982.0,989.0,0.0,0.0,0.0,0.0,0.0,0.0,0.0,0.0,1.0,Baixo Risco
7a3a07ac0c3a62eecdcf0410d8df585a5350ce24e230c32f3f7dc7a472eb8f1c,1621800.0,Sem Info,0.8361704228926037,0.9122568884596698,795.0,132.35191637630663,0.87,0.06735,966.0,989.0,0.0,0.0,0.0,0.0,0.0,0.0,0.0,0.0,1.0,Baixo Risco
5895cb1e8973a6b09eee982bfde4830ea88cc8235dd04990c0ac4b8b492b815c,1411801.0,SP,0.05,0.5289134835928471,212.0,230.55555555555557,0.41,0.09657,123.0,872.0,1.0,1871.96,1871.96,2.0,1.0,0.0,0.0,32.0,1.0,Baixo Risco
1e3d4647f8d619e4e3e86f259ff87c7ab88cacf384a6b09a3e6be3af183a1ebe,4781400.0,Sem Info,1.0,0.7709251101321586,940.0,241.0,1.0,0.0,971.0,988.0,0.0,0.0,0.0,0.0,0.0,0.0,0.0,0.0,1.0,Baixo Risco
76cb44e039e55788d4b1877dd69612a79f1ba03ff8705f3beec15282dfa4db51,4530703.0,RJ,0.5430142678395238,0.8530041727895563,805.0,56.095238095238095,0.88,0.27942,933.0,982.0,0.0,0.0,0.0,0.0,0.0,0.0,0.0,0.0,1.0,Baixo Risco
19217dfa3e47b0c5cfb7cdbb0a07da335e9a241908cf0b5be9da5163320269d7,4789099.0,RS,0.9749145089673784,0.9262857668493452,950.0,236.07692307692307,0.96,0.02996,983.0,989.0,0.0,0.0,0.0,0.0,0.0,0.0,0.0,0.0,1.0,Baixo Risco
7b37202c8655a6b435109955a2a11e49ab85f61356f88a9dc44174335d7497a8,4781400.0,RS,0.9708923926154356,0.7535975607140089,861.0,241.125,0.93,0.09077,973.0,986.0,0.0,0.0,0.0,0.0,0.0,0.0,0.0,0.0,1.0,Baixo Risco
e0f4af31bf014ccee10e05a1b3c5c2dc596f5549d8c08f6d07f1e6537df738dc,2449199.0,RS,0.1793813503949987,0.6334938106724778,222.0,112.19574468085106,0.53,0.08759,79.0,961.0,162.0,2328371.14,2328371.14,0.012345679012345678,0.012345679012345678,0.0,0.0,18.75925925925926,1.0,Baixo Risco
519d5e6542188a68f90e44de27fee30afe2332ce4e7f3095e73d1b0a2ce82628,4771701.0,PR,0.9438020764478758,0.8530041727895563,901.0,161.11111111111111,0.96,0.02822,975.0,988.0,0.0,0.0,0.0,0.0,0.0,0.0,0.0,0.0,1.0,Baixo Risco
8394f025d42d99438fe306b5d2ca70d065f4b48aa464cbbd0902bc827a2e4427,4781400.0,PE,0.9755375083932852,0.8530041727895563,951.0,209.2142857142857,0.97,0.06456,981.0,988.0,0.0,0.0,0.0,0.0,0.0,0.0,0.0,0.0,1.0,Baixo Risco
2ba53179281f7cb91d0b016bae38dfd2b489cfae6a2bb2e7382eb47282e9b209,4755503.0,RS,0.952431290014261,0.8530041727895563,858.0,168.0,0.96,0.06993,973.0,988.0,0.0,0.0,0.0,0.0,0.0,0.0,0.0,0.0,1.0,Baixo Risco
e2d3bc92824871bcf23541a1f585c4bd7a75d8a906203112720dc9ce4059afbd,4771701.0,PR,0.7598157984615128,1.0,732.0,27.916666666666668,0.92,0.24658,957.0,988.0,0.0,0.0,0.0,0.0,0.0,0.0,0.0,0.0,1.0,Baixo Risco
7276c9e43ab2fdf7058da8570c188944c7cbcafd0107834c9fecc27b28969675,4754701.0,ES,0.7253857314928032,0.8530041727895563,543.0,214.44736842105263,0.93,0.0,693.0,984.0,0.0,0.0,0.0,0.0,0.0,0.0,0.0,0.0,1.0,Baixo Risco
56d86723cfb315330d87102af58b2634616d118ea41d4a11384dc0da90d1813d,4711302.0,RS,0.9874961271674778,0.8530041727895563,962.0,244.44,0.98,0.0,976.0,988.0,0.0,0.0,0.0,0.0,0.0,0.0,0.0,0.0,1.0,Baixo Risco
fc6ee0ea0b020897290ba2d5959788a4703053f988a65f8423d2a6511f865532,4754701.0,PR,0.9336091290778196,0.8530041727895563,854.0,181.9333333333333,0.98,0.06581,973.0,987.0,0.0,0.0,0.0,0.0,0.0,0.0,0.0,0.0,1.0,Baixo Risco
1da551ba5214ece00716479411362f86501b6e3aab06a2eaa90af4940dd02c4a,4684299.0,PR,0.0858871493152748,0.5231626429170709,139.0,116.9076923076923,0.54,0.2563,124.0,983.0,1.0,5061.96,5061.96,0.0,0.0,0.0,0.0,32.0,1.0,Baixo Risco
cf74bc758f388174b0e3d3b3967af7d6d902e01a1a0c8c651eba1417c2d79cd9,3292202.0,SP,0.1761420197580152,0.9060304061226409,210.0,93.56716417910448,0.63,0.06939,108.0,974.0,1.0,734.75,734.75,0.0,0.0,0.0,0.0,28.0,1.0,Baixo Risco
acd22e4bcb81ee37fd4cfbf2e9dc995b94113b3ccd4c8f362dce4887a811f59f,4731800.0,SP,0.9192677439188393,0.8530041727895563,956.0,262.63157894736844,0.96,0.01877,972.0,987.0,0.0,0.0,0.0,0.0,0.0,0.0,0.0,0.0,1.0,Baixo Risco
250b8a1fa7c60c791dfa417140420a376dfe9bd3ef6394cb0994ed1ba5fc46bf,4912403.0,RJ,0.6745265811750027,0.9292922686736628,147.0,138.8991825613079,0.57,0.00734,600.0,986.0,0.0,0.0,0.0,0.0,0.0,0.0,0.0,0.0,1.0,Baixo Risco
1711682e1172927fd12e4de157f7ff793e234b894049a1b9be894923b5d7d5f3,4781400.0,MG,0.9006397704176524,0.7647835358662369,836.0,112.6,0.95,0.20647,958.0,986.0,0.0,0.0,0.0,0.0,0.0,0.0,0.0,0.0,1.0,Baixo Risco
01142209b678d1addc56c6d9dfd21b2ed8a1ff2379060bb146d1d5732a15c373,1412601.0,SP,0.5063665830404789,0.05,952.0,170.0204081632653,0.94,0.01125,983.0,988.0,3.0,89532.0,89532.0,0.0,0.0,0.0,0.0,90.0,1.0,Baixo Risco
0c3500c30be99650582f3dfb5395cbbddc9b29b17c56b0f16ba7ed8656aafb2e,1031700.0,CE,0.7818625776504323,0.785759916855077,804.0,97.45977011494251,0.92,0.09271,962.0,987.0,0.0,0.0,0.0,0.0,0.0,0.0,0.0,0.0,1.0,Baixo Risco
a327dbe0d7fba77bfe582cb62bcca2ae61566fa0c888a947037d5852e0ea7c15,4771701.0,PR,0.05,0.8530041727895563,963.0,293.38461538461536,0.96,0.0,975.0,989.0,0.0,0.0,0.0,0.0,0.0,0.0,0.0,0.0,1.0,Baixo Risco
0df0ad371097748008c3096eb24b123445d5a641c073f369234e5867a840a5d9,2452100.0,SP,0.9839570450806208,0.8530041727895563,913.0,181.375,0.96,0.00309,967.0,980.0,0.0,0.0,0.0,0.0,0.0,0.0,0.0,0.0,1.0,Baixo Risco
d3948383f56dcbd573500c20636ddd8bb41e5f8580704a408fcc5bd22b463fc7,4771701.0,PR,0.993423278532171,1.0,946.0,202.16666666666663,0.99,0.0,981.0,988.0,0.0,0.0,0.0,0.0,0.0,0.0,0.0,0.0,1.0,Baixo Risco
f93845328865b516e4e9271e5d38552f8d4f044d24a8023e75819e4f18f77fd8,4771701.0,PR,0.9179964487886124,0.8530041727895563,882.0,181.11111111111111,0.96,0.0,981.0,989.0,0.0,0.0,0.0,0.0,0.0,0.0,0.0,0.0,1.0,Baixo Risco
ec0775b33b26bf2e213eb874d7017359e8ee6b4e0d299f08aa517a2b06fa9f46,4782201.0,SP,0.9954366162867762,0.8530041727895563,950.0,336.8,0.98,0.0,979.0,988.0,0.0,0.0,0.0,0.0,0.0,0.0,0.0,0.0,1.0,Baixo Risco
08341fd7f549642bcca12633aa8f4623127b7c56bca6305d00df7f1e24492b05,4744099.0,GO,0.846800950625561,0.687890141292067,964.0,202.0,0.95,0.0,964.0,989.0,0.0,0.0,0.0,0.0,0.0,0.0,0.0,0.0,1.0,Baixo Risco
df9d2ba9353161ddb2a5240bdce90f397a9147c71b5567dacb0df8852fa040a7,4744099.0,SP,0.9634519769566402,0.8530041727895563,897.0,201.0,0.96,0.0,959.0,987.0,0.0,0.0,0.0,0.0,0.0,0.0,0.0,0.0,1.0,Baixo Risco
eaee4f950e5b38c6cf4e37a7e94857d65adb4172d20a95b4ea1d819a5a68ea26,4782201.0,SP,0.7399861676342183,0.8530041727895563,535.0,139.0909090909091,0.88,0.13815,959.0,989.0,0.0,0.0,0.0,0.0,0.0,0.0,0.0,0.0,1.0,Baixo Risco
25f82876cc785b8d6bfdcdef041d984fd307f89ed598f8b04b4cdef32bcf40c5,4541203.0,MT,0.8791875187590242,0.8530041727895563,901.0,224.97435897435895,0.97,0.48323,977.0,989.0,0.0,0.0,0.0,0.0,0.0,0.0,0.0,0.0,1.0,Baixo Risco
79fdb25f309f993a390ebb64d58c85e7d31a438103fd733be979948b429a6849,4530703.0,Sem Info,0.7228036356769454,0.99187395085788,775.0,216.11111111111111,0.78,0.22899,938.0,985.0,4.0,4969.98,4121.78,49.0,0.75,0.0,848.2000000000002,79.25,1.0,Baixo Risco
ddb3a231ee1df14c67e19d81af81d9d15994f5434e0c030d99085ca4952ed521,4684299.0,SP,0.796241628568553,0.9470424169915724,597.0,150.26315789473685,0.79,0.04373,884.0,989.0,4.0,77032.5,77032.5,0.25,0.25,0.0,0.0,45.25,1.0,Baixo Risco
6683978d387c1ecb1a79e1ce2b3b72a2294fe773a298376e9b43ad354f7f2742,4744001.0,SC,1.0,0.8530041727895563,958.0,259.5,0.95,0.0,986.0,988.0,0.0,0.0,0.0,0.0,0.0,0.0,0.0,0.0,1.0,Baixo Risco
778d9e6fb1e5fb16971577c9bf964a63eda9976d7dfc332486b3b44e5264e811,4771701.0,PR,0.9411918098608612,0.8530041727895563,929.0,202.1960784313725,0.98,0.06058,966.0,987.0,0.0,0.0,0.0,0.0,0.0,0.0,0.0,0.0,1.0,Baixo Risco
9863a58aada5422d339b20da7e6c81a7c51a427f62c74ad26c96e6c6067bbdd0,4781400.0,SP,0.943021638331824,0.8530041727895563,953.0,235.77777777777777,0.98,0.0,982.0,988.0,0.0,0.0,0.0,0.0,0.0,0.0,0.0,0.0,1.0,Baixo Risco
9019bf358d5eecf8dd1e04362806b7935544a755e05a607cb929524492561430,4781400.0,MG,0.9406351355571536,0.8530041727895563,966.0,224.5,0.96,0.0,983.0,989.0,0.0,0.0,0.0,0.0,0.0,0.0,0.0,0.0,1.0,Baixo Risco
79f248dd99b69a2258669904febee582897e657b4a352bd84b77b59c700700ed,4744001.0,RJ,0.9728180356770793,0.1527577717231129,849.0,125.5,0.94,0.58286,965.0,987.0,0.0,0.0,0.0,0.0,0.0,0.0,0.0,0.0,1.0,Baixo Risco
16837258159bfb2ef74e038982d0e807034c76d2cb6722d16f28518188b51b3a,4781400.0,SP,0.6037880179583128,0.8530041727895563,798.0,17.5,0.78,0.73862,867.0,985.0,0.0,0.0,0.0,0.0,0.0,0.0,0.0,0.0,1.0,Baixo Risco
3b2bfc30413a1f4f4ee80d1a42673a01063b9c97a4147af8982c4ee1592aebea,2452100.0,SP,0.9840681107723604,0.9018768337490066,943.0,241.0,0.96,0.0,979.0,988.0,0.0,0.0,0.0,0.0,0.0,0.0,0.0,0.0,1.0,Baixo Risco
33df23bc84aa20762fa1c3e25c387de1842817a01ac2c38bd39565255710ff1d,4789004.0,MG,1.0,0.8530041727895563,924.0,0.0,1.0,0.0,920.0,985.0,0.0,0.0,0.0,0.0,0.0,0.0,0.0,0.0,1.0,Baixo Risco
4cf5310dec19c97e0631286b22f5082e2158606a9479e797f8624927149b573c,4744001.0,SC,0.9868330566806244,0.5033594970499596,951.0,206.8,0.95,0.13876,976.0,987.0,0.0,0.0,0.0,0.0,0.0,0.0,0.0,0.0,1.0,Baixo Risco
51c5c8b071aca1c58b4f31156a0737daafff1c90279a850ef46ab0ea05b427e7,4771701.0,PR,0.978364522792586,0.8530041727895563,960.0,193.84,0.98,0.15928,978.0,988.0,0.0,0.0,0.0,0.0,0.0,0.0,0.0,0.0,1.0,Baixo Risco
f7c885274592fbc9cf6144e20d8d544d6e56c1aa769a4219df770ff9bb806796,4781400.0,MG,1.0,0.8530041727895563,947.0,240.4,1.0,0.0,984.0,988.0,0.0,0.0,0.0,0.0,0.0,0.0,0.0,0.0,1.0,Baixo Risco
9c450a75a6d61a540663848a7ef9a6ff3b4b9536e6a82a9b4b7a9cf513de6eca,2941700.0,RS,0.9983363066983696,0.8530041727895563,928.0,166.16666666666666,0.91,0.0,972.0,988.0,0.0,0.0,0.0,0.0,0.0,0.0,0.0,0.0,1.0,Baixo Risco
f8e7968108e6308b8ba7059969e8bdc14f9e6348bf7422c0798868ff81c33e9d,4712100.0,RJ,0.9569605886254128,0.8530041727895563,953.0,159.25,0.94,0.11298,974.0,989.0,0.0,0.0,0.0,0.0,0.0,0.0,0.0,0.0,1.0,Baixo Risco
31ccda0fa3341d4aaa04b9a21a57c493f52db639b855c5261777d345d8d21a51,4742300.0,PR,0.980719371369647,0.9446431484486648,952.0,186.66666666666663,0.95,0.00927,980.0,989.0,0.0,0.0,0.0,0.0,0.0,0.0,0.0,0.0,1.0,Baixo Risco
5a89aa0c9b64afdd788b64526e4ce5408ce7b2367eadd713db17916a604f1446,4771701.0,PR,0.9928010507108324,0.8530041727895563,963.0,221.84615384615384,0.99,0.02143,981.0,986.0,0.0,0.0,0.0,0.0,0.0,0.0,0.0,0.0,1.0,Baixo Risco
2a80158dedaac143ca32486d8d9dd7efe9032558e6c87c4da528e27481bb9670,4781400.0,CE,0.4509249792071748,0.8530041727895563,904.0,53.083333333333336,0.96,0.19075,979.0,988.0,0.0,0.0,0.0,0.0,0.0,0.0,0.0,0.0,1.0,Baixo Risco
4a409022e8aa3942e8843195d6d93dfbc9d16ded6bdc689adca6f551824cee0d,2222600.0,RS,0.7851891960987805,1.0,857.0,180.5,0.93,0.14987,965.0,988.0,1.0,2096.62,2096.62,0.0,0.0,0.0,0.0,49.0,1.0,Baixo Risco
7995f2aaf7374bb4c7afde8d3d8b55feb5dcf7d9d855d2974a1ac7b0a4ca7813,4712100.0,BA,0.9100204011048209,0.8530041727895563,889.0,240.8139534883721,0.92,0.0,976.0,988.0,0.0,0.0,0.0,0.0,0.0,0.0,0.0,0.0,1.0,Baixo Risco
0679393e9ac9334e520715d294fae59422821a4a38c47c4d7b9421db8e298359,4530703.0,Sem Info,0.6110378583929924,0.3154732781932289,376.0,115.80678851174936,0.77,0.20314,529.0,983.0,1.0,396.0,407.88,3.0,1.0,0.0,-11.879999999999995,31.0,1.0,Baixo Risco
e5861e9a7d6e766c31596aea12062a217d346052b0098337c1637e07eac20cab,2451200.0,SP,0.6243206570105593,0.8530041727895563,399.0,90.35135135135135,0.75,0.10708,104.0,981.0,0.0,0.0,0.0,0.0,0.0,0.0,0.0,0.0,1.0,Baixo Risco
b5ed3f032217563c58817f231a93d657f1143c410630505b05a7d43246dc28ef,4632001.0,RJ,0.1817633547749575,0.6519314948328245,439.0,53.8421052631579,0.81,0.52479,634.0,985.0,2.0,68592.14,68592.14,0.0,0.0,0.0,0.0,57.5,1.0,Baixo Risco
39711242e073ec7308803d0f01f6a8e9443a584ce64d9be0c67d193c18865779,4672900.0,MG,0.9607573112078752,0.8530041727895563,953.0,248.53216374269005,0.99,0.0,983.0,988.0,0.0,0.0,0.0,0.0,0.0,0.0,0.0,0.0,1.0,Baixo Risco
27c726ca9d6a8b829b3edd6282ba5d6108b0777f22fd46b846e21d409e5bc65c,4771701.0,MG,0.6891234879341913,0.2673860022465297,766.0,123.20033955857386,0.82,0.07202,973.0,988.0,0.0,0.0,0.0,0.0,0.0,0.0,0.0,0.0,1.0,Baixo Risco
420cba7c10496b818c1b8c77bc729af9189c091f7a7121fff369f14b995ab012,4771702.0,PR,0.9844828963444556,0.8530041727895563,947.0,274.9230769230769,0.96,0.06991,981.0,989.0,0.0,0.0,0.0,0.0,0.0,0.0,0.0,0.0,1.0,Baixo Risco
25af1b91461b9a240677bcdc5ba95e00c2ffaaf8ba351b5be585394de5fe1581,2815102.0,Sem Info,0.4428948377630107,0.96645177701686,373.0,116.80434782608695,0.7,0.19351,185.0,984.0,1.0,6793.84,6793.84,0.0,0.0,0.0,0.0,28.0,1.0,Baixo Risco
8e2568b249f079e959524ff20763e2c8db3bfb102ed540602c3beab4dda32760,4685100.0,Sem Info,0.05,0.8530041727895563,92.0,62.0625,0.05,0.28772,403.0,921.0,2.0,19992.1,19992.1,0.0,0.0,0.0,0.0,37.5,1.0,Baixo Risco
33fab60594b7190ac1fe0f27308a3d946aace2ecdb6929fdb36e7a4a14ea71c2,4679604.0,Sem Info,0.05,0.8530041727895563,34.0,36.333333333333336,0.05,0.0,26.0,114.0,1.0,520.84,0.0,2.0,1.0,0.0,520.84,122.0,1.0,Baixo Risco
c320e29f0bcf0bfe770e7b99f7405fd3de5deb551aacd60dab1711bc970232bb,5212500.0,MG,0.9063743820069694,0.8530041727895563,948.0,188.6590909090909,0.95,0.01037,980.0,989.0,0.0,0.0,0.0,0.0,0.0,0.0,0.0,0.0,1.0,Baixo Risco
74a65a30e61bbb9003c9aee15438128f919474aef14472a0180e5013aba49cba,6630400.0,SP,0.9253226294996548,0.8530041727895563,840.0,88.33333333333333,0.87,0.07212,949.0,989.0,0.0,0.0,0.0,0.0,0.0,0.0,0.0,0.0,1.0,Baixo Risco
d1a58ae2d9f6c9a59ea2e5614ab611f16b4a80396523bfbb525fe400b17d3d03,3240099.0,SP,0.8235059131442098,0.8600323508905588,594.0,146.6,0.66,0.12979,396.0,986.0,0.0,0.0,0.0,0.0,0.0,0.0,0.0,0.0,1.0,Baixo Risco
608f2f35bca954d9a57c040a60f83da2e9d1baf25c47b3de7b5c1ac5d5251f5a,4771701.0,SP,0.9911292063007816,0.8530041727895563,948.0,197.9142857142857,0.98,0.03257,963.0,988.0,0.0,0.0,0.0,0.0,0.0,0.0,0.0,0.0,1.0,Baixo Risco
135a32f0fccc21007f70c46bebf34114eb53785a975c1c7fbc0c0d9d3a1503d2,4771701.0,PR,0.9643768641620936,0.8530041727895563,924.0,212.8275862068965,0.95,0.0987,981.0,989.0,0.0,0.0,0.0,0.0,0.0,0.0,0.0,0.0,1.0,Baixo Risco
db74142bbb357f7fb7bd82c4dc3481b598a62d13d50d5e50fe87fbe5ddb280d7,4530703.0,BA,0.9767316773920938,0.8867924528301887,901.0,254.5,0.91,0.0,956.0,988.0,0.0,0.0,0.0,0.0,0.0,0.0,0.0,0.0,1.0,Baixo Risco
8d18e4c11220a1edc6651c038373d1c77d34e582c0da2571b7e686cb80623b76,4722901.0,TO,0.7948437358653897,0.8530041727895563,756.0,232.18571428571428,0.79,0.07205,828.0,989.0,0.0,0.0,0.0,0.0,0.0,0.0,0.0,0.0,1.0,Baixo Risco
ced00a0b3d4703d59a43847ada7b04ee1a6f80f48bbba054a8fc8398681e3389,4781400.0,PR,0.9187152192496604,0.8530041727895563,941.0,213.0,0.96,0.31402,974.0,989.0,0.0,0.0,0.0,0.0,0.0,0.0,0.0,0.0,1.0,Baixo Risco
5fc76288c9dbb044e8ea257d1838d42ae43f6d04da864383155fcfb1b6406a78,4755501.0,MG,0.999998712936634,0.8530041727895563,882.0,304.0,0.98,0.0,974.0,988.0,0.0,0.0,0.0,0.0,0.0,0.0,0.0,0.0,1.0,Baixo Risco
e63beefb4e7b31c779c253e33e3d6d42946437eb3c31e01c88b705ddb9680699,4530701.0,ES,0.4419373511422395,1.0,461.0,114.7,0.78,0.49992,116.0,931.0,1.0,758.99,758.99,0.0,0.0,0.0,0.0,28.0,1.0,Baixo Risco
7983e988d6dc05875f98a154fb99c68c679cc5337e093d3559a458e2bb98ff0a,4789005.0,Sem Info,0.7256005323471789,0.392340120544695,386.0,112.08,0.81,0.1984,61.0,927.0,1.0,472.5,472.5,0.0,0.0,0.0,0.0,28.0,1.0,Baixo Risco
9764867c2bb8d46edbc72efda2f8136e7137564b8c596e29d137418b942cb012,6110803.0,TO,0.9971871786396188,0.7604334313179544,950.0,186.0,0.97,0.0,984.0,988.0,0.0,0.0,0.0,0.0,0.0,0.0,0.0,0.0,1.0,Baixo Risco
06f6f07984b52d7c8f08a057f51a6d8f4c00614d1e31333dd8367dfbf2836fe3,6470101.0,SP,1.0,0.629989329294408,379.0,76.0,0.6,0.0,339.0,923.0,2.0,985719.15,985719.15,0.0,0.0,0.0,0.0,310.0,1.0,Baixo Risco
6897204b01c0343c8e613eca5aadfd254056d77be88c4884b1c2117be07420cb,2229399.0,RJ,0.8630846021344474,0.9508656177440784,935.0,201.0,0.94,0.29404,966.0,988.0,0.0,0.0,0.0,0.0,0.0,0.0,0.0,0.0,1.0,Baixo Risco
1af5a6d8cbbeb8acf5ff8889ddf7a8ac4f4cfe194b3840a08107a1e5c467505b,4711302.0,SP,0.9591380583586956,0.8714321861909913,905.0,128.79133858267716,0.97,0.04353,982.0,989.0,0.0,0.0,0.0,0.0,0.0,0.0,0.0,0.0,1.0,Baixo Risco
09eed2c9883f9d7bc305b842cc08ab2f09ffc77bbabb247fb14d6299ffee1912,4782201.0,RJ,0.6241064872848963,0.8530041727895563,383.0,110.47368421052632,0.9,0.13576,693.0,977.0,0.0,0.0,0.0,0.0,0.0,0.0,0.0,0.0,1.0,Baixo Risco
6c8d814fda8e4d86d1691d7d533cee19c40c7891678f13938d4c440ed766666d,2733300.0,PR,0.775294939585021,0.93472979396463,959.0,264.1111111111111,0.99,0.0,982.0,988.0,0.0,0.0,0.0,0.0,0.0,0.0,0.0,0.0,1.0,Baixo Risco
81ac3d185f77ff820e0536914a3af681867ffb27ad1f5415b5af62a72874317f,1733800.0,RS,0.0523439547891007,0.7885992073062501,167.0,131.2125,0.47,0.06212,80.0,930.0,1.0,6177.15,6177.15,0.0,0.0,0.0,0.0,28.0,1.0,Baixo Risco
48e2621e62f541b642cf2fa79b034f40b216111f24674cb3a36011ca36a54050,4753900.0,MG,0.8372372917563755,0.6773968801757682,805.0,222.48751248751248,0.87,0.00869,979.0,986.0,0.0,0.0,0.0,0.0,0.0,0.0,0.0,0.0,1.0,Baixo Risco
244bfb15936e2fe041fdc8ab7dccc6736dccfa6d794159ded881099c5e074a4a,4755501.0,MG,0.8748901496188677,0.8530041727895563,891.0,240.0,0.92,0.0,967.0,988.0,0.0,0.0,0.0,0.0,0.0,0.0,0.0,0.0,1.0,Baixo Risco
a6ada13760a1fbac5cda56c4c2175d85625993c35b447af8098dbc536e208cf6,5611201.0,GO,0.98550405570137,0.9356393635961034,964.0,231.25,0.97,0.00456,981.0,988.0,0.0,0.0,0.0,0.0,0.0,0.0,0.0,0.0,1.0,Baixo Risco
00c6058892d530a9b7b03c624528eafad999f4400ef69ec4d04a316b8a4eb54c,4321500.0,SC,1.0,0.8530041727895563,928.0,241.0,1.0,0.0,903.0,983.0,0.0,0.0,0.0,0.0,0.0,0.0,0.0,0.0,1.0,Baixo Risco
ec0e882e9b8fbfd7d90279de740867bef8ac994a0671f78b29a9d4cf62d4201e,4781400.0,PE,0.9541549931636925,0.8530041727895563,912.0,280.375,0.98,0.0,981.0,988.0,0.0,0.0,0.0,0.0,0.0,0.0,0.0,0.0,1.0,Baixo Risco
8153284a550e14fb5f68435f76546c38bbf422dc9ef5cfd5bc84021187e8d253,4771701.0,PR,0.2180594370393013,0.8530041727895563,870.0,162.61764705882354,0.91,0.24139,233.0,977.0,0.0,0.0,0.0,0.0,0.0,0.0,0.0,0.0,1.0,Baixo Risco
bc0dcf45eaa7777e9d2301c8a9e1755b3837e693a80b619569c2c53d41838fc8,4789099.0,BA,1.0,0.8530041727895563,952.0,263.8333333333333,1.0,0.0,962.0,988.0,0.0,0.0,0.0,0.0,0.0,0.0,0.0,0.0,1.0,Baixo Risco
3700804c79f34800a061cd4e832749640c084b85a56b26bc8ce7f15a847e8065,4723700.0,SP,0.8793023316660101,0.8842362271234796,859.0,180.7703703703704,0.93,0.00269,975.0,989.0,0.0,0.0,0.0,0.0,0.0,0.0,0.0,0.0,1.0,Baixo Risco
239c20f895a745bdb1e56b253e8a28b79400340caff4e03ac5d98fdb7c3512ff,4729699.0,SP,0.9422872700056532,0.8530041727895563,723.0,105.47826086956522,0.79,0.0,904.0,982.0,0.0,0.0,0.0,0.0,0.0,0.0,0.0,0.0,1.0,Baixo Risco
0e25d6f8ba53f65e7c785be54b302341b9034cc7c0d7e8093196e3f0b01efffc,4639701.0,SP,0.9996707597729316,0.9434578996473648,960.0,228.7333333333333,0.97,0.0,982.0,989.0,3.0,22884.17,22993.039999999997,1.0,0.3333333333333333,0.0,-108.86999999999898,19.666666666666668,1.0,Baixo Risco
55e0e4693459983deb3be4102768e4770c5de2ece6b8a7dd1fbd6a25c2667fee,1521100.0,Sem Info,0.05,0.8530041727895563,124.0,77.75,0.26,0.30734,307.0,663.0,1.0,885.69,0.0,23.0,1.0,0.0,885.69,81.0,1.0,Baixo Risco
22a8482b5adccd5779d196739dca598e25266409fee60df90b724bd34cf848cc,1111902.0,MG,0.9508043920858612,0.7140360615172808,628.0,228.3,0.83,0.0,840.0,974.0,1.0,40803.36,40803.36,0.0,0.0,0.0,0.0,16.0,1.0,Baixo Risco
476aa44a57f77cb8411e1f6febd062129b8b6872bd9298874bf8c2e6838fea2f,4711302.0,PR,0.8644496117319562,0.8530041727895563,951.0,102.54545454545456,0.96,0.15103,982.0,988.0,0.0,0.0,0.0,0.0,0.0,0.0,0.0,0.0,1.0,Baixo Risco
193b4fffc44b0b95e4cc4737477d4f24fe3d13995f83ef4ad050ed2072cffc84,4755501.0,PE,0.8474474703331649,0.8530041727895563,843.0,243.1818181818182,0.92,0.0,986.0,988.0,0.0,0.0,0.0,0.0,0.0,0.0,0.0,0.0,1.0,Baixo Risco
ab0875c491819b37b56721dd0ebc7a74eb174f85b852adc1efee7c4129e622e2,6619302.0,SP,0.6717405886769576,0.88039712986837,612.0,190.575,0.87,0.01425,941.0,988.0,1.0,375073.56,0.0,206.0,1.0,0.0,375073.56,722.0,1.0,Baixo Risco
1dc12c0d07532b7adbb8a617cf3d9c8b48bea96c6099153f3c1b4452597d5738,4781400.0,PI,0.7565485388673304,0.8530041727895563,662.0,302.0,0.91,0.0,963.0,989.0,0.0,0.0,0.0,0.0,0.0,0.0,0.0,0.0,1.0,Baixo Risco
06a9ff1fb415d1f94d3cc2be28efccbe8e80c22b85d9007d57d8d1dab62b4ff0,5510801.0,Sem Info,0.9399287333314108,0.8530041727895563,963.0,183.1,0.97,0.0,980.0,989.0,0.0,0.0,0.0,0.0,0.0,0.0,0.0,0.0,1.0,Baixo Risco
fb83027a4797991c7add3eda05b1044b2026f96039b55002324ff868409adf83,4711302.0,Sem Info,0.8624458291001018,0.8530041727895563,932.0,201.0,0.93,0.00886,974.0,989.0,0.0,0.0,0.0,0.0,0.0,0.0,0.0,0.0,1.0,Baixo Risco
9d3b975c69eef7d6338d700ae0f433fa2480d6c5fad828407c4932740606d4b9,4729699.0,SP,0.7731740632718279,1.0,750.0,152.8,0.89,0.03797,927.0,989.0,0.0,0.0,0.0,0.0,0.0,0.0,0.0,0.0,1.0,Baixo Risco
62d5a022dcc223b4e48a86ae0dbfb3e7f46829667d9f160a03d8e825640ffe59,1413401.0,SP,0.8687367220868288,0.8178889217678705,959.0,194.25,0.97,0.0,980.0,988.0,0.0,0.0,0.0,0.0,0.0,0.0,0.0,0.0,1.0,Baixo Risco
0c4125d1cd344c778f7d8939fcee70f47461450b318e537694dd57d3ea706b9e,4744099.0,GO,0.9852168222527168,0.7145459876682377,950.0,266.2758620689655,0.97,0.01127,983.0,988.0,0.0,0.0,0.0,0.0,0.0,0.0,0.0,0.0,1.0,Baixo Risco
db82119e989fbd131f8eb92cb2c34176e0710fafc3e9b6d4de1f7f986eb17142,4771701.0,PR,0.9155024853496384,1.0,950.0,217.95238095238096,0.97,0.02778,979.0,989.0,0.0,0.0,0.0,0.0,0.0,0.0,0.0,0.0,1.0,Baixo Risco
f3d80c24b84c14c88fbcc84ac2ae29bdc1f8c83f42129613c830e98d847f84d0,2452100.0,RS,0.9766592553851918,1.0,930.0,242.625,0.93,0.0,970.0,988.0,0.0,0.0,0.0,0.0,0.0,0.0,0.0,0.0,1.0,Baixo Risco
3918aa444903cfab14213046ded6130b9926334d7aabddb54f73d297ef94ecf1,3292202.0,PB,0.2491538914463962,0.6855470379507832,107.0,90.1851851851852,0.52,0.19905,63.0,820.0,0.0,0.0,0.0,0.0,0.0,0.0,0.0,0.0,1.0,Baixo Risco
bcff6fbb879b81db37fad4257b20dab008c13421e00183b953e2914ba3545dec,4530702.0,SP,0.7578372201190339,0.8530041727895563,933.0,0.0,0.87,0.0,947.0,989.0,1.0,4392.0,4532.52,3.0,1.0,0.0,-140.52000000000044,29.0,1.0,Baixo Risco
aba9c39476b54af936a3f763e05273b05c1065769b963144302da354c10a6115,9001902.0,SP,0.3055760365840836,0.8530041727895563,164.0,78.03053435114504,0.39,0.20595,51.0,949.0,1.0,700000.0,0.0,0.0,0.0,0.0,700000.0,43.0,1.0,Baixo Risco
8b418df8e41d510f3cc5f949fcddf56a4133b9f455709ae237ef079a0ed239c4,2452100.0,PR,0.6786961608186122,0.9668088575583896,928.0,170.57142857142858,0.96,0.1738,979.0,988.0,0.0,0.0,0.0,0.0,0.0,0.0,0.0,0.0,1.0,Baixo Risco
776625f53c7634a1b5d65fb5080bce26cea18b26cdec202343485ebc04758e03,4754702.0,SP,0.5343629323458619,0.8530041727895563,173.0,149.5,0.69,0.07562,32.0,833.0,0.0,0.0,0.0,0.0,0.0,0.0,0.0,0.0,1.0,Baixo Risco
8be050362ba771f319708ce94d0b9f396d25093e66a7b42d1f8532442b025f3b,4781400.0,SC,0.6572736958972544,0.8530041727895563,158.0,163.28571428571428,0.7,0.19204,225.0,946.0,0.0,0.0,0.0,0.0,0.0,0.0,0.0,0.0,1.0,Baixo Risco
78ed9e57d06c84a1df1d91dca2e38900705a9e2d34c2d14930e90e5700b0beee,4649499.0,SP,1.0,0.8530041727895563,952.0,303.4,0.94,0.0,957.0,987.0,0.0,0.0,0.0,0.0,0.0,0.0,0.0,0.0,1.0,Baixo Risco
9607536401d23a513703ad3014c068559a7df6462c77b8ab78ed4beee2316513,4744099.0,GO,1.0,0.8530041727895563,929.0,226.0,0.81,0.0,894.0,986.0,0.0,0.0,0.0,0.0,0.0,0.0,0.0,0.0,1.0,Baixo Risco
74c41c0c1062773531fb3ab04a15509d2411c45fa927be877fd591a92f655402,4723700.0,SP,0.9752357881924189,0.8530041727895563,913.0,265.25,0.94,0.0,976.0,988.0,0.0,0.0,0.0,0.0,0.0,0.0,0.0,0.0,1.0,Baixo Risco
c3f022a6aef0b86047644d7c07bf8bf5ced797f8ef7a0cc19be0fbbb9a79ad2d,4761001.0,SP,0.7360068438503347,0.9745020863829608,507.0,68.6,0.8,0.38923,925.0,985.0,0.0,0.0,0.0,0.0,0.0,0.0,0.0,0.0,1.0,Baixo Risco
9bada23a4f5f8aea06881b2cd11ab5d3faf649e45cc77bd8a7d31df99d4e9a4d,6810201.0,SP,0.7865615197695052,0.05,943.0,178.13333333333333,0.93,0.3342,972.0,988.0,0.0,0.0,0.0,0.0,0.0,0.0,0.0,0.0,1.0,Baixo Risco
57b5c1d1b67f0a6e6941ea97533e7791ca5547718038091921c1717f23c4cf19,5510801.0,SP,0.7427025968167777,0.9221580310510477,620.0,156.75647668393782,0.91,0.06742,936.0,986.0,0.0,0.0,0.0,0.0,0.0,0.0,0.0,0.0,1.0,Baixo Risco
d53517987c1d91002365294cb1b074208adcdd19da01204bd37b7986e1d14eb4,1066000.0,SP,0.4542513351223264,0.5929208976774737,169.0,75.56202143950995,0.64,0.25146,78.0,979.0,1.0,876.73,0.0,9.0,1.0,0.0,876.73,51.0,1.0,Baixo Risco
559bcf0da04d9eb001e274fd1297fadfe09078cb95d62767bd09ea9d6812c8d1,4649408.0,MG,0.9481048916870152,0.8964267979126819,963.0,263.40625,0.97,0.03143,979.0,989.0,0.0,0.0,0.0,0.0,0.0,0.0,0.0,0.0,1.0,Baixo Risco
9e3b8c336ea0cb73a7d100a2bfa8b827b5213ef745cbed837d265b89d4f7730b,4771701.0,PR,0.7931159741412526,0.8530041727895563,951.0,144.0,0.94,0.09723,977.0,988.0,0.0,0.0,0.0,0.0,0.0,0.0,0.0,0.0,1.0,Baixo Risco
6ee43faa48b0708e964c7343dd3c4cf151e0d6e7ce0a2b50eba19d3c52b4ae61,4781400.0,RJ,0.9762335117024732,0.8530041727895563,921.0,192.70833333333331,0.94,0.06316,983.0,989.0,0.0,0.0,0.0,0.0,0.0,0.0,0.0,0.0,1.0,Baixo Risco
1716cca17a32d6b3940b8f9032caafcfbb75795187dcd347cda60935c9e2ff78,4637107.0,PR,0.7766059048181937,0.7682092568233772,649.0,155.70909090909092,0.89,0.06405,926.0,988.0,1.0,2806.0,2806.0,0.0,0.0,0.0,0.0,28.0,1.0,Baixo Risco
964c7453bc903328d34837eef1f6d722ffeea4d59607bf06d380984f54623e71,4729699.0,ES,0.6395055162575467,0.8530041727895563,398.0,98.75,0.72,0.53439,126.0,959.0,0.0,0.0,0.0,0.0,0.0,0.0,0.0,0.0,1.0,Baixo Risco
703cc8799edfc0ba72908b75aebbfd1b4e52707ce05527738b998b096b8c80cf,4771701.0,PR,0.7060851051510943,0.8530041727895563,527.0,83.5,0.87,0.11584,81.0,924.0,0.0,0.0,0.0,0.0,0.0,0.0,0.0,0.0,1.0,Baixo Risco
e7088e5687392ad3042560dd96f745beb62bfda491e6bb7bcd72e2ffd64e8436,2943300.0,SP,0.9148951546923983,0.6164053630685569,925.0,241.3235294117647,0.96,0.0,965.0,988.0,15.0,136619.36,136619.36,0.6,0.4,0.0,0.0,71.0,1.0,Baixo Risco
3ce7f116686a77642bf833ddb10384d37fb2a75d67b0fef8a4e584d5474baee3,8599603.0,PR,0.7381062291146308,0.8530041727895563,729.0,71.28571428571429,0.88,0.10553,886.0,984.0,0.0,0.0,0.0,0.0,0.0,0.0,0.0,0.0,1.0,Baixo Risco
8a3aecd8cabd52ce5416657d449d4c54201d18d9212b55e2ca8f6578787ca9a4,4781400.0,GO,0.4464202197740302,0.8530041727895563,496.0,100.75,0.93,0.64157,606.0,986.0,0.0,0.0,0.0,0.0,0.0,0.0,0.0,0.0,1.0,Baixo Risco
6cd4ba94b837382cdb1e995cc7d77b9a16e8ed7b01e82faba5d7df0a0e68fb11,4781400.0,GO,0.924317640638214,0.6005441568382053,951.0,166.48275862068965,0.98,0.0,964.0,986.0,0.0,0.0,0.0,0.0,0.0,0.0,0.0,0.0,1.0,Baixo Risco
9eb3d03593244c8a57587ca0b1166d76510b7cb92515becbfb7f777eac9127f6,1113502.0,Sem Info,0.787709351132905,0.8522845171410594,835.0,139.6064516129032,0.89,0.47528,980.0,989.0,1.0,90294.29,90294.29,0.0,0.0,0.0,0.0,28.0,1.0,Baixo Risco
36064559dcadd80039cde4839b68fa13dba0eed3a93da237bade28367823cce6,4771701.0,PR,0.9948239921265916,0.8530041727895563,938.0,268.28125,0.98,0.0,983.0,988.0,0.0,0.0,0.0,0.0,0.0,0.0,0.0,0.0,1.0,Baixo Risco
8963b72a33fdcea87c1a2008ee545e3d2d1ac2bb92e55399fbc8f9e7f23d8f0a,4729699.0,SP,0.9172312751833576,0.2120423986773133,931.0,229.95555555555555,0.94,0.00947,977.0,989.0,0.0,0.0,0.0,0.0,0.0,0.0,0.0,0.0,1.0,Baixo Risco
b3df15c44ff09921c6666dd8bd757f951f1ed031626cd226773d142c15fa81b9,4789001.0,RS,0.2037005391713738,1.0,510.0,97.28571428571428,0.61,0.49137,148.0,973.0,0.0,0.0,0.0,0.0,0.0,0.0,0.0,0.0,1.0,Baixo Risco
2cca681862427cf043a26c23cb2f677453ca84322cb9cd3838e76a5ac17e2a39,4722901.0,SP,0.9894272566285838,0.9468050272299858,963.0,240.6,0.97,0.0,981.0,989.0,0.0,0.0,0.0,0.0,0.0,0.0,0.0,0.0,1.0,Baixo Risco
7eb1e041068010d3d3d22978c28e519950215824c0371e4b7f08cfb38f2b92e3,1412601.0,SP,0.4500211754163906,0.3661725862832132,239.0,53.142857142857146,0.73,0.19624,143.0,888.0,1.0,865.58,865.58,2.0,1.0,0.0,0.0,48.0,1.0,Baixo Risco
c66fa3c0f2296219f30acda181ae26c461e807c54b0ae098a48c647bec5cb5fc,4772500.0,DF,0.7853183472333852,0.8530041727895563,778.0,193.33333333333331,0.8,0.0,829.0,985.0,0.0,0.0,0.0,0.0,0.0,0.0,0.0,0.0,1.0,Baixo Risco
f57e9ece4a53e9784568938e38f7922dfc6d26c9b0d9952d79cd6505f172718f,5611201.0,GO,0.8945884213840106,0.8530041727895563,877.0,258.2,0.96,0.0,962.0,988.0,0.0,0.0,0.0,0.0,0.0,0.0,0.0,0.0,1.0,Baixo Risco
56001d9b4f6bbd98ac9b507e6d1b23ebc38f830500de95567aeecacc9f8ddd75,3299005.0,SP,0.7676494616363556,0.8329017442204674,759.0,226.97142857142856,0.79,0.03142,893.0,988.0,1.0,2036.16,2036.16,0.0,0.0,0.0,0.0,56.0,1.0,Baixo Risco
a0496c05e46b2a5ced9f50fbf907a8dcad812cdba6b1ef89d779aa152a5a28c7,4691500.0,PE,0.8052212989557846,0.8530041727895563,775.0,141.8095238095238,0.91,0.22651,960.0,986.0,0.0,0.0,0.0,0.0,0.0,0.0,0.0,0.0,1.0,Baixo Risco
96238378cdb79cd57452acd6f44f7cb1d104f4ade96a63c4ab97c1a30500656d,4781400.0,MG,0.8983383552381559,0.8530041727895563,557.0,223.0,0.8,0.02714,754.0,985.0,0.0,0.0,0.0,0.0,0.0,0.0,0.0,0.0,1.0,Baixo Risco
f326b8f9dafe99d01a8a0ab07da0fdd2411202e36bc4d2d523d5f7d8f2c5abbf,2539001.0,Sem Info,0.990003984769648,1.0,963.0,181.55555555555557,0.98,0.00328,978.0,988.0,0.0,0.0,0.0,0.0,0.0,0.0,0.0,0.0,1.0,Baixo Risco
c40ed40ccd442f0bd16298a3b9a2feb0f9e71b469197dcf8e70dda765f8d613a,4742300.0,Sem Info,0.4182538521848378,0.822285345902597,954.0,175.1951219512195,0.95,0.0261,983.0,983.0,6.0,8990.98,5518.54,3.8333333333333335,0.6666666666666666,0.0,3472.44,34.833333333333336,1.0,Baixo Risco
1ec543e1bc73db99dc9de6198b4441035e1f5b4a047af58b797415326a834b0a,4781400.0,PR,0.847583427423832,1.0,727.0,207.625,0.92,0.0,934.0,987.0,0.0,0.0,0.0,0.0,0.0,0.0,0.0,0.0,1.0,Baixo Risco
83ee4d4c6c6af102b53d6934493842efa1a3c48f2379cce7e16b0c03ab122589,4781400.0,PR,0.8955804252875404,0.8530041727895563,851.0,221.83333333333331,0.92,0.0,979.0,988.0,0.0,0.0,0.0,0.0,0.0,0.0,0.0,0.0,1.0,Baixo Risco
7ea1a6a6fd1887663b2b47baaea9c0b6dbffeff5dc283c01dda1e213d1c27387,7319002.0,RJ,0.05,0.8530041727895563,46.0,35.5,0.05,0.0,43.0,113.0,0.0,0.0,0.0,0.0,0.0,0.0,0.0,0.0,1.0,Baixo Risco
1ae95b6dcce9744a8880abd08a3cc22f8a0c108e88fb13566b7b40e23f362e65,1412601.0,SP,0.9369912422500464,0.8530041727895563,699.0,169.35714285714286,0.89,0.0,919.0,985.0,0.0,0.0,0.0,0.0,0.0,0.0,0.0,0.0,1.0,Baixo Risco
43dccbbb124160799106e9b346231b6cdeaa9324b9c5afb434a7910062e615f5,4772500.0,PR,0.8566303386766042,0.8530041727895563,194.0,97.14285714285714,0.84,0.06057,172.0,928.0,0.0,0.0,0.0,0.0,0.0,0.0,0.0,0.0,1.0,Baixo Risco
9dc1f0b7bd98b4456f98c15a54125b12f02420e28572fc89820a56d7d7a93d8a,4649499.0,MG,0.9386175257199364,0.9089629517525124,958.0,203.77777777777777,0.98,0.06044,982.0,989.0,0.0,0.0,0.0,0.0,0.0,0.0,0.0,0.0,1.0,Baixo Risco
2694ebc045306ca09f214645a1f0bb1747eef8968cdc0a5cda0b81d0b0d27675,5611201.0,GO,0.9740920652021364,0.8530041727895563,953.0,166.77272727272728,0.96,0.0,967.0,989.0,0.0,0.0,0.0,0.0,0.0,0.0,0.0,0.0,1.0,Baixo Risco
8ff0141befcaafbf8b04c20fc2d833dabcc06cb3dbdac59ada9d8599bd350f08,4763601.0,PR,0.8765195929946069,0.8530041727895563,939.0,34.0,0.95,0.0,979.0,988.0,0.0,0.0,0.0,0.0,0.0,0.0,0.0,0.0,1.0,Baixo Risco
518ec275086e0079eeaa6a4165c3b85c4d1a4ea4b1b27ad628c01093c7827fdf,4781400.0,RS,1.0,0.8530041727895563,940.0,295.0,1.0,0.0,874.0,985.0,0.0,0.0,0.0,0.0,0.0,0.0,0.0,0.0,1.0,Baixo Risco
d03f3b6fe8fdefe7a7b505d46ae2bd1a3bcb0479d67b4714c91f120e87d7a7bb,4772500.0,MG,0.9457631647345116,0.8530041727895563,895.0,180.9047619047619,0.99,0.0,967.0,988.0,0.0,0.0,0.0,0.0,0.0,0.0,0.0,0.0,1.0,Baixo Risco
23f96695af6bae69a2fe93476c5fb6f259e0c6cda88e8d8188a3130e2140aece,4771701.0,PR,0.6332495040589654,0.8530041727895563,908.0,93.28571428571428,0.92,0.64961,957.0,989.0,0.0,0.0,0.0,0.0,0.0,0.0,0.0,0.0,1.0,Baixo Risco
debd815c88df3691e2d8c340e11fee828df5b5d8135e0fa165105aef515b360f,4729602.0,SP,0.7828550422146147,0.8530041727895563,865.0,26.75,0.89,0.25723,967.0,988.0,0.0,0.0,0.0,0.0,0.0,0.0,0.0,0.0,1.0,Baixo Risco
a636af7fd17fc0aa472eb93397cbbfd3b82f18bc020cb10d8195e94709051333,2229399.0,SP,0.9961874213771934,0.9604252033623134,943.0,237.44444444444449,0.95,0.0,978.0,988.0,0.0,0.0,0.0,0.0,0.0,0.0,0.0,0.0,1.0,Baixo Risco
7b99d0dac58c3d08e7b603802c3faa6d9c7489e7478b3baf76a7e297d9c4318e,5611201.0,CE,0.317395400445295,0.8530041727895563,807.0,201.8125,0.83,0.0,954.0,988.0,0.0,0.0,0.0,0.0,0.0,0.0,0.0,0.0,1.0,Baixo Risco
d5a9eb43e13acb0f3ff5b53f7264c1cbf743de649f01516460bcc40b901cd705,1012101.0,SP,0.6087724640741032,0.7800767047116184,483.0,155.26415094339623,0.76,0.02536,833.0,981.0,4.0,39922.18,39922.18,0.75,0.5,0.0,0.0,20.0,1.0,Baixo Risco
159e075ac9e2d9b719e68520a5303c30a095ec19a4b53fe9a297dad7cbbcab6f,4781400.0,MG,0.3791343765122146,0.8530041727895563,282.0,125.48484848484848,0.87,0.27888,74.0,930.0,0.0,0.0,0.0,0.0,0.0,0.0,0.0,0.0,1.0,Baixo Risco
fd6f33718409ecf13dbd727e893bbf81ab47cb2514b1b9c465c7044fc246bb85,2710402.0,SP,0.9445656149478104,0.6165393063908644,903.0,238.8448275862069,0.94,0.0,969.0,987.0,2.0,7243.5,7243.5,0.0,0.0,0.0,0.0,52.5,1.0,Baixo Risco
b27d820c12d1cccb4e284da4d51927621a9748331b9a34360cf2152cbf5ca55e,4771701.0,PR,0.9110965873075628,0.8530041727895563,951.0,196.8095238095238,0.95,0.04918,979.0,988.0,0.0,0.0,0.0,0.0,0.0,0.0,0.0,0.0,1.0,Baixo Risco
d25860ad742cd1ee2c1fc3da2d43d0ed4e6e93503dff853dc9c2c98bf0b635d0,2222600.0,SP,0.9730674720723844,0.8408764237418614,940.0,229.4333333333333,0.95,0.02038,980.0,989.0,2.0,12231.43,12231.43,0.0,0.0,0.0,0.0,45.5,1.0,Baixo Risco
f5fd3dafd65049ef5ade33a69c5105462c97324b937f8c4424a8c6b1ad38de75,4511102.0,SP,0.9730099820556268,1.0,956.0,228.0909090909091,0.97,0.0,976.0,986.0,0.0,0.0,0.0,0.0,0.0,0.0,0.0,0.0,1.0,Baixo Risco
c7f23f5902593b3f76f0f1b221e189211a6e7da773a1ca2832e19a9ed2fae0aa,2063100.0,GO,0.7116365893490865,0.4125460390350083,124.0,32.714285714285715,0.43,0.1584,344.0,984.0,3.0,6609.78,3279.55,1.6666666666666667,0.3333333333333333,0.0,3330.23,34.333333333333336,1.0,Baixo Risco
f4ce478cdc9df331ce700da9f5c0ded89fb36738101c375d75d8d36e0353d072,1813099.0,SP,0.1155133963758115,1.0,191.0,55.0,0.67,0.07669,132.0,955.0,0.0,0.0,0.0,0.0,0.0,0.0,0.0,0.0,1.0,Baixo Risco
1af0cf572badd3a8dfe4d6d11b6dcca5cbed76e3e2f6611d07649185aafb69c4,4722901.0,SP,0.6643206918831485,0.8530041727895563,164.0,110.25,0.57,0.06567,36.0,919.0,0.0,0.0,0.0,0.0,0.0,0.0,0.0,0.0,1.0,Baixo Risco
aac91c5ac0aae1b078caccabb46e49bb056c780fe95f7c8f203487cb66c95d24,2840200.0,RJ,0.5545410653695648,0.7981023542926975,179.0,122.30147058823528,0.7,0.18515,812.0,988.0,6.0,13619.88,13619.88,0.0,0.0,0.0,0.0,108.16666666666667,1.0,Baixo Risco
49b24e98ef6686ace7d1afd76a248ebee95b0c141ca696d12bd0c71b34026b3f,2512800.0,SP,0.2470168491764867,1.0,224.0,83.24,0.7,0.02764,52.0,864.0,1.0,21750.0,0.0,4.0,1.0,0.0,21750.0,20.0,1.0,Baixo Risco
796315eb58ed3369b83b12d6bd8a7ab202876914d7f80ce891d43966bf7c5a96,4781400.0,CE,0.1109251990949764,0.8530041727895563,97.0,52.614285714285714,0.35,0.14969,48.0,837.0,0.0,0.0,0.0,0.0,0.0,0.0,0.0,0.0,1.0,Baixo Risco
e257246301c6d4a43b1c1ae7cec91cac1dd2ff525b326ac41c527a4e6b89e402,4923001.0,BA,0.7591604187895926,0.8530041727895563,785.0,12.0,0.88,0.57992,909.0,986.0,0.0,0.0,0.0,0.0,0.0,0.0,0.0,0.0,1.0,Baixo Risco
f88ef2c49d10a7b948224b81134d029ce5f7ba8ad3785903d2ea5897d702c4d5,4722901.0,GO,0.9928110137437338,0.8530041727895563,855.0,164.0,0.88,0.02381,853.0,985.0,0.0,0.0,0.0,0.0,0.0,0.0,0.0,0.0,1.0,Baixo Risco
b18980d9a72b4880b11097398d55f4702500744e25ac3c753e2758917c06eba9,1091102.0,BA,1.0,0.5299748963758194,434.0,0.0,0.23,0.0,718.0,863.0,1.0,856.6,890.85,2.0,1.0,0.0,-34.25,16.0,1.0,Baixo Risco
3d200e2f4318b59794a20056134b504fc3a828d12b12e845dcf2376c820daaa5,3314799.0,SP,0.4363431587921905,0.8530041727895563,285.0,13.0,0.37,1.0,236.0,970.0,0.0,0.0,0.0,0.0,0.0,0.0,0.0,0.0,1.0,Baixo Risco
75f61378b6ad7ce14f4eff0e08530945a22a50ef50cf292eb545b082796a59f0,4771701.0,BA,0.981035297735486,0.8530041727895563,951.0,147.53488372093022,0.99,0.00955,981.0,988.0,0.0,0.0,0.0,0.0,0.0,0.0,0.0,0.0,1.0,Baixo Risco
2d470537c5ec3d37aee71f3f6c9b01388edab0e16ab9048cd4c022a982563a9b,4781400.0,PE,0.605090082649601,0.8530041727895563,875.0,249.77777777777777,0.97,0.0,322.0,971.0,0.0,0.0,0.0,0.0,0.0,0.0,0.0,0.0,1.0,Baixo Risco
7ecafcf27dd7b07f740366b6717f095218f8a0cfbf8b13d9dbde55cfee7e3fb7,4771701.0,RS,0.8599309612945824,0.8530041727895563,848.0,132.5185185185185,0.92,0.2421,871.0,986.0,0.0,0.0,0.0,0.0,0.0,0.0,0.0,0.0,1.0,Baixo Risco
8d3520f68ee387f7acee3efd33f94c4f9db9ea8e0178bf046492a66f2052e80b,5611201.0,PR,0.05,0.8530041727895563,108.0,108.0,0.43,0.0,138.0,707.0,0.0,0.0,0.0,0.0,0.0,0.0,0.0,0.0,1.0,Baixo Risco
c48c24fba7ed76339ae1d78d90960e965457348d5795bab7f73781fdd916b751,4781400.0,MS,0.7646654351507657,0.5521891974269679,722.0,178.42857142857142,0.91,0.30482,169.0,945.0,0.0,0.0,0.0,0.0,0.0,0.0,0.0,0.0,1.0,Baixo Risco
be050a97a287d19193ddd10865ecf7e618d9e5f1675cd140acb11983230559af,4789004.0,BA,0.7428194249604532,0.8530041727895563,852.0,79.14285714285714,0.8,0.2949,976.0,989.0,0.0,0.0,0.0,0.0,0.0,0.0,0.0,0.0,1.0,Baixo Risco
09c9f0a6464d2be44208b3c5dc364b115be8571be4b45e0466170d90dc17b49f,4781400.0,MG,1.0,0.8530041727895563,936.0,209.0,1.0,0.0,884.0,984.0,0.0,0.0,0.0,0.0,0.0,0.0,0.0,0.0,1.0,Baixo Risco
72c0f66f5b9c7faa7f86e840460313ce9e2fde63b33758df3b5bf0f6a0e5e78c,4781400.0,MG,0.6061170661293973,0.8530041727895563,150.0,90.8,0.41,0.42764,94.0,922.0,0.0,0.0,0.0,0.0,0.0,0.0,0.0,0.0,1.0,Baixo Risco
8eaa5fee2c9f7c9c309e86a4b8dd2edc431b1282f991b9b52b4281914a80bcd5,1412601.0,SC,0.9011472059801796,0.6834430819034075,952.0,233.20408163265307,0.94,0.08249,980.0,989.0,2.0,34578.0,34578.0,2.0,1.0,0.0,0.0,94.0,1.0,Baixo Risco
f193340b6071defeb9c355f73730db061758c482392afc24bbeee7481654bcf1,4789005.0,MG,0.6091250869576346,0.9007339585154132,760.0,171.76,0.87,0.30052,308.0,982.0,0.0,0.0,0.0,0.0,0.0,0.0,0.0,0.0,1.0,Baixo Risco
4cfe9f47ce86d6ee1fcf1311db9111a25a81bebbbca6163466653e5f56183d8a,4321500.0,Sem Info,1.0,0.8530041727895563,934.0,0.0,1.0,0.0,908.0,985.0,0.0,0.0,0.0,0.0,0.0,0.0,0.0,0.0,1.0,Baixo Risco
25cbd4600c6e9d23fdf181f6d0af399cff7d595731b35d82409de27e7e472939,4771704.0,RS,0.2356158428450745,0.8530041727895563,638.0,95.93333333333334,0.86,0.4101,94.0,918.0,0.0,0.0,0.0,0.0,0.0,0.0,0.0,0.0,1.0,Baixo Risco
42fa044b134cb63135a73947aba28b2bc097cee6e7c6fc7b007ef812656046eb,7732201.0,SP,0.1975642349909591,0.9632618390316416,162.0,89.33333333333333,0.53,0.42914,139.0,958.0,0.0,0.0,0.0,0.0,0.0,0.0,0.0,0.0,1.0,Baixo Risco
34e31fc4e93aa52ff1c4abb539e1d7f815a05f04654dfa51f80098e868826e2c,810004.0,SP,0.8276166689994755,0.9732486440960492,797.0,217.53333333333333,0.86,0.36064,909.0,988.0,6.0,17767.7,17770.13,0.5,0.16666666666666666,0.0,-2.430000000000007,29.833333333333332,1.0,Baixo Risco
cc760f623447d7c9a5eee86c34d0de0a2a9ddd82386e81c89d394d3f66b1a918,5611201.0,SP,0.8632171526909119,0.8530041727895563,909.0,209.5,0.83,0.0,977.0,988.0,0.0,0.0,0.0,0.0,0.0,0.0,0.0,0.0,1.0,Baixo Risco
883c7fdf54b6dbdcaddffbb3b7ca708b9e5f4792ac8e961c90a3ca47b25bebb2,1323500.0,SP,0.7000471567657547,0.548924117688943,957.0,192.6640625,0.97,0.06103,977.0,988.0,0.0,0.0,0.0,0.0,0.0,0.0,0.0,0.0,1.0,Baixo Risco
052eb915cf9891cdfd6a98309cb528ca450feafa6a2a0def070e70af5e5211e2,7490199.0,Sem Info,0.6112447217020364,0.8530041727895563,207.0,151.0,0.59,0.0,544.0,959.0,1.0,2985.0,0.0,13.0,1.0,0.0,2985.0,43.0,1.0,Baixo Risco
01ae8ec89f423c810a0c33c8ad9cd3d099407aa905f4ac0eb90f8b8606b30274,4781400.0,ES,0.9058423487565384,0.8530041727895563,759.0,178.1578947368421,0.93,0.02171,619.0,800.0,0.0,0.0,0.0,0.0,0.0,0.0,0.0,0.0,1.0,Baixo Risco
5a8aa8678c9d87a8a62a489fd3673784246598c32a212fc07db1ed4df5e6c0f4,4781400.0,Sem Info,0.939809613088706,0.8530041727895563,938.0,192.3636363636364,0.95,0.03361,978.0,989.0,0.0,0.0,0.0,0.0,0.0,0.0,0.0,0.0,1.0,Baixo Risco
1408e6de41d3f557c29d0101b78c38c10f18d36de0e6d5d625e301b0f81ae1f0,1052000.0,SC,0.9626245806451864,0.9482090124479428,954.0,214.8640776699029,0.95,0.01616,980.0,989.0,0.0,0.0,0.0,0.0,0.0,0.0,0.0,0.0,1.0,Baixo Risco
2b1255c8b965111a093252300546e2eef9706c801eb0c8ac65bad37ef9727f21,4781400.0,PR,0.7124259387113273,1.0,681.0,188.69230769230768,0.86,0.25237,959.0,988.0,0.0,0.0,0.0,0.0,0.0,0.0,0.0,0.0,1.0,Baixo Risco
ab11f92000115b06592c83e0730d5fd85fc631a7506c77dc95922ad44c26ed43,4742300.0,SC,0.7369219212160294,1.0,953.0,28.0,0.94,0.0,976.0,989.0,0.0,0.0,0.0,0.0,0.0,0.0,0.0,0.0,1.0,Baixo Risco
749a30d7a1700128461a3ee0ae39843792de7345e66a776db339d3fea86e0244,5611201.0,GO,0.974346122194646,0.8530041727895563,914.0,74.77777777777777,0.86,0.0,960.0,987.0,0.0,0.0,0.0,0.0,0.0,0.0,0.0,0.0,1.0,Baixo Risco
ab9ca5de34e5f86db13150e9edf340ad3008d14f6b44276c829b4839285b9911,6920601.0,SP,0.9326379669428744,0.928996461353572,708.0,165.14285714285714,0.91,0.0,826.0,984.0,0.0,0.0,0.0,0.0,0.0,0.0,0.0,0.0,1.0,Baixo Risco
7e71a9dd8aca25ea12608dfe72d9d7fca218b8090018ff60cbb58de05e26dbb2,4642701.0,ES,0.5972728736664702,0.8530041727895563,317.0,11.866666666666667,0.67,0.78803,114.0,941.0,0.0,0.0,0.0,0.0,0.0,0.0,0.0,0.0,1.0,Baixo Risco
a8b268fa88d6c8880ec5acc65ddbdcbcfc80653d70eaa1ce8cee565b81f9977f,4641903.0,SP,0.2923276001723272,1.0,192.0,88.20833333333333,0.53,0.15507,570.0,985.0,1.0,1299.35,0.0,2.0,1.0,0.0,1299.35,32.0,1.0,Baixo Risco
a179082ac11c3b1aa12621c56db0f7d9dd1150e2ec517e69762062487a379045,2052500.0,SP,0.963096393131069,0.6616582518056331,936.0,203.2739726027397,0.96,0.16162,980.0,987.0,2.0,902.81,902.81,1.0,0.5,0.0,0.0,76.0,1.0,Baixo Risco
4ecae66c22b631b1cb0adf60d2b73635a07db20e01783e6061a0ea00356b1c31,4711302.0,GO,0.9325890421216236,0.949519422355458,843.0,33.0,0.94,0.02225,962.0,986.0,0.0,0.0,0.0,0.0,0.0,0.0,0.0,0.0,1.0,Baixo Risco
0c46a094773e9d580c9d774dcfba5df93247b943bf4d72128e51532043bcea8d,4530703.0,SP,0.9675734555582932,0.8312241554992857,964.0,193.4375,0.98,0.06456,983.0,988.0,0.0,0.0,0.0,0.0,0.0,0.0,0.0,0.0,1.0,Baixo Risco
804c4fb033a67251380f3070a1dd498157bd838553da6154a9761ca3826a5b18,6470101.0,SP,0.9058423487565384,0.8530041727895563,161.0,178.1578947368421,0.93,0.02171,234.0,364.0,1.0,61834.91,61834.91,1.0,1.0,0.0,0.0,61.0,1.0,Baixo Risco
0a2e2592f5b3e483c808c8853dee750719c9f5cd82cde2b19907f3009c0b5ee2,4781400.0,MA,1.0,0.8530041727895563,966.0,0.0,0.98,0.0,983.0,988.0,0.0,0.0,0.0,0.0,0.0,0.0,0.0,0.0,1.0,Baixo Risco
8b1c47b01f992e4e7a793e92f98708394304574146965845a90d85b8ff1d2fe8,4669999.0,SP,0.750896564701702,0.8372885622678516,965.0,255.5813953488372,0.98,0.0,978.0,988.0,2.0,20574.41,20574.41,0.0,0.0,0.0,0.0,64.0,1.0,Baixo Risco
8f93d455c7ae447cc564973068ebdcdafd9d338c7eeae3d2727120294f8de7b0,5611201.0,GO,0.9058423487565384,0.8530041727895563,107.0,178.1578947368421,0.93,0.02171,234.0,364.0,0.0,0.0,0.0,0.0,0.0,0.0,0.0,0.0,1.0,Baixo Risco
0342a204c8f2ac38fa1b0d1fe11cb8ee3845a42c3604fd46a85dc2f188f39a1a,4673700.0,SP,0.9819321968051394,0.8956838173116547,944.0,226.33333333333331,0.98,0.0,983.0,988.0,0.0,0.0,0.0,0.0,0.0,0.0,0.0,0.0,1.0,Baixo Risco
4d1e23316ad379e800c52d5bc323eff93d1a17e0e916e433bc54ab2d929d1e8c,4781400.0,PR,0.5725142967262293,0.8530041727895563,525.0,82.75,0.71,0.23996,882.0,983.0,0.0,0.0,0.0,0.0,0.0,0.0,0.0,0.0,1.0,Baixo Risco
bc3d8a6bb8c021e9ecb806cf92fe40ec46d38575ba1d9e47865941d1cfdc4c58,4781400.0,SP,0.5145541167783529,0.8530041727895563,142.0,182.20833333333331,0.86,0.26789,41.0,863.0,0.0,0.0,0.0,0.0,0.0,0.0,0.0,0.0,1.0,Baixo Risco
4f86ce1a257b829fc6f28ba925db0f1c47147ca22fc6963742aec2db89196515,4742300.0,SC,0.9756809083047744,0.6494260674636131,964.0,262.5416666666667,0.97,0.00105,980.0,988.0,0.0,0.0,0.0,0.0,0.0,0.0,0.0,0.0,1.0,Baixo Risco
20b9a3ad18c0c28fae9504c0b96b5684f96f3b14613c8c65f71d08a09aefd772,2593400.0,SP,0.9412986014297172,0.780405654673643,957.0,240.25925925925927,0.96,0.0091,979.0,988.0,0.0,0.0,0.0,0.0,0.0,0.0,0.0,0.0,1.0,Baixo Risco
91bd0cdbcd93d22625e8b5ed704d06a77cd222d7feb404f6106f2e05e4fbd63e,4731800.0,SP,0.8542993288046364,0.8471726430295397,687.0,129.0,0.9,0.01842,956.0,987.0,0.0,0.0,0.0,0.0,0.0,0.0,0.0,0.0,1.0,Baixo Risco
db4d741fede2c0af50aa1182ca994c9cd156fafb0d307cfb36d005c123cf44fe,4930202.0,SP,0.9326558312313864,0.8530041727895563,929.0,89.66666666666667,0.95,0.8583,973.0,989.0,0.0,0.0,0.0,0.0,0.0,0.0,0.0,0.0,1.0,Baixo Risco
ccecd891fa7927798f555cd632db2dd653174ca819bec1d2f6b342a07091c363,4781400.0,RJ,0.9861393021169051,0.8530041727895563,950.0,280.3333333333333,0.96,0.0,978.0,988.0,0.0,0.0,0.0,0.0,0.0,0.0,0.0,0.0,1.0,Baixo Risco
f22b3f975829fe1455c1578ded556c5c502e5915e09df86966dbc56ef22d89da,2599399.0,SP,0.9772505443407468,0.8927057169983363,786.0,247.9788732394366,0.95,0.00054,978.0,987.0,0.0,0.0,0.0,0.0,0.0,0.0,0.0,0.0,1.0,Baixo Risco
1d92c08308849e038b4a83af497a632d7f1557bb6d586c8dd2fd09842b5fca08,2829199.0,SP,0.7641408237684733,0.6162360511606388,558.0,145.6304347826087,0.81,0.01945,953.0,988.0,32.0,103743.14,73323.17,1.0,0.28125,0.0,30419.97,32.84375,1.0,Baixo Risco
8ddde66beec9e6c34e6df688b8f26418d8dc9e3658afbee92348071b628ec1a0,2812700.0,SP,0.6677783694741616,0.7664987999509739,209.0,116.54791666666668,0.51,0.0757,903.0,988.0,0.0,0.0,0.0,0.0,0.0,0.0,0.0,0.0,1.0,Baixo Risco
ee8f4da160506abe024d951028f6ae2b85492f99a3afb87351eb76a3e6493fee,5611204.0,Sem Info,0.5466129194236141,0.8530041727895563,341.0,244.0,0.76,0.0,811.0,985.0,0.0,0.0,0.0,0.0,0.0,0.0,0.0,0.0,1.0,Baixo Risco
f442944f7b4ef7a197b97340b74f5f451b8a10f7674701de3d4252be7fd3b087,2852600.0,SP,0.9960106233202636,0.9530092670969856,943.0,226.3636363636364,0.98,0.00561,981.0,989.0,0.0,0.0,0.0,0.0,0.0,0.0,0.0,0.0,1.0,Baixo Risco
0821083e83c907cfa98d3e4b4b60c9fe269539c76dbde23c017c50cbf5e33a47,4763601.0,SP,0.9694721861703982,0.9360762262602748,953.0,183.7037037037037,0.97,0.03666,981.0,988.0,0.0,0.0,0.0,0.0,0.0,0.0,0.0,0.0,1.0,Baixo Risco
02f27cefdd07cb806495d09bfc8c633349426a43795164ce376d0659e16ca545,4771701.0,PR,0.9848280713095876,1.0,936.0,208.71014492753625,0.99,0.0395,982.0,988.0,0.0,0.0,0.0,0.0,0.0,0.0,0.0,0.0,1.0,Baixo Risco
f07447ec76b722e89084b4a1f3428d6b8a0da42a70779fe81407eecad5537dea,4781400.0,PR,0.9687429258598038,0.8530041727895563,911.0,205.3125,0.96,0.0,961.0,988.0,0.0,0.0,0.0,0.0,0.0,0.0,0.0,0.0,1.0,Baixo Risco
9ac9a9d6ab86441310200cb508b32f813b06b2d7433386b74a2028390e88e5b5,1741902.0,SC,0.2563434850370838,1.0,858.0,193.23076923076923,0.85,0.19051,961.0,988.0,2.0,23612.13,23612.13,0.0,0.0,0.0,0.0,30.5,1.0,Baixo Risco
4540367107dd53f21d5a40e7f98b1a5328f41f04c53d7309e79ec40ccbdd3e52,1412601.0,SP,0.9940886826009404,1.0,940.0,110.5,0.91,0.0,978.0,986.0,0.0,0.0,0.0,0.0,0.0,0.0,0.0,0.0,1.0,Baixo Risco
656adecd9f7d102deb2b46e06c9fb1c97d8a680e96641b224c82d3ccc6ee687d,4744001.0,SP,0.9409764907953146,0.7526845291453247,955.0,180.53886010362692,0.97,0.04892,980.0,989.0,0.0,0.0,0.0,0.0,0.0,0.0,0.0,0.0,1.0,Baixo Risco
2348f5949436afdc79aeff555170317848809413e6f4726ea3aa32f984923d6a,4781400.0,MS,0.9794264243567518,1.0,946.0,225.5,0.96,0.0,968.0,988.0,0.0,0.0,0.0,0.0,0.0,0.0,0.0,0.0,1.0,Baixo Risco
2f554a4f6dee35cf383f8518e870941b47ea2c4d697c9c8ec5fdc6ec24aa2de8,1095300.0,SP,0.5408744375501158,0.7439122950447444,483.0,112.3695652173913,0.65,0.02123,438.0,973.0,2.0,8504.6,8504.6,0.0,0.0,0.0,0.0,56.5,1.0,Baixo Risco
da3584281b9732317bff3e7a664599435746dab364f6a5a19ef8ee9e0148282a,4744001.0,Sem Info,0.979219821064462,0.5142306290333435,519.0,171.8,0.86,0.0,933.0,987.0,1.0,4927.0,4927.0,0.0,0.0,0.0,0.0,90.0,1.0,Baixo Risco
f0e7357029ccbc58f7f7b51670508481dcf99f7be31d16b1eac633ddb400a175,4722901.0,SP,0.9928402424890244,0.9335984987021828,964.0,207.07142857142856,0.95,0.0,978.0,989.0,0.0,0.0,0.0,0.0,0.0,0.0,0.0,0.0,1.0,Baixo Risco
936805ecb10b0959f74fb46422632a3d60f358deb5f215b209eb7a021d8918ed,4755501.0,PE,0.9821817875727458,0.3422283715583564,963.0,221.65,0.99,0.00362,981.0,989.0,0.0,0.0,0.0,0.0,0.0,0.0,0.0,0.0,1.0,Baixo Risco
6af5b18305335fd51b004ab6796d2e48451e705401d261aae53ac8c77fa388c3,4772500.0,MS,0.996730064823884,0.8530041727895563,933.0,206.0,0.98,0.04529,983.0,988.0,0.0,0.0,0.0,0.0,0.0,0.0,0.0,0.0,1.0,Baixo Risco
ef14d50dc5503b15c99d61ade5708406382f9623c40470585f654008adb143e5,4652400.0,SP,0.8547565626124564,0.7555358358282268,738.0,125.44444444444444,0.87,0.26192,955.0,981.0,3.0,7538.950000000001,0.0,26.333333333333332,1.0,0.0,7538.950000000001,380.0,1.0,Baixo Risco
c5a24b77ddf4f4ffbb618356162c556f749e5e8c1c62aabd5f6314897e6ad018,4771701.0,PR,0.237684810379346,0.8530041727895563,115.0,84.51020408163265,0.64,0.19195,23.0,848.0,0.0,0.0,0.0,0.0,0.0,0.0,0.0,0.0,1.0,Baixo Risco
eace02a89401ec7e1a7e71ece3f594bf110090c0f6b005d938ff38d09829a4ee,4781400.0,SC,0.8400466598159774,0.8530041727895563,732.0,203.0,0.9,0.03806,872.0,986.0,0.0,0.0,0.0,0.0,0.0,0.0,0.0,0.0,1.0,Baixo Risco
d76b45d2d3184a561bc9a8b8a74878c0159992803ab7d77231a51b7161785543,2829199.0,SP,0.9776301163386886,0.7594727011657572,952.0,243.96491228070172,0.95,0.0,981.0,989.0,1.0,523.0,523.0,0.0,0.0,0.0,0.0,43.0,1.0,Baixo Risco
1c213d97654f8218271e0be431ec5b022a615edd153d3bdd44a6e9be1cab4165,4744001.0,GO,0.956317842670851,0.8761487244719774,948.0,157.08333333333334,0.97,0.04288,978.0,989.0,0.0,0.0,0.0,0.0,0.0,0.0,0.0,0.0,1.0,Baixo Risco
788eb8ffa5a26b261efcae56605bbc6e303313470b6747f8368c9c81e9f291a2,4781400.0,SC,0.9404899184963116,0.8530041727895563,959.0,272.0,0.99,0.0,972.0,988.0,0.0,0.0,0.0,0.0,0.0,0.0,0.0,0.0,1.0,Baixo Risco
bdd68b959f53cbbf701ad55657f20783390d925557ef72ca13b5fe1bc4894a94,4781400.0,BA,0.9870817961762494,0.8530041727895563,929.0,299.57142857142856,0.98,0.0,971.0,989.0,0.0,0.0,0.0,0.0,0.0,0.0,0.0,0.0,1.0,Baixo Risco
2b26d7e2d841174a9fc7a3a2d1e59d0205275fb70c7edeed4bc0b2942b953603,2222600.0,SC,0.5153660905132238,0.9120367186347784,756.0,110.05147058823528,0.89,0.2501,782.0,985.0,7.0,60717.97,60717.97,0.2857142857142857,0.2857142857142857,0.0,0.0,46.857142857142854,1.0,Baixo Risco
6fad52b911f8134a72fffab8ea86fdbc008c88db4ba3ab995113d0597729eaea,1621800.0,RJ,0.6891325930737211,0.8530041727895563,314.0,106.47350993377484,0.78,0.04935,917.0,988.0,3.0,7189.72,7189.72,0.0,0.0,0.0,0.0,46.333333333333336,1.0,Baixo Risco
ba514e4a81c9ef7c7d9500f634410ddf9c84776d5e3c4e7cd3d5a02ac1b0203b,4711302.0,PR,0.9755772092978964,0.8156694244121586,954.0,218.6691176470588,0.95,0.00806,981.0,989.0,0.0,0.0,0.0,0.0,0.0,0.0,0.0,0.0,1.0,Baixo Risco
290275e9a34605fb60440034591a006ed3fa80a355de8b814ae6fc7b4a6ba20b,2861500.0,PR,0.9329680938385556,0.8102450774954588,955.0,219.015873015873,0.95,0.00049,982.0,989.0,0.0,0.0,0.0,0.0,0.0,0.0,0.0,0.0,1.0,Baixo Risco
95e9a8731d08eac50c4560a85e8a98cfab794b6a4a8c8ecc5ca8339fe3119d0f,4771701.0,PR,0.8555794172324342,1.0,855.0,105.23076923076924,0.98,0.15371,259.0,967.0,0.0,0.0,0.0,0.0,0.0,0.0,0.0,0.0,1.0,Baixo Risco
b719c2855dddd2a9e29c5df24c8c03c2730c78316a6ea95f0efe4aa4532edaee,4313400.0,PR,0.826844491968726,0.8530041727895563,944.0,170.67415730337078,0.91,0.15122,979.0,988.0,0.0,0.0,0.0,0.0,0.0,0.0,0.0,0.0,1.0,Baixo Risco
1441a71f56661c67819dcfb497c5b889f16dffef7e783d05908eb11018614da8,1412601.0,SP,0.3701053002135757,0.8435102362760397,499.0,191.368909512761,0.86,0.12714,535.0,984.0,1.0,668.95,668.95,0.0,0.0,0.0,0.0,56.0,1.0,Baixo Risco
9c9a666b9fde8d19cc5375fd9c4fe502b507d0ef00549de81ee3e5dc924bbbe1,4672900.0,SP,0.3978985290128803,0.9266702519131924,963.0,213.44444444444449,0.94,0.00213,980.0,989.0,1.0,2428.44,2428.44,0.0,0.0,0.0,0.0,28.0,1.0,Baixo Risco
b3c5117180f7e43d14078eb4e49cd5e64b4358c9e533cfa695916b06f7895da5,2013402.0,PR,0.9591850783311452,0.4716316603093142,920.0,200.02777777777777,0.9,0.00155,973.0,989.0,0.0,0.0,0.0,0.0,0.0,0.0,0.0,0.0,1.0,Baixo Risco
184445aa9a7e257fc434d72690826d4cbccb82e9b842917ac244387e2bcf37ed,1412601.0,SP,0.6416367871470577,0.8812931261269228,926.0,218.07792207792207,0.92,0.17589,980.0,989.0,3.0,1817.01,1826.46,2.6666666666666665,1.0,0.0,-9.450000000000045,65.33333333333333,1.0,Baixo Risco
19e0ffe3d61ad8c0a310dcb5c040e3a47c4fb59b88a1085bd349e15876c1d437,4771701.0,PR,0.9912204397320636,0.8530041727895563,936.0,215.5,0.98,0.0,982.0,988.0,0.0,0.0,0.0,0.0,0.0,0.0,0.0,0.0,1.0,Baixo Risco
418e0fee41b98603dcdefe6c74c2d058698dd08835421a19f1720ca79dffb75a,1099602.0,MG,0.3876099817665714,1.0,548.0,195.40540540540545,0.8,0.19591,313.0,982.0,2.0,122351.48000000001,122351.48000000001,0.0,0.0,0.0,0.0,48.0,1.0,Baixo Risco
c831ac3ba29a0b764980e2f711c3e3d02dea63410ebb6a1fcdc6e48303bcaa2c,4120400.0,SC,0.8387443575011568,0.3254219649621602,948.0,228.2173913043478,0.94,0.11573,979.0,988.0,0.0,0.0,0.0,0.0,0.0,0.0,0.0,0.0,1.0,Baixo Risco
6642f33e1f7bc4d3bb7eb7f0d0c1e543c992c713cd0714e4b0ed178dd273b9ec,4771701.0,PR,0.976421598117639,0.8530041727895563,933.0,219.7741935483871,0.98,0.00146,976.0,989.0,0.0,0.0,0.0,0.0,0.0,0.0,0.0,0.0,1.0,Baixo Risco
b14af0480c62b0270cc9fa340fbc9ad264a92ecc4a332915ed8f3343dae46e0c,4712100.0,PE,0.9291487177462358,0.05,931.0,186.2020202020202,0.94,0.06641,957.0,989.0,0.0,0.0,0.0,0.0,0.0,0.0,0.0,0.0,1.0,Baixo Risco
c3c888a9f16760174597e06d90e3d54697b0bda791e55d3d5a1419edd531b9ad,4744005.0,SC,0.9529791622812218,0.7297192300482601,960.0,257.51162790697674,0.98,0.0,983.0,989.0,0.0,0.0,0.0,0.0,0.0,0.0,0.0,0.0,1.0,Baixo Risco
36a19daf91a10d4eec8a6efd85b50fc5cbe73e2a168cef05ab8ebd46389889ee,4771701.0,PR,0.9937357987086772,0.8530041727895563,936.0,258.3,0.99,0.0,982.0,988.0,0.0,0.0,0.0,0.0,0.0,0.0,0.0,0.0,1.0,Baixo Risco
39ede6a12663797f243d269b09e37d07f0a54a2928413dd194d7418d3f675885,9420100.0,RS,0.9040559855724216,0.8530041727895563,754.0,138.88888888888889,0.91,0.70257,959.0,989.0,0.0,0.0,0.0,0.0,0.0,0.0,0.0,0.0,1.0,Baixo Risco
e8c84a24c3181186171ffe0d084d3ac918f2316decd50942fc94e8a2ca1c2136,4782201.0,PI,0.9783580081978488,0.8530041727895563,953.0,171.45833333333334,0.96,0.0,983.0,989.0,0.0,0.0,0.0,0.0,0.0,0.0,0.0,0.0,1.0,Baixo Risco
fe5a1de47fb59ca14e29f57aee96615d84c21b4b78efefac2256fbaec7b740f8,1052000.0,MG,0.8137402398180323,0.8349611087858769,732.0,148.51282051282053,0.83,0.15771,951.0,989.0,5.0,29590.59,29590.59,0.2,0.2,0.0,0.0,26.6,1.0,Baixo Risco
d206cd434d5224fb1b6d3628532d5734e2f7103895ab7ca0264589f04db849a9,2815101.0,RS,0.9775921773726296,0.9630751122643916,935.0,264.1875,0.89,0.0,972.0,986.0,0.0,0.0,0.0,0.0,0.0,0.0,0.0,0.0,1.0,Baixo Risco
447cbd897277c84639c670e7f6a937c857f47029fe5b0156a10e06542b888258,4771701.0,SC,0.9253962201842824,0.8530041727895563,872.0,160.675,0.97,0.10833,951.0,988.0,0.0,0.0,0.0,0.0,0.0,0.0,0.0,0.0,1.0,Baixo Risco
0edc0aa33b211926f6ebe2a23a5d1d27353fa015e69a5f337cc943a61550e571,4686901.0,PR,1.0,0.8530041727895563,948.0,78.0,0.97,0.0,972.0,987.0,1.0,1231.74,1260.07,1.0,1.0,0.0,-28.329999999999927,71.0,1.0,Baixo Risco
03de6595066767567620bb6f2181abd6473201580d4c922978d558ab3d14afa4,4313400.0,PA,0.5189579081238898,0.8530041727895563,891.0,269.72093023255815,0.95,0.01207,978.0,988.0,0.0,0.0,0.0,0.0,0.0,0.0,0.0,0.0,1.0,Baixo Risco
8489482d950fd11ca5b245790dc429ca00192ddffe3258ba892a4c6920144f74,2862300.0,RS,0.97199672561267,1.0,958.0,100.4,0.97,0.05814,978.0,988.0,0.0,0.0,0.0,0.0,0.0,0.0,0.0,0.0,1.0,Baixo Risco
9d024cf29a2c55b3629c7b30d304158b4b082ce202728857d16dc55eeb67a20b,2733300.0,SP,0.5978090821488187,0.74502839809603,964.0,82.91666666666667,0.96,0.0,975.0,988.0,4.0,70184.84,70184.84,0.25,0.25,0.0,0.0,35.25,1.0,Baixo Risco
b0709a8007f7e9ced50f451ddc57b770d2ffa9cfb9e23dfd429c035606d7662b,4753900.0,MA,0.9521508799344788,0.725777023620136,925.0,192.96153846153845,0.97,0.03574,984.0,988.0,0.0,0.0,0.0,0.0,0.0,0.0,0.0,0.0,1.0,Baixo Risco
053a44e6338c2ac07bd7aeee4d0b810d1f1cd63f10203247435591efbc9c43fb,4711302.0,Sem Info,0.9459954253617908,0.8530041727895563,684.0,80.41803278688525,0.83,0.02171,830.0,989.0,0.0,0.0,0.0,0.0,0.0,0.0,0.0,0.0,1.0,Baixo Risco
b458538c5c583b4763e17843e46bc55018383ca60e86209d21953f9cf4ae13ec,1052000.0,PR,0.9266255324908323,0.8851915688660236,941.0,253.54166666666663,0.97,0.0,983.0,989.0,0.0,0.0,0.0,0.0,0.0,0.0,0.0,0.0,1.0,Baixo Risco
8f23d8561a0242bac840c122935ffb75473baa944c145b6c2abead69b47a79a1,2930101.0,RS,0.986000600089377,0.9612171847456308,934.0,251.61467889908255,0.98,0.02152,969.0,988.0,0.0,0.0,0.0,0.0,0.0,0.0,0.0,0.0,1.0,Baixo Risco
561dc474a4cba69c5c67c5d0e8fe0b1b75f9a2d433cd60b30ef57ebd8d2159f4,1742799.0,SP,0.8938673213386308,0.9403466355887022,950.0,197.74074074074076,0.96,0.0,982.0,989.0,0.0,0.0,0.0,0.0,0.0,0.0,0.0,0.0,1.0,Baixo Risco
f8f0afa4155240723167b6c560a891f67ea5b6b9421193c0ebbf70f35a303720,4635402.0,SP,0.9841403242084252,0.9595881361197818,957.0,210.4,0.98,0.0,979.0,988.0,0.0,0.0,0.0,0.0,0.0,0.0,0.0,0.0,1.0,Baixo Risco
456eef279eb2c041258c2ca54ec4fa78afe9f11f2db04d50afbeb1e5e44d144d,1061901.0,RS,0.9531735469638964,0.9224735184003844,895.0,168.88235294117646,0.94,0.01523,958.0,988.0,0.0,0.0,0.0,0.0,0.0,0.0,0.0,0.0,1.0,Baixo Risco
9baeb2f103f92303ac0abc5b5c44453ddd5395614a7c2ca8aa23e24333692d34,4771701.0,SC,0.965994659707998,0.8530041727895563,945.0,211.58064516129036,0.99,0.06675,979.0,989.0,0.0,0.0,0.0,0.0,0.0,0.0,0.0,0.0,1.0,Baixo Risco
3de42a2c4d2b98b39ece2ea43adebc139a8bc6e413bbc7af5c2adbbbb2352306,4771701.0,PR,0.9768013498161592,0.8530041727895563,945.0,243.91304347826087,0.96,0.0,956.0,986.0,0.0,0.0,0.0,0.0,0.0,0.0,0.0,0.0,1.0,Baixo Risco
5fa3eb344435cd1f4d96d6bf6620d5b2e4b2c7c67dc99dcb3e8de76ff8296d29,4771701.0,PR,0.9750288927744344,0.8530041727895563,891.0,277.3333333333333,0.96,0.0,981.0,987.0,0.0,0.0,0.0,0.0,0.0,0.0,0.0,0.0,1.0,Baixo Risco
5bd8ff57433784bbe8558ef405f94ad84d049cc9ee1c7e5a35d4df3ccb3985a1,4530703.0,MG,0.8977635193091362,0.5659810702584638,949.0,204.42857142857144,0.96,0.30923,977.0,986.0,1.0,755.0,755.0,0.0,0.0,0.0,0.0,29.0,1.0,Baixo Risco
d6f88bad89b07e414fd4686a9bdc66f35532302a30be4dd194b11b1325e8ed71,4781400.0,RS,0.9881060371226752,0.8530041727895563,929.0,238.7586206896552,0.99,0.0,975.0,988.0,0.0,0.0,0.0,0.0,0.0,0.0,0.0,0.0,1.0,Baixo Risco
8cf2eeecfc71cc4c3ac120780b349139dfaf94a8b61c31d1bb2895eceb5ddac9,2219600.0,SP,0.6619785297776705,1.0,945.0,187.27272727272728,0.95,0.03084,982.0,988.0,2.0,21142.08,21142.08,0.0,0.0,0.0,0.0,78.5,1.0,Baixo Risco
1bd83bded8cf60319a8826c4601a7b80343d06172a9df72676dcced89be050c8,6462000.0,Sem Info,0.05,0.05,155.0,97.11111111111111,0.43,0.45851,138.0,772.0,3.0,3864130.0,0.0,0.0,0.0,0.6666666666666666,3864130.0,73.33333333333333,1.0,Baixo Risco
52dc447ab7c5938266fc77be2b7cfe2c8f258f8b9b4857e0075b6d89d64ce5d0,4110700.0,SP,0.3801528973223232,0.7914390395495544,386.0,84.71134020618557,0.8,0.03028,599.0,973.0,4.0,640785.66,653973.4199999999,1.5,0.75,0.0,-13187.759999999951,238.5,1.0,Baixo Risco
75ef704b1bf34aa4ba997f2a83367c19fd298c78a5ae84ac2262a152e10efb28,4639701.0,PR,0.8911299411001523,0.8530041727895563,938.0,208.17741935483872,0.96,0.15297,980.0,988.0,0.0,0.0,0.0,0.0,0.0,0.0,0.0,0.0,1.0,Baixo Risco
47943fa8d667f731049a2e0df6f15910a34cae6ce092143105c0d674de5e6fe4,4771701.0,SC,0.94947160402384,0.8530041727895563,961.0,231.23076923076923,0.96,0.2216,978.0,989.0,0.0,0.0,0.0,0.0,0.0,0.0,0.0,0.0,1.0,Baixo Risco
6ca29bb927eddcf4027d5243aa4055cd13ad4135506f43309ed61182dddc0a0a,4921301.0,SP,0.5196604794670128,0.05,615.0,53.716785482825664,0.93,0.05448,966.0,987.0,0.0,0.0,0.0,0.0,0.0,0.0,0.0,0.0,1.0,Baixo Risco
3f56e15ae7519131bfb713344d0432597cf428a12e0755f862377dddafab798a,4771701.0,PR,0.253114225812435,0.8530041727895563,378.0,103.78048780487804,0.82,0.33131,32.0,857.0,0.0,0.0,0.0,0.0,0.0,0.0,0.0,0.0,1.0,Baixo Risco
608c3bac83e46113f9424a9c753943dfc810261a6afd25aab9654e90ec1787be,4753900.0,SC,0.9502088322909434,0.8584141800812252,949.0,214.9090909090909,0.91,0.0,980.0,987.0,0.0,0.0,0.0,0.0,0.0,0.0,0.0,0.0,1.0,Baixo Risco
968144c13fea567845e09f09207e243afc1cabba178a9e9e2665050d66054eff,6463800.0,RJ,0.6779031911391485,0.8371267496339043,722.0,183.95,0.51,0.00558,707.0,988.0,4.0,2562.8599999999997,2172.91,7.5,0.25,0.0,389.95,99.75,1.0,Baixo Risco
df4d240528669d050a5d6ab7125cdfa398ad1bddb00b4bd8791453b860394bf9,2733300.0,SP,0.8680823123325894,0.641492008406947,933.0,225.45714285714288,0.95,0.0,973.0,989.0,0.0,0.0,0.0,0.0,0.0,0.0,0.0,0.0,1.0,Baixo Risco
a6b2f34073dad8caaa8af73779db33cf7b57e0da1b135d15e9c0bf70640115ff,2229303.0,PE,0.5378198371084236,0.8530041727895563,724.0,160.5,0.83,0.00505,954.0,985.0,1.0,737.64,737.64,0.0,0.0,0.0,0.0,45.0,1.0,Baixo Risco
b4515f660d50a50223907f3764d6f67a0b8b396ff2c45e5f8ed6ab49e8f73990,4712100.0,ES,0.9445453922229492,0.8530041727895563,812.0,124.64285714285714,0.94,0.05984,516.0,980.0,0.0,0.0,0.0,0.0,0.0,0.0,0.0,0.0,1.0,Baixo Risco
be43fcdd101ef833f65f59238ea04ccd030f299a97c98710d19b0ffc9c157dc0,4771701.0,PR,0.953869487513494,0.8530041727895563,929.0,196.11666666666667,0.97,0.03498,962.0,989.0,0.0,0.0,0.0,0.0,0.0,0.0,0.0,0.0,1.0,Baixo Risco
1c4ed9e577c3cc89d0261fc58b950210de1909d8144d536f2784fe9a667bc076,1742701.0,MG,0.62864658842829,0.7855826510239562,746.0,93.68527918781726,0.9,0.15056,965.0,988.0,0.0,0.0,0.0,0.0,0.0,0.0,0.0,0.0,1.0,Baixo Risco
bcd45d844d3438f02cc57706868a21d05a97d5c75397e00443ba85f3321a277e,4771701.0,PR,0.8417640831264646,0.8530041727895563,963.0,137.33333333333334,0.96,0.07173,982.0,988.0,0.0,0.0,0.0,0.0,0.0,0.0,0.0,0.0,1.0,Baixo Risco
d17419d46439e43e79f2c37a5d11a4240b8d176f1520dc3fdab94b505e445424,2330301.0,SC,0.8315183798128772,0.8530041727895563,751.0,158.15384615384616,0.91,0.00129,928.0,988.0,0.0,0.0,0.0,0.0,0.0,0.0,0.0,0.0,1.0,Baixo Risco
1213bbcc318452bede20cfabd372a1f8dd38f09600278635318190f25dd3f7f0,1351100.0,SP,0.6791935103935363,0.969408006772938,853.0,207.4811320754717,0.88,0.11136,962.0,986.0,1.0,2678.4,2678.4,0.0,0.0,0.0,0.0,33.0,1.0,Baixo Risco
caa877db9e589fff9c2379a51e0a49d4a84ced61d176c8e03ffa834d66733115,1013901.0,GO,0.9886418181305502,0.8530041727895563,962.0,234.27272727272728,0.97,0.04108,983.0,989.0,0.0,0.0,0.0,0.0,0.0,0.0,0.0,0.0,1.0,Baixo Risco
ef37a033a594d6b5b9572a242f12df27f67d41c490d0c65c7ceefe96586a7b48,4771701.0,PR,0.977595543680795,0.8530041727895563,940.0,249.54545454545453,0.97,0.0,984.0,989.0,0.0,0.0,0.0,0.0,0.0,0.0,0.0,0.0,1.0,Baixo Risco
dfd760890f1e439a5942618f6c33a7340bbfa65bff04a60c8497a1d529d3459c,1011201.0,PR,0.6288355228032608,0.7487694108208146,803.0,176.59782608695653,0.87,0.08984,976.0,987.0,9.0,233644.64,181815.94,0.6666666666666666,0.4444444444444444,0.0,51828.7,9.666666666666666,1.0,Baixo Risco
e2c780be559b981956d6044e0e4d8d6520e79d1c8aa227e234515030e0323e3c,4781400.0,MG,0.7557442326112167,0.8530041727895563,794.0,40.0,0.88,0.07998,937.0,988.0,0.0,0.0,0.0,0.0,0.0,0.0,0.0,0.0,1.0,Baixo Risco
cf98a6d61719ae21047ea999c57051ffcae0809677068ff4c47ee723de337f0c,1733800.0,Sem Info,0.9751439469754296,0.8689389029607063,939.0,228.08333333333331,0.97,0.0,980.0,989.0,11.0,116679.16,113964.5,0.0,0.0,0.0,2714.66,44.18181818181818,1.0,Baixo Risco
3b12557f742f09d565e76092ec614e69a561f205b7d3d32b1804109e647e31be,4781400.0,MA,0.968628344675969,0.8530041727895563,910.0,242.27272727272728,1.0,0.03478,960.0,988.0,0.0,0.0,0.0,0.0,0.0,0.0,0.0,0.0,1.0,Baixo Risco
dd12ed236bfe6feac5bb084f0e6c7529fef694e675c62e2dd044914ea6362f26,4530703.0,BA,0.944810420467152,0.6669738364460163,898.0,178.1578947368421,0.9,0.1044,976.0,986.0,0.0,0.0,0.0,0.0,0.0,0.0,0.0,0.0,1.0,Baixo Risco
83e4f24cdaeced4272e978aa9cc61dae08b636bd49b2148ec8b94bfd28468452,4771701.0,PR,0.9969199108078322,0.8530041727895563,934.0,182.75,0.98,0.01723,981.0,988.0,0.0,0.0,0.0,0.0,0.0,0.0,0.0,0.0,1.0,Baixo Risco
bc4d436d0484dcba3214955c1c30ea285fbd8f3bb5100917df02b1df64f222ab,4771701.0,PR,0.945382209698128,1.0,882.0,209.375,0.96,0.0,973.0,988.0,0.0,0.0,0.0,0.0,0.0,0.0,0.0,0.0,1.0,Baixo Risco
d2e918b03bc856d8467d3ca4a804a0e6e5db3f425d47e01365b1e5364e79b22e,4781400.0,MG,1.0,0.8530041727895563,885.0,254.16666666666663,0.92,0.0,960.0,988.0,0.0,0.0,0.0,0.0,0.0,0.0,0.0,0.0,1.0,Baixo Risco
8d783c988f22c74b9e1c7ea5cbce240e3ae779fcc46bf9a6da74decae4fcb6c1,2229399.0,SP,0.4284533414288246,0.0925789260482471,385.0,90.03508771929825,0.8,0.29107,91.0,965.0,17.0,24116.7,23383.29,11.470588235294118,0.35294117647058826,0.0,733.41,60.23529411764706,1.0,Baixo Risco
479315251c6b595d80c35c31fa0f3ce5e6a35dad129444c9e28e06ea338151fa,4685100.0,Sem Info,0.9063670247364696,0.8530041727895563,112.0,81.44444444444444,0.64,0.1885,80.0,913.0,2.0,12723.39,12723.39,0.0,0.0,0.0,0.0,56.0,1.0,Baixo Risco
41279f39af167c6735bed1e2958e8ca0d66f8853638790c05fd26d27316125a9,4759899.0,SE,0.955529811791618,0.8530041727895563,941.0,157.2962962962963,0.97,0.0,981.0,988.0,0.0,0.0,0.0,0.0,0.0,0.0,0.0,0.0,1.0,Baixo Risco
0461fb65a02cc5d121f483b006f509c7a396371917b562a0bae9217a60cfece3,2330305.0,SC,0.837232390486896,0.8426802214191389,589.0,159.1509433962264,0.91,0.00414,902.0,986.0,1.0,9806.72,9806.72,0.0,0.0,0.0,0.0,28.0,1.0,Baixo Risco
e513321b966309e680e76c8255709c106020d31e52044ea3f5f9695e3c2e5ac9,4754702.0,BA,0.8060889967698359,0.8530041727895563,607.0,126.5,0.59,0.15795,381.0,979.0,0.0,0.0,0.0,0.0,0.0,0.0,0.0,0.0,1.0,Baixo Risco
aca9db7db50e89bd52d8b28a8a1a1b9565fabd03402ba24138a43cb99fe0018b,2452100.0,SP,0.4565918854025156,0.0723634112132109,795.0,182.62626262626264,0.87,0.01033,912.0,983.0,1.0,2901.19,2901.19,0.0,0.0,0.0,0.0,47.0,1.0,Baixo Risco
0c1f08e91554bebcefc838621cb090bb204cc535d1aea98cb59f8e15ec10dfda,8610101.0,MG,0.7608739434302176,0.3095887893686293,751.0,160.5183615819209,0.93,0.08976,977.0,987.0,0.0,0.0,0.0,0.0,0.0,0.0,0.0,0.0,1.0,Baixo Risco
20263b7b84aef6a3c47783f2ecdc6c400b5c668e349a63fd97640e68f260a0ee,1011201.0,Sem Info,0.40875202166062,0.2545476897157808,477.0,137.84761904761905,0.73,0.35216,244.0,981.0,1.0,919.5,919.5,0.0,0.0,0.0,0.0,20.0,1.0,Baixo Risco
ff7ed3bb75b65cd18b6612d9098263dd842597230617dbff92b01b6d19418ae7,3313999.0,RS,0.984147250628168,0.984064665251604,913.0,275.8695652173913,0.94,0.0,968.0,988.0,0.0,0.0,0.0,0.0,0.0,0.0,0.0,0.0,1.0,Baixo Risco
af5fb38e7d9fcf16e91e8b6cd9eca0cb67a1c3630956304cfe54c8d8ce5092b0,1013901.0,RN,0.7899075145738547,0.5955143722834094,905.0,251.5221238938053,0.91,0.00177,960.0,986.0,0.0,0.0,0.0,0.0,0.0,0.0,0.0,0.0,1.0,Baixo Risco
00b68b9e70d6cd1174c45535314b86bd6627ba8419d25c1975e528955f51494e,4782201.0,PE,0.5523758655650393,0.8530041727895563,879.0,32.0,0.94,0.0,515.0,984.0,0.0,0.0,0.0,0.0,0.0,0.0,0.0,0.0,1.0,Baixo Risco
49ef41fc83c5b1981945090abe5da6cd740383a006e1a9242101757f5367fd9f,2833000.0,SC,0.4140320812995147,0.5559112097172816,313.0,87.8744939271255,0.63,0.09178,65.0,969.0,0.0,0.0,0.0,0.0,0.0,0.0,0.0,0.0,1.0,Baixo Risco
f4a8cc21b60f6ab3eac4174b04232b4bebfafa1028ca755e466f087023679511,4742300.0,SC,0.9577428280515492,0.8560086416972773,944.0,237.28571428571428,0.98,0.06452,983.0,988.0,0.0,0.0,0.0,0.0,0.0,0.0,0.0,0.0,1.0,Baixo Risco
08912849ae8e9ca0e91583a2bffc871890f2b94be36599e8f36edca156fac40e,4530703.0,MG,0.9799190179982836,0.8962201600646514,935.0,240.0,0.93,0.20027,973.0,989.0,0.0,0.0,0.0,0.0,0.0,0.0,0.0,0.0,1.0,Baixo Risco
d6b51b59222f3492df379f107fde24f3c656415fc7696b765cb71b024be7b389,1354500.0,BA,0.9143551629530228,1.0,957.0,222.5,0.97,0.10758,981.0,988.0,0.0,0.0,0.0,0.0,0.0,0.0,0.0,0.0,1.0,Baixo Risco
4abaea0cb501ba60beeb3878f7683a33782821600520d08cde1a27033d495024,4742300.0,SC,1.0,0.7927213313444492,951.0,280.0,0.96,0.0,980.0,988.0,0.0,0.0,0.0,0.0,0.0,0.0,0.0,0.0,1.0,Baixo Risco
5c42a6a1446147affb74807085a36abf0c0f11c8f3e1af58b4fa56d3371385b4,4782201.0,BA,0.8796270776318256,0.8530041727895563,940.0,96.625,0.95,0.06069,980.0,989.0,0.0,0.0,0.0,0.0,0.0,0.0,0.0,0.0,1.0,Baixo Risco
9d896f7e67ed189e64bd8caaf3bc1d5e927b892f52fb292783169994e33561e8,4781400.0,PR,0.8253425234916879,0.8530041727895563,878.0,84.0,0.82,0.29705,897.0,988.0,0.0,0.0,0.0,0.0,0.0,0.0,0.0,0.0,1.0,Baixo Risco
fce5dabf692d80e4f686e8c7b235691100574ce186ea9e08eb2472e01c2b8ef3,1052000.0,MG,0.9658974919533304,0.8530041727895563,833.0,154.27272727272728,0.87,0.01058,890.0,969.0,1.0,4800.0,4800.0,0.0,0.0,0.0,0.0,26.0,1.0,Baixo Risco
4fd1c0bb1cebe1d9a2773461bbf3a8ef9ebb67e583bdc15f42dcdc2510275529,1733800.0,Sem Info,0.6748447589291687,0.6820752405124508,767.0,132.19565217391303,0.8,0.29879,977.0,986.0,1.0,11632.25,11632.25,0.0,0.0,0.0,0.0,15.0,1.0,Baixo Risco
437a6135349bdc7e1bc008fa996eb82dc7405e670d37dc9d1783a6aa8c0540ac,4110700.0,SC,0.7979027899743529,0.2162661508177082,210.0,174.6153846153846,0.35,0.005,980.0,989.0,0.0,0.0,0.0,0.0,0.0,0.0,0.0,0.0,1.0,Baixo Risco
30b908c6ba2d5a0792a844407d1c7ee69185c9386ca2be6d90e07f7cb366e1b1,4211101.0,SP,0.3633013068399092,0.8530041727895563,110.0,124.6,0.67,0.82586,187.0,857.0,0.0,0.0,0.0,0.0,0.0,0.0,0.0,0.0,1.0,Baixo Risco
9ed2b3e1f6d09dd921f5bc1c20b2abc63dbcb29bd6596a0bbf502a4ba0aacf0f,4771701.0,SC,0.9678423602813538,0.8530041727895563,907.0,222.7027027027027,0.97,0.0,983.0,986.0,0.0,0.0,0.0,0.0,0.0,0.0,0.0,0.0,1.0,Baixo Risco
de7cce41ef846a088593862386aa48cccf114733a26b4f5b9a75b166e6a6e99a,1412601.0,SC,0.3163142938788072,0.5302178704250526,204.0,121.06005586592178,0.67,0.17922,421.0,978.0,2.0,1229.94,1229.94,0.0,0.0,0.0,0.0,145.0,1.0,Baixo Risco
7830790bb8d0a570b8f1c0826060a50ea0742c718ee91981e7c50cdcd56843a1,4712100.0,PR,0.9906357859600944,0.8530041727895563,966.0,306.0,0.94,0.0,979.0,989.0,0.0,0.0,0.0,0.0,0.0,0.0,0.0,0.0,1.0,Baixo Risco
7be798ef1e73a9ff6887fb0506f15c6c58d0191465325b2f00038bcf244c4aad,4644301.0,RO,0.832936043643079,0.6432223516050619,949.0,224.7913043478261,0.97,0.06191,980.0,989.0,0.0,0.0,0.0,0.0,0.0,0.0,0.0,0.0,1.0,Baixo Risco
853e27d593300aa6f530dfbe52f3ad509ac19f6fadcb57bec67ff636cb00d0bb,1731100.0,SP,0.05,1.0,65.0,61.54545454545455,0.13,0.09289,37.0,295.0,0.0,0.0,0.0,0.0,0.0,0.0,0.0,0.0,1.0,Baixo Risco
54076ffc2f1140b11c49d3308e4f2139091567e4eb59e45a87a125f261cc4976,1822999.0,SP,1.0,1.0,946.0,240.625,0.97,0.0,985.0,988.0,0.0,0.0,0.0,0.0,0.0,0.0,0.0,0.0,1.0,Baixo Risco
8599db8cbd8815531714530ff7d097819033e67a21346668cafa8beb34adaaca,5250803.0,Sem Info,0.8808171124343145,0.6726251503092935,815.0,233.09803921568627,0.83,0.00515,979.0,987.0,2.0,72289.21,0.0,15.0,0.5,0.5,72289.21,63.5,1.0,Baixo Risco
f175c7d7810f726fc2592f90a22d7965dea589c823b00b069b0e9f25da375ccc,4673700.0,MG,0.9791052643633996,0.8132285613389737,962.0,233.05,0.94,0.0,977.0,989.0,0.0,0.0,0.0,0.0,0.0,0.0,0.0,0.0,1.0,Baixo Risco
8527b996e7e2054122c34539aeff9d8c9e22efa3d15ba4d7541d4f563fdd1c76,1922599.0,SP,0.7058241269341924,0.9165385995950056,924.0,211.35365853658536,0.93,0.03436,982.0,989.0,4.0,41065.17,17924.91,0.25,0.25,0.0,23140.26,38.5,1.0,Baixo Risco
fb32529a62186f64e34f5402ff18af7ca1dfe6fef0719a40f96c5d777ccdc67e,1091101.0,MG,0.8063538878390045,0.7918732268726086,914.0,219.38053097345133,0.95,0.06194,967.0,988.0,2.0,142752.74,22554.4,31.5,1.0,0.0,120198.34,338.5,1.0,Baixo Risco
6b10734a82fc8efc67cd707dce838f4ffdb4b066ec8219fbbac351b0a5b1915d,1412601.0,SP,0.2883048176449266,0.8703084322874093,142.0,26.0,0.55,0.0,159.0,932.0,0.0,0.0,0.0,0.0,0.0,0.0,0.0,0.0,1.0,Baixo Risco
c906f87be7156abfb99cbc7c110e4dfcc057f5513d0bba72d22bbf6c6a35aa6d,4712100.0,SP,0.3544440379389091,0.8530041727895563,469.0,111.06842105263158,0.7,0.10177,122.0,980.0,0.0,0.0,0.0,0.0,0.0,0.0,0.0,0.0,1.0,Baixo Risco
aab1618bc96602c3bc6d8d6eb31f3aa0f8c1cc7beaf0cd618c423805377065a1,4763601.0,Sem Info,0.4124303845129974,0.8530041727895563,447.0,66.07142857142857,0.62,0.13266,710.0,985.0,1.0,873.06,873.06,2.0,1.0,0.0,0.0,34.0,1.0,Baixo Risco
8b77dec5b993c39cabeeeac9e47f58b5a33814e58e46b6161f2741fad9c352e0,1412601.0,SP,1.0,0.5996343823535979,918.0,192.375,0.97,0.0,973.0,988.0,0.0,0.0,0.0,0.0,0.0,0.0,0.0,0.0,1.0,Baixo Risco
39e1b53d62659c581b97a0d7a70cb33e6c65e9154eb3b17d9fe5b054d77e5d92,4781400.0,AL,0.8333480248424763,0.8530041727895563,885.0,29.5,0.95,0.0,960.0,987.0,0.0,0.0,0.0,0.0,0.0,0.0,0.0,0.0,1.0,Baixo Risco
f028d31578dcff55836e4510d4506cfd63be2dea393211ad393a6b7063dcf990,4644301.0,PR,0.3393237811239213,0.7352192848824876,121.0,71.31944444444444,0.65,0.01648,152.0,970.0,0.0,0.0,0.0,0.0,0.0,0.0,0.0,0.0,1.0,Baixo Risco
e1fc362495c82a4cb6c4a4f355802f1d152a7b0b013fe42a1554567062d62af6,4782201.0,SP,0.9960001762876962,0.8530041727895563,959.0,236.9047619047619,0.99,0.0,977.0,988.0,0.0,0.0,0.0,0.0,0.0,0.0,0.0,0.0,1.0,Baixo Risco
a3e2358cef6a762f7f14df8d07d7d0e6ee701060c522e6ec4a40feb0a7fca7df,4689301.0,SP,0.3874160948937125,0.7355067478593251,849.0,65.83333333333333,0.62,0.05626,969.0,988.0,1.0,4154.71,4279.43,1.0,1.0,0.0,-124.72000000000025,36.0,1.0,Baixo Risco
b814ae2759356f0c158d745f0259fa990d803f59be4a07b129a1b985168e6c0a,4784900.0,RS,0.8561186003638175,0.8530041727895563,890.0,20.0,0.82,0.0,827.0,986.0,0.0,0.0,0.0,0.0,0.0,0.0,0.0,0.0,1.0,Baixo Risco
cd5a3fd483e1f5048b745bf1145cf9e2e6a495b7c39b0dfd08fcfbc575570dd4,4781400.0,MG,0.9593965624671156,0.8530041727895563,799.0,104.75,0.92,0.27875,968.0,988.0,0.0,0.0,0.0,0.0,0.0,0.0,0.0,0.0,1.0,Baixo Risco
4b0dd47c170ea40dd585a3ceed25aacfaaf078306bd47b9353560f2dfd3cde76,5611201.0,TO,0.8948227481888381,0.8530041727895563,481.0,155.8181818181818,0.87,0.06657,260.0,976.0,0.0,0.0,0.0,0.0,0.0,0.0,0.0,0.0,1.0,Baixo Risco
b06651a09b309cb8afa7682e470d959955ed40d75c61c32ce8b4a78589f1ec86,4782201.0,MG,0.961407959302439,0.8530041727895563,961.0,103.5,1.0,0.23221,981.0,988.0,0.0,0.0,0.0,0.0,0.0,0.0,0.0,0.0,1.0,Baixo Risco
c971dfb91837efc48eb12abc7f80ec5aa4c098fc9c65619d9cd046d88cf0d7dc,4530703.0,DF,0.9701634923611928,0.8530041727895563,915.0,254.0,0.86,0.0,975.0,986.0,0.0,0.0,0.0,0.0,0.0,0.0,0.0,0.0,1.0,Baixo Risco
c8c9c92ac82e9a3a80e0c74c3416102df6fb9c177cd9c059b6d13676b599f73d,6810202.0,Sem Info,0.9284527509656876,0.8530041727895563,905.0,174.11111111111111,1.0,0.10885,979.0,988.0,0.0,0.0,0.0,0.0,0.0,0.0,0.0,0.0,1.0,Baixo Risco
c4877cfd287ab216dec58d4545f9d24cb2ff8c371ba964d6f756c3200ca8851b,4771701.0,PR,0.9261963547288072,0.8530041727895563,955.0,243.44,0.97,0.0,965.0,988.0,0.0,0.0,0.0,0.0,0.0,0.0,0.0,0.0,1.0,Baixo Risco
cd227674eebec0d3a9941f27a261b79323b395a3b0d400dff00f829cc0779c14,4712100.0,SP,0.9602142743866964,0.8530041727895563,966.0,233.6,0.97,0.01587,972.0,987.0,0.0,0.0,0.0,0.0,0.0,0.0,0.0,0.0,1.0,Baixo Risco
fdcdd82be822e68269f1a1ea249e9ec32eda52695ab3fab14e435c58f136eb68,3104700.0,MG,0.9882345219181308,0.9053725667272936,957.0,215.11111111111111,0.96,0.00192,979.0,989.0,0.0,0.0,0.0,0.0,0.0,0.0,0.0,0.0,1.0,Baixo Risco
7e76f6c4348592ba693563b69b56c5a0a7f5041add677f7c221e1935b2c40846,5229002.0,BA,0.7525237555070051,0.8530041727895563,861.0,149.5,0.85,0.0,955.0,989.0,0.0,0.0,0.0,0.0,0.0,0.0,0.0,0.0,1.0,Baixo Risco
b53cab6b17b890f9cf0551a8048f4cf8c41a71e7ac68e77da30b8061fdb7d453,2013401.0,MG,0.9492659761924392,0.4023960359746356,874.0,197.5,0.91,0.08096,978.0,986.0,1.0,55500.0,55500.0,0.0,0.0,0.0,0.0,69.0,1.0,Baixo Risco
5906a7e3837d7153aa1ff887f79c45edee2555a286d1c486011cf8bf134073f0,4757100.0,Sem Info,0.6468949131511594,0.9162952929366784,530.0,175.4,0.79,0.01364,813.0,983.0,1.0,5575.05,0.0,63.0,1.0,0.0,5575.05,105.0,1.0,Baixo Risco
a1e117313106f9d538e1cdfcb4131b082d420d5da0db7f5037bfd7b41cb53b12,4782201.0,MG,1.0,0.8530041727895563,929.0,206.0,0.88,0.0,975.0,986.0,0.0,0.0,0.0,0.0,0.0,0.0,0.0,0.0,1.0,Baixo Risco
677057e61ec03dfc56c88f301bbf0728c0f2fc813f4d201f1c43e17b6ac8d741,1359600.0,RJ,0.9562286372774838,0.9442251709691014,958.0,235.27272727272728,0.96,0.0,981.0,988.0,1.0,3541.78,3541.78,0.0,0.0,0.0,0.0,120.0,1.0,Baixo Risco
5905f98dc83ccbaa7d5177fd8850dfa0659b934d5b3850a12c056c1d87013972,4781400.0,DF,0.9982211470066268,0.8530041727895563,964.0,300.3157894736842,0.98,0.0,971.0,988.0,0.0,0.0,0.0,0.0,0.0,0.0,0.0,0.0,1.0,Baixo Risco
6e5cd3aabf7e6092e8663ea15530c0af9382f68569e21f949c7627ab287d42d8,4722901.0,RS,0.9948486061255084,1.0,952.0,200.29166666666663,0.94,0.0,977.0,989.0,0.0,0.0,0.0,0.0,0.0,0.0,0.0,0.0,1.0,Baixo Risco
0ad5e74b023fe454638ae24b75432e3ea40f8cffa1537c3a0d8a45c803d73351,2093200.0,SP,0.965145228031382,0.8478504134854539,964.0,209.14285714285717,0.94,0.0,983.0,987.0,1.0,9636.0,9636.0,0.0,0.0,0.0,0.0,43.0,1.0,Baixo Risco
6e65db89c18dfd3ea319cfffced19ffd7f9069e2549980e7f7eb1170bc58b6d6,4617600.0,RJ,0.9114702298830096,0.7553653433660665,943.0,221.3703703703704,0.91,0.0035,979.0,985.0,0.0,0.0,0.0,0.0,0.0,0.0,0.0,0.0,1.0,Baixo Risco
1622ab118bbe09e0112c47677caf13831145b9782d0c668e024a84d01f1b4be4,4691500.0,Sem Info,0.7368588999952944,0.5797476256298212,446.0,126.26923076923076,0.78,0.00323,761.0,983.0,1.0,20100.0,20100.0,0.0,0.0,0.0,0.0,30.0,1.0,Baixo Risco
7d06f8d218fa9f739ee87182eed911cabdef553adac57c602e9f74600aef61d3,4644301.0,MA,0.8873703958944238,0.8530041727895563,914.0,211.48591549295776,0.92,0.21325,978.0,988.0,0.0,0.0,0.0,0.0,0.0,0.0,0.0,0.0,1.0,Baixo Risco
0c2b783b4ccde2646c4414c11d604a5c2721b447e2401d29c5e4634792516a92,4771701.0,PR,0.986774291937417,0.8530041727895563,934.0,217.1764705882353,0.97,0.0,979.0,988.0,0.0,0.0,0.0,0.0,0.0,0.0,0.0,0.0,1.0,Baixo Risco
88c992a363aa36c29835c8bb45c82d0ac9942432d485f494e1814b61d6094ff8,5611203.0,GO,0.9023462082292694,0.8530041727895563,753.0,198.75,0.86,0.18671,781.0,985.0,0.0,0.0,0.0,0.0,0.0,0.0,0.0,0.0,1.0,Baixo Risco
a142d595925c76fbb4fdd3745eda527ccad53c9df94a896a0fd7cd63421a8ee0,4781400.0,SP,0.96842897964669,0.8530041727895563,782.0,204.8,0.96,0.0,972.0,988.0,0.0,0.0,0.0,0.0,0.0,0.0,0.0,0.0,1.0,Baixo Risco
2428f77a217506adf038201a6e6d89bbfb70b40a85de3278f031b376cca96ea0,2311700.0,SP,0.7938426457281881,0.8862358419477206,798.0,192.45303867403317,0.91,0.08485,970.0,985.0,1.0,1846.43,1846.43,0.0,0.0,0.0,0.0,25.0,1.0,Baixo Risco
ff0796aab664e0a23fc1db62278b1996c5e86b0670fc83329a33cfdde3e37f3f,1412601.0,SP,0.5381846092788498,0.4922496616172878,370.0,117.41176470588236,0.72,0.45237,75.0,959.0,2.0,753.92,783.21,2.5,1.0,0.0,-29.29000000000002,33.5,1.0,Baixo Risco
b8b82c80d83a52db766fa06087d7cf9de67a1caced5f318ecf3505aaaa646b57,8211300.0,RJ,1.0,0.8530041727895563,526.0,53.66666666666666,0.83,0.0,714.0,952.0,0.0,0.0,0.0,0.0,0.0,0.0,0.0,0.0,1.0,Baixo Risco
b47c1ff346a0091bcc96476ad0dc26947d3544b97c793db95873a85935bd19ff,4771701.0,PR,0.9675149622332512,0.8530041727895563,941.0,180.74193548387095,0.96,0.01894,982.0,988.0,0.0,0.0,0.0,0.0,0.0,0.0,0.0,0.0,1.0,Baixo Risco
f811e4f716c4ef5321b35fc5bc1ee549bbc036a65b202e9b2ebd1989afff0be7,4742300.0,SC,0.989691927408516,1.0,942.0,162.66666666666666,0.96,0.0,982.0,988.0,0.0,0.0,0.0,0.0,0.0,0.0,0.0,0.0,1.0,Baixo Risco
d0e4ca112c6d8703dbb54a61913b60e838ca504df88f012b0f0744916cc48aaf,1031700.0,SP,0.8964843966093492,0.56224281160487,889.0,130.66666666666666,0.92,0.27727,981.0,988.0,0.0,0.0,0.0,0.0,0.0,0.0,0.0,0.0,1.0,Baixo Risco
b3625b49f5e665affabb014a57a92f950578d26a29789be55cd2307e92ac698c,4541206.0,SP,0.9483081300611832,0.8530041727895563,886.0,202.47368421052636,0.97,0.0,976.0,988.0,0.0,0.0,0.0,0.0,0.0,0.0,0.0,0.0,1.0,Baixo Risco
b664ee0ea1e9de7568fffcdaaea4bcf4af61044c96452206d64da3a06bb09e9b,2229399.0,SP,0.9649998426585342,0.9477796486218008,882.0,244.41304347826087,0.94,0.0,978.0,988.0,2.0,33602.979999999996,33602.979999999996,2.0,1.0,0.0,0.0,94.0,1.0,Baixo Risco
30b60662a40386ef1af111b79e03ff866bcd4ac27caa1d009f933dacf54a80c2,4744001.0,SC,0.8890211060908498,0.9355903224403266,803.0,244.02777777777777,0.96,0.11665,972.0,989.0,0.0,0.0,0.0,0.0,0.0,0.0,0.0,0.0,1.0,Baixo Risco
9407190c571c1d86176aab29b492ef3414029940fe7eaeb6c24dbb42d6110a1e,4110700.0,ES,0.9501482053230936,0.6469180199317875,877.0,97.55555555555556,0.93,0.07137,958.0,988.0,0.0,0.0,0.0,0.0,0.0,0.0,0.0,0.0,1.0,Baixo Risco
6c7119e9d8ebd74f5eb269e3e6a95d1285d8884e74d6ba87330333c72634e7da,4321500.0,SC,0.3292314612885104,0.8530041727895563,363.0,37.0,0.61,0.0,772.0,979.0,0.0,0.0,0.0,0.0,0.0,0.0,0.0,0.0,1.0,Baixo Risco
d3302539332d545bab5a4ccd87953619f5e0d1d2712b4184d9c1e30760ff8679,4211101.0,PR,0.8541599029321545,0.8530041727895563,946.0,143.9375,0.93,0.65129,974.0,989.0,0.0,0.0,0.0,0.0,0.0,0.0,0.0,0.0,1.0,Baixo Risco
0e81f0e145b3dd235ba353844a36bcb4de58860cac2424d07f6bd1a40bdc3b36,4633801.0,SP,0.9999236801000588,0.8530041727895563,893.0,231.46153846153845,0.93,0.0,967.0,988.0,0.0,0.0,0.0,0.0,0.0,0.0,0.0,0.0,1.0,Baixo Risco
fbf6272b378de5d2acb5e4eb0e01655e26ef5cc27a42170499145cef04bd9b91,2431800.0,RJ,0.2658059398837882,0.8530041727895563,85.0,82.16666666666667,0.37,0.11864,49.0,966.0,1.0,326172.0,0.0,2.0,1.0,0.0,326172.0,92.0,1.0,Baixo Risco
0cda3f717b418dba4936f7105da6cf400d647bc8a93ad9873b47edad23ecb002,4632001.0,SP,0.3034284274867785,0.5960601796058265,83.0,170.375,0.24,0.02375,116.0,962.0,4.0,135480.0,135480.0,0.0,0.0,0.0,0.0,82.75,1.0,Baixo Risco
c0bbd364fcb6d6b02a244285adbc23d16fc635299fdf059491ef54926727e780,4761003.0,RJ,0.9247406083052336,0.8530041727895563,827.0,222.2941176470588,0.99,0.10323,948.0,987.0,0.0,0.0,0.0,0.0,0.0,0.0,0.0,0.0,1.0,Baixo Risco
02c0b9128f8c0d0c480c328b92efa7585f0fe997cb0bfcc24874a9c2925fccde,4781400.0,SP,0.9661657898451546,0.6150609342776537,938.0,200.0,0.99,0.0,977.0,986.0,0.0,0.0,0.0,0.0,0.0,0.0,0.0,0.0,1.0,Baixo Risco
d56206e19f743b9a910b928e41ce98df2cfc36ce17082a951e9539c8b971c5d8,4772500.0,MG,0.3955026627527944,0.8530041727895563,522.0,108.70588235294116,0.77,0.17727,608.0,966.0,0.0,0.0,0.0,0.0,0.0,0.0,0.0,0.0,1.0,Baixo Risco
329deebc2328ee0776b412902ec8b1e32c61b9587d10635bc9e74f38a850710b,4781400.0,BA,0.7982228329099719,0.8530041727895563,828.0,162.11111111111111,0.99,0.00483,932.0,987.0,0.0,0.0,0.0,0.0,0.0,0.0,0.0,0.0,1.0,Baixo Risco
b444c4408474015eeb5971972869b6ed8e30e3d39f915980a37c0bf57645cfc2,4530701.0,SP,0.6705190745725221,0.7787720044475,731.0,102.63636363636364,0.62,0.13945,158.0,946.0,0.0,0.0,0.0,0.0,0.0,0.0,0.0,0.0,1.0,Baixo Risco
be9f9467cdc6f5f299dcc7b145f6bfe06a3988c7ad2bef44b494ccd751a97153,4781400.0,GO,0.8217582900453835,0.8530041727895563,949.0,185.26666666666668,0.95,0.0,967.0,989.0,0.0,0.0,0.0,0.0,0.0,0.0,0.0,0.0,1.0,Baixo Risco
e94244d972990118caddf548d96043df97772cb209f37061253831c08468e9cd,4633801.0,MS,0.51107657198522,1.0,399.0,112.9,0.83,0.05982,132.0,936.0,1.0,1397.5,1397.5,0.0,0.0,0.0,0.0,15.0,1.0,Baixo Risco
59d5c02f553bec1277f9515712e1ac5b4245971524187c83d78a57c12c3dc4db,4744099.0,GO,0.9988225992493992,0.7096286610318931,941.0,210.75,0.98,0.0,979.0,988.0,0.0,0.0,0.0,0.0,0.0,0.0,0.0,0.0,1.0,Baixo Risco
20ce4113d540e44c054bf1cc7b1e6fe907d84266a8bacca46fb95822a036290e,4781400.0,BA,1.0,0.8530041727895563,678.0,0.0,0.94,0.0,889.0,986.0,0.0,0.0,0.0,0.0,0.0,0.0,0.0,0.0,1.0,Baixo Risco
d0f9eb0de97fa893d06227ca9c25e854c2a661bc058a881bd8274b9ace5e282e,4712100.0,Sem Info,0.2219963781213371,0.8530041727895563,138.0,75.5,0.75,0.0,209.0,874.0,0.0,0.0,0.0,0.0,0.0,0.0,0.0,0.0,1.0,Baixo Risco
50552247a0ef5e1bad720725cff8ce2eec1d94e12f3f80c1e1a0ba5587c50b9c,5510801.0,RS,0.4343304424784295,0.7379477680279706,142.0,89.49107142857143,0.38,0.28336,46.0,849.0,2.0,71441.18000000001,0.0,63.0,1.0,0.0,71441.18000000001,717.0,1.0,Baixo Risco
f5acee04c33a64c81aaae11847d8f1e2a229996e4cdc5b324d5dc9b99b954f86,7319002.0,BA,0.4294401361347034,0.8530041727895563,705.0,0.0,0.85,0.0,776.0,971.0,0.0,0.0,0.0,0.0,0.0,0.0,0.0,0.0,1.0,Baixo Risco
d4a965404fc5ef9670f23aa2cac95f03843617bb9df702f70cf0bde82308463a,6920601.0,BA,0.9481733869319344,0.8530041727895563,909.0,143.5,0.85,0.85158,929.0,986.0,0.0,0.0,0.0,0.0,0.0,0.0,0.0,0.0,1.0,Baixo Risco
24a7f4e776b4bc1fbd3c18ecba5d4bf265bce469a66dac42cfcfd7a3615306f3,8599604.0,GO,0.6424940070022614,0.8530041727895563,915.0,171.7704918032787,0.94,0.28214,967.0,986.0,0.0,0.0,0.0,0.0,0.0,0.0,0.0,0.0,1.0,Baixo Risco
13595cc80192f7c7f7033a39e46d35fb29a6663aca8e695dea534ab33e015618,4110700.0,SP,0.7000081228930911,0.8487483099322962,758.0,112.91304347826087,0.85,0.10367,969.0,989.0,0.0,0.0,0.0,0.0,0.0,0.0,0.0,0.0,1.0,Baixo Risco
a1827b4062f17792eb87efe1e1d3ef5f04a13e7b022f15c12b076fde1d320a78,4744099.0,RJ,0.8748953304537422,0.8530041727895563,747.0,166.57142857142858,0.94,0.45491,928.0,988.0,0.0,0.0,0.0,0.0,0.0,0.0,0.0,0.0,1.0,Baixo Risco
33b1c9229102cabf0cb5bfd205a67e823fb52f9c92b7f7ff48cb2287b3c46e98,4781400.0,MT,1.0,0.8530041727895563,964.0,280.1904761904762,0.95,0.0,980.0,988.0,0.0,0.0,0.0,0.0,0.0,0.0,0.0,0.0,1.0,Baixo Risco
3fa2c4918fcf009694a008d0062b606ecbb6d6a60afcd49bcbcc5be7257f9cde,4541206.0,SC,0.8382588732270971,0.8530041727895563,799.0,173.8,0.89,0.13937,328.0,960.0,0.0,0.0,0.0,0.0,0.0,0.0,0.0,0.0,1.0,Baixo Risco
e6a6a6783ef110bf4b9efeac4af598ea0d553b0a21d0c961f081b79f5c405bc2,4771701.0,PR,0.9577670240209396,0.8530041727895563,925.0,172.83333333333334,0.97,0.03489,957.0,988.0,0.0,0.0,0.0,0.0,0.0,0.0,0.0,0.0,1.0,Baixo Risco
336253fb694851f87c3fcea0f08bcff673070a5aae468f6ab07e503f25184d69,4721102.0,DF,0.9741137425864136,1.0,963.0,212.7619047619048,0.97,0.08827,982.0,989.0,0.0,0.0,0.0,0.0,0.0,0.0,0.0,0.0,1.0,Baixo Risco
47a48f83c71eb8e0ebd84b626c052cbf5c977c7dc79d4e945e748b2c8a33fd59,4321500.0,SC,1.0,0.8530041727895563,899.0,268.0,0.84,0.0,906.0,987.0,0.0,0.0,0.0,0.0,0.0,0.0,0.0,0.0,1.0,Baixo Risco
cb9a06524e21a43b893be3e78165b832aa33116823136187f8abecf25b8ab804,4771701.0,PR,0.9704424817265994,0.8530041727895563,951.0,211.0,0.96,0.08736,964.0,986.0,0.0,0.0,0.0,0.0,0.0,0.0,0.0,0.0,1.0,Baixo Risco
6d8db858c3670e05d72a9ef35b4aad86795a8c05bd6974ceeb7e252c70638f29,2732500.0,SP,0.9625041820636696,0.7107221264203657,964.0,195.26666666666668,0.95,0.04563,981.0,989.0,2.0,10825.36,10825.36,0.0,0.0,0.0,0.0,37.0,1.0,Baixo Risco
89a7b1aea47e0a18630e3bc9b7299803fb7a7d2947bc733cf5e932c8e84e2505,4649401.0,RS,0.464893962314317,0.4204994757247557,166.0,127.51621621621622,0.65,0.13183,116.0,975.0,12.0,25840.32,23046.18,11.666666666666666,0.4166666666666667,0.0,2794.14,74.58333333333333,1.0,Baixo Risco
465d76fbc435d671ca5b549faf05fce7d90d923597b309f0dc8abed4b4721696,8219999.0,Sem Info,0.1022171324168243,0.05,146.0,65.33333333333333,0.5,0.1016,31.0,650.0,3.0,1478.7,1485.67,1.6666666666666667,0.6666666666666666,0.0,-6.969999999999914,34.333333333333336,1.0,Baixo Risco
8adc526d3b1e960df850598edce7a08d7fb62fcbca70e10d518b5ac789ecfaa2,4689399.0,SP,0.993698157491936,0.7507715470571533,960.0,246.60267857142856,0.98,0.0,977.0,986.0,1.0,2516.66,2516.66,0.0,0.0,0.0,0.0,28.0,1.0,Baixo Risco
3790f9c5c35b70493b6975cb75c15913711e7a3d9c714b458d725ddbcf71a966,1412601.0,PE,0.975992756265833,0.8530041727895563,666.0,186.4,0.82,0.0,630.0,982.0,0.0,0.0,0.0,0.0,0.0,0.0,0.0,0.0,1.0,Baixo Risco
c0f3486584c05572bd32532151ebb1ad321936a6d78b365156808b281588169e,2229302.0,AM,0.9791908856128386,0.9605489540460224,937.0,207.0,0.94,0.01981,982.0,988.0,0.0,0.0,0.0,0.0,0.0,0.0,0.0,0.0,1.0,Baixo Risco
23b76235b53d42d3925937190dd295d505b49ec3fae5ccc2d687d57a69f2df5a,2093200.0,Sem Info,0.2228775674624802,0.05,110.0,99.52459016393442,0.36,0.07678,46.0,891.0,2.0,4530.0,4530.0,0.0,0.0,0.0,0.0,86.5,1.0,Baixo Risco
cc0bfb440d7e6fe980df359dc720db50081f76d98d3a65ab2706680bc2c860ff,4520001.0,Sem Info,0.4630315741029898,0.459830939454333,257.0,198.0,0.63,0.0,240.0,788.0,1.0,969.0,969.0,1.0,1.0,0.0,0.0,31.0,1.0,Baixo Risco
9ad900ed0f6f36143d9e3e553490ed9d37b19db515d89babf657a696f880679a,1412601.0,PI,0.314944561314074,0.5752867075465519,453.0,80.2,0.65,0.42709,434.0,947.0,0.0,0.0,0.0,0.0,0.0,0.0,0.0,0.0,1.0,Baixo Risco
64962a283ab255f2e7c18d9d0d55e370b9c6787045bb2e1a0ee9aeac2d62265a,4671100.0,BA,0.640164503756331,0.1736032357515655,582.0,111.61046511627907,0.94,0.1008,959.0,988.0,0.0,0.0,0.0,0.0,0.0,0.0,0.0,0.0,1.0,Baixo Risco
0a72b3b58d0bb7fc2af930047e29c9edc2522b5186a043e19cd7d6a1e88de0ed,2229399.0,SP,0.9739045266309458,0.9758343043756832,884.0,156.2,0.91,0.0,968.0,985.0,3.0,16024.57,16363.85,3.0,0.3333333333333333,0.0,-339.27999999999975,67.0,1.0,Baixo Risco
0d97b16548d883ef310977887b1d227d66e72364790f6c402d25de051457cd5e,2229399.0,SP,0.9781350322505068,0.810485059666455,960.0,244.84615384615384,0.97,0.00477,979.0,988.0,0.0,0.0,0.0,0.0,0.0,0.0,0.0,0.0,1.0,Baixo Risco
8c206ff323028351c343c6b686c71e78c89d7b66b5e42d5249e7b48a335d76dc,4781400.0,MG,0.9795377664432088,0.8530041727895563,894.0,132.8,0.98,0.12272,976.0,988.0,0.0,0.0,0.0,0.0,0.0,0.0,0.0,0.0,1.0,Baixo Risco
881e86c9a7b24089799d0ab62df6851852c255c5e10b7fd0dc69c5e1e90f93a6,4781400.0,SP,0.0825699674581439,0.8530041727895563,122.0,31.65217391304348,0.59,0.3343,302.0,935.0,0.0,0.0,0.0,0.0,0.0,0.0,0.0,0.0,1.0,Baixo Risco
5f9c6baeba726cce5831f6a11100d37cb7004c171f4b4cf79c218b3466179b00,4782201.0,PE,0.7598319214279282,1.0,510.0,105.0,0.71,0.63176,971.0,988.0,0.0,0.0,0.0,0.0,0.0,0.0,0.0,0.0,1.0,Baixo Risco
12086849e8639ef92fd15a3cead1293cd02180a0520e8b3058ac0c5925f8a953,4754701.0,BA,0.448256779192031,0.8530041727895563,174.0,170.5,0.43,0.0,248.0,832.0,0.0,0.0,0.0,0.0,0.0,0.0,0.0,0.0,1.0,Baixo Risco
0aab4777117209ce84184e205a3311897518cd1095ebe50f2bce2790b63185ca,4681805.0,RS,0.8326702934603416,0.8901932752762752,769.0,93.35483870967742,0.94,0.27807,981.0,989.0,0.0,0.0,0.0,0.0,0.0,0.0,0.0,0.0,1.0,Baixo Risco
dc4692b6f4e7d013efb42cdee588d1fb30095d7ba1083bcb4da084619a0731ab,1411801.0,SP,0.7254548886941329,0.8530041727895563,662.0,163.2,0.91,0.0,827.0,983.0,0.0,0.0,0.0,0.0,0.0,0.0,0.0,0.0,1.0,Baixo Risco
3bab23dd95821997848d472246bff6f8764f9f60dea4f9288d2ea70e776061f1,4782201.0,RS,0.98536711531703,0.3782329545064763,795.0,210.0,0.88,0.0,746.0,987.0,0.0,0.0,0.0,0.0,0.0,0.0,0.0,0.0,1.0,Baixo Risco
57d050c9701e9fe71ca684ea0e7929c308cc255b89f0e65fccaa7e192a2007f4,4530703.0,SP,0.4586175524073012,1.0,356.0,123.14285714285714,0.74,0.22551,338.0,983.0,2.0,11400.0,11400.0,0.0,0.0,0.0,0.0,28.0,1.0,Baixo Risco
33727e7e64df6ceaf689eaef0f7f381961f8b73dfd630504668d9f558aa1abcd,4781400.0,PE,0.9561269083330672,0.8530041727895563,950.0,266.52,0.98,0.0,970.0,988.0,0.0,0.0,0.0,0.0,0.0,0.0,0.0,0.0,1.0,Baixo Risco
f0ff26aaadc0861bd904e8a738045e10f9262e3dec2b2b47e4b5d0a521042d17,4772500.0,SP,0.05,0.05,662.0,21.0,0.25,0.0,67.0,900.0,0.0,0.0,0.0,0.0,0.0,0.0,0.0,0.0,1.0,Baixo Risco
391653ceeb9363a5aec7db49c553a8bb51e4d51888accf9f6b007d3d286ff20c,4771701.0,SP,0.978955103478764,0.92137409085351,944.0,248.23076923076923,0.98,0.0,970.0,988.0,0.0,0.0,0.0,0.0,0.0,0.0,0.0,0.0,1.0,Baixo Risco
9b281f2335006e910114b0b3c1632a7963cb72754d383efcebf93cd3fb351f07,4771701.0,BA,0.4803932305683687,0.8530041727895563,390.0,70.08333333333333,0.77,0.01578,226.0,982.0,0.0,0.0,0.0,0.0,0.0,0.0,0.0,0.0,1.0,Baixo Risco
2a6801b9cdf382de1a3a487ecdc7b77a3df79065ea144fc6d40af3f816a65eb4,2229301.0,BA,0.966299877150128,0.905772997404818,803.0,168.125,0.96,0.0,962.0,988.0,0.0,0.0,0.0,0.0,0.0,0.0,0.0,0.0,1.0,Baixo Risco
d86726326b06e5c230796cdcde6c0be6db1abb62b72ccda531edb90539079a48,4686902.0,MS,0.9742146624013532,0.9260205589234798,928.0,194.4,0.95,0.18685,954.0,986.0,0.0,0.0,0.0,0.0,0.0,0.0,0.0,0.0,1.0,Baixo Risco
e046886f12bedef91219a172d8bd122190545100f8ad6f94ceb451d393e46a1a,4772500.0,RN,0.4947356678046815,0.8530041727895563,572.0,116.875,0.8,0.17673,694.0,971.0,0.0,0.0,0.0,0.0,0.0,0.0,0.0,0.0,1.0,Baixo Risco
4f2b56a65be8dc31bfd6feb23d059abcd86fc8f0a93a5b95f7f94f18e30de6f4,2311700.0,SP,0.6623523120492012,0.8530041727895563,777.0,182.7037037037037,0.87,0.13038,946.0,985.0,0.0,0.0,0.0,0.0,0.0,0.0,0.0,0.0,1.0,Baixo Risco
7555e49c2d2580f1b60784e0a5e6690db0f9a4b15bf49d90ee8caf911c9541fb,4642701.0,Sem Info,0.9867622678754396,1.0,953.0,209.0,0.96,0.14674,970.0,988.0,1.0,196.29,196.29,0.0,0.0,0.0,0.0,113.0,1.0,Baixo Risco
211494cc7d8d6dca601ec12ecb0b0e099ee22d0ebe7325c050edc5dc73b3a19d,4742300.0,SC,0.894091275955513,1.0,876.0,180.34782608695653,0.95,0.0322,949.0,988.0,0.0,0.0,0.0,0.0,0.0,0.0,0.0,0.0,1.0,Baixo Risco
9c8d6f23a3d590bccd71816641694106fe2330aa30b708867f713903adbfbff4,1623400.0,PR,0.5576339384120095,0.8530041727895563,254.0,43.5,0.54,0.28724,136.0,934.0,4.0,57777.5,57777.5,0.0,0.0,0.0,0.0,72.0,1.0,Baixo Risco
d420c379e08fe2e684b021ff88b8e59fa5d2bc677ac32533f6b76032631e5c02,2099199.0,SP,0.879808106969286,0.9021560180221664,957.0,218.67088607594937,0.95,0.01973,982.0,989.0,0.0,0.0,0.0,0.0,0.0,0.0,0.0,0.0,1.0,Baixo Risco
ca058633e7e4f9e7d5cd568f72e04f2ecaa91ed01b8ce7ed31a14a20aee0a264,4930202.0,SP,0.7609289205598898,0.9251897945499908,753.0,118.41935483870968,0.86,0.34194,904.0,929.0,1.0,346.41,346.41,0.0,0.0,0.0,0.0,7.0,1.0,Baixo Risco
23ace987ec10ce81c3f0f2c7410240b7332ec57da84481737bc3f819c96d11c3,4744005.0,SC,0.9927820874487984,1.0,966.0,257.75,0.96,0.0,982.0,989.0,0.0,0.0,0.0,0.0,0.0,0.0,0.0,0.0,1.0,Baixo Risco
46787f5269212ad01c9ee465bd5856b41577c946b22c630b0cd7395db35558cf,6470101.0,Sem Info,0.05,0.7897965116819928,354.0,16.0,0.05,0.0,168.0,279.0,1.0,86000.9,86000.9,0.0,0.0,0.0,0.0,10.0,1.0,Baixo Risco
8254278873dc997220f91d2f11d2d65d5bea456eee9bfc3397fb256c14824793,4530703.0,SP,0.9834669757703048,0.9799203725142904,965.0,249.73584905660377,0.98,0.0,981.0,988.0,0.0,0.0,0.0,0.0,0.0,0.0,0.0,0.0,1.0,Baixo Risco
bf116337fdd01cc26b4d88412a8ce5083db14d482e55d16cb7aedff74933c425,4781400.0,SP,0.879962212754298,0.05,845.0,212.46511627906975,0.93,0.12948,979.0,989.0,0.0,0.0,0.0,0.0,0.0,0.0,0.0,0.0,1.0,Baixo Risco
9c4c9de81152b0dd369bf6b2778bf80a35b34d0d7536d8f6d958462f97b745d2,1412601.0,SP,0.7726861423037525,0.9649817228829776,510.0,155.8108108108108,0.67,0.02892,909.0,986.0,1.0,374.77,374.77,0.0,0.0,0.0,0.0,36.0,1.0,Baixo Risco
4f8533d6091c96cbcec9c03cbb8af784e5b7180ecd315f914904f1169af69f31,4782201.0,SP,0.9930484310569276,0.8530041727895563,937.0,263.02564102564105,0.99,0.0,981.0,988.0,0.0,0.0,0.0,0.0,0.0,0.0,0.0,0.0,1.0,Baixo Risco
c4e501ae6180c2e588d8ec5aa61b6c9e273572908d33e27175c692fb77b07747,1412601.0,RN,0.9458353970429692,0.8647046952774664,960.0,209.0,0.92,0.03045,975.0,989.0,0.0,0.0,0.0,0.0,0.0,0.0,0.0,0.0,1.0,Baixo Risco
5e5808d3b8d6bb98e2a743daad310a9d1b9ed8bf79b8dd455c1d5412dd16559f,1321900.0,SP,0.8283068639295057,0.8721091231371796,943.0,223.975,0.95,0.0086,979.0,989.0,0.0,0.0,0.0,0.0,0.0,0.0,0.0,0.0,1.0,Baixo Risco
50a76821ae281cdf4ef6cd342e86f9e63b20fa21a3a780f17e7e1a0ad402aa95,2829199.0,SP,0.8581145583981115,0.395124946020723,955.0,241.2375,0.96,0.05285,979.0,989.0,0.0,0.0,0.0,0.0,0.0,0.0,0.0,0.0,1.0,Baixo Risco
ded5103a87b55bda6ef1086c311a647be8b6bdbd70ba6e04f3b24ba5f5ccfa3a,4744001.0,RO,0.9936147708975288,0.914939420498724,956.0,250.47619047619048,0.97,0.0,982.0,988.0,0.0,0.0,0.0,0.0,0.0,0.0,0.0,0.0,1.0,Baixo Risco
30180d2558966e76fb70ebe35cd6cbe5c8f96aaafbbb6680edc4330e2127dce9,4921301.0,DF,0.3675877928095994,0.8530041727895563,625.0,56.01459854014598,0.9,0.60143,973.0,985.0,0.0,0.0,0.0,0.0,0.0,0.0,0.0,0.0,1.0,Baixo Risco
a79c6cbc96c2807a8fac96a013150328c7172a1af9158c40a06f2582fe216c17,4781400.0,SP,0.9329025783347816,0.8530041727895563,905.0,204.05,0.97,0.0,974.0,988.0,0.0,0.0,0.0,0.0,0.0,0.0,0.0,0.0,1.0,Baixo Risco
00588ae0dcec3cb5145246f7da03fa74f5685eea2efe472576e50c091bd70780,4723700.0,SP,0.760260110136421,0.3171751163896165,694.0,171.85714285714286,0.92,0.4343,264.0,964.0,7.0,36169.0,34349.0,27.428571428571427,0.42857142857142855,0.0,1820.0,95.42857142857143,1.0,Baixo Risco
a6fa9e298d10de848b7f81c4f77923df5c1cd03724d1f137932a55671bcf81d6,5620102.0,SP,0.920724497153432,1.0,933.0,211.125,0.94,0.0,962.0,988.0,0.0,0.0,0.0,0.0,0.0,0.0,0.0,0.0,1.0,Baixo Risco
cadf3ca67b44d79e12248a518fa55c2482c2d3e7cd57f90273c7f2eae71dbfaa,4643501.0,SP,0.9993814311896854,0.4055612911760126,929.0,185.46153846153845,0.97,0.0,974.0,988.0,0.0,0.0,0.0,0.0,0.0,0.0,0.0,0.0,1.0,Baixo Risco
35f29b6fbc1433dfc091ad06c6071995174828c910da66851bc7d1a1fd42cae5,3299005.0,SP,0.9900550140625832,0.8655015213985616,912.0,153.0,0.93,0.0,972.0,989.0,2.0,2067.85,2067.85,0.0,0.0,0.0,0.0,25.5,1.0,Baixo Risco
c8b2dddeda71ed89f8fc6057930195d6d9fd44ffe0f0111d4221243c3e47292a,4643501.0,Sem Info,0.9909369288241832,0.8530041727895563,920.0,213.93939393939397,1.0,0.1159,977.0,989.0,1.0,167.4,167.4,2.0,1.0,0.0,0.0,26.0,1.0,Baixo Risco
d715f480d32eb9d64db93acbff72a7dd3730f3f202d3fc024f48c981d03c73e8,2229301.0,Sem Info,0.544738090415494,1.0,793.0,290.0,0.75,0.0,923.0,986.0,20.0,93258.74,74007.82,1.4,0.35,0.0,19250.920000000002,36.55,1.0,Baixo Risco
3f80f49cb686723578bf93c9491d2e1c65bb2d344af55e05bd417fdec8557ccd,4782201.0,PR,0.9774211471334792,0.8530041727895563,951.0,265.5,0.97,0.0,983.0,989.0,0.0,0.0,0.0,0.0,0.0,0.0,0.0,0.0,1.0,Baixo Risco
5463ac87355c76c7b38e5f13c1177cafceafab94b42e3ccec1428be8467c29df,4713002.0,SP,0.9829114678295802,0.8530041727895563,853.0,124.21428571428572,0.91,0.0,882.0,988.0,0.0,0.0,0.0,0.0,0.0,0.0,0.0,0.0,1.0,Baixo Risco
b1acb25aef58e7a0ccd8f1268ee12e32075fba5315577f77cbb50d7da2203603,4781400.0,SP,0.9405109357746696,0.8530041727895563,801.0,133.4,0.94,0.0,966.0,989.0,0.0,0.0,0.0,0.0,0.0,0.0,0.0,0.0,1.0,Baixo Risco
8a980f26cfa459827cbb0c51e6fc2fea9e480e6df15c167d4f1234efd72d9927,4789099.0,PI,0.9728565138489782,0.8530041727895563,928.0,198.4,0.96,0.0,969.0,988.0,0.0,0.0,0.0,0.0,0.0,0.0,0.0,0.0,1.0,Baixo Risco
fba0fa40c56bff94067c7727950cec278ef4f704d98d60958f5abaef4f5d3cbf,4647801.0,CE,0.9574853193728337,0.8801322043578991,964.0,210.18840579710144,0.98,0.07278,983.0,988.0,0.0,0.0,0.0,0.0,0.0,0.0,0.0,0.0,1.0,Baixo Risco
5232d20847bf6cf7d364e7389f19f2275469867db3795faae25a6c49bcae1fa9,2812700.0,SP,0.869620726626629,0.7392058568781121,939.0,238.6418918918919,0.97,0.01931,982.0,988.0,1.0,5932.32,5932.32,3.0,1.0,0.0,0.0,11.0,1.0,Baixo Risco
a7d5522d19f1f50c54ca1602dca7e3dec0fe8e1602c2b111432b9888dec08788,4681802.0,RJ,0.8075582520952183,0.8681960113602486,644.0,146.06666666666666,0.87,0.13408,919.0,987.0,7.0,134101.5,124971.93,0.8571428571428571,0.2857142857142857,0.14285714285714285,9129.569999999998,20.714285714285715,1.0,Baixo Risco
5e13b47bcbc7864f0df71156558c143f7d694379b19af89dbe16926b849e92ea,4729602.0,Sem Info,0.9670109931511854,0.850332484565369,800.0,201.8,0.97,0.0,956.0,988.0,0.0,0.0,0.0,0.0,0.0,0.0,0.0,0.0,1.0,Baixo Risco
c5d22f32cb381d27f73fb72c16f77d4fc45974ccc36c47c9050a7f5984d4fbdd,1012101.0,Sem Info,0.8770068806389233,0.9132832855598702,899.0,195.98684210526315,0.93,0.06753,981.0,989.0,0.0,0.0,0.0,0.0,0.0,0.0,0.0,0.0,1.0,Baixo Risco
67e897d77b20d3c67ced54ae094ee1e956cd753d09cb3d39477689bd6ca0aee4,4771701.0,PR,0.9907079795081124,1.0,948.0,211.975,0.98,0.00659,976.0,989.0,0.0,0.0,0.0,0.0,0.0,0.0,0.0,0.0,1.0,Baixo Risco
3f37a3bd8eacbb93e8ac58c82f6ce344229629bbc88f4408286c00a346c7f586,4771701.0,PR,0.9889326503801998,0.8530041727895563,964.0,213.7692307692308,0.98,0.0,976.0,988.0,0.0,0.0,0.0,0.0,0.0,0.0,0.0,0.0,1.0,Baixo Risco
a1b1c82cf5a06530092689e552946eeb89deb3c2cb492849533c10d3038c91f2,4782201.0,CE,0.8088435606106602,0.8530041727895563,374.0,135.56410256410257,0.93,0.13143,328.0,650.0,0.0,0.0,0.0,0.0,0.0,0.0,0.0,0.0,1.0,Baixo Risco
2318b0e2da0cacfb01d1cf1e41ef36059de5ef91f7bd04a153efa41cdcf9ed7f,2222600.0,Sem Info,0.9886395067565364,0.9204628265508376,958.0,223.2619047619048,0.98,0.00019,982.0,989.0,4.0,8737.65,8737.65,0.0,0.0,0.0,0.0,36.25,1.0,Baixo Risco
244276e4798636812d3380f5c3b6b947a022ce36e8ad81ae3b53ed7b71a6ecc3,4679699.0,Sem Info,0.9749469820324086,0.9057455551624588,949.0,220.9933774834437,0.98,0.00311,970.0,986.0,3.0,2116.96,2116.96,0.3333333333333333,0.3333333333333333,0.0,0.0,61.0,1.0,Baixo Risco
bfcb6d450b5b769ccd4c2ec3f5ea1f359101771553ca2fee94154a6f6f62557b,1412601.0,SP,0.7013940552174327,0.4690681015343973,952.0,168.59259259259258,0.97,0.0,981.0,989.0,2.0,2010.25,2051.96,0.5,0.5,0.0,-41.710000000000036,67.0,1.0,Baixo Risco
3310ad964b23c3a8b2f7ca5ffca4e09a1db5181c1f1422ddddd5851b897368aa,4771701.0,PR,0.4968819417158314,0.8530041727895563,886.0,267.1428571428572,0.81,0.0,974.0,988.0,0.0,0.0,0.0,0.0,0.0,0.0,0.0,0.0,1.0,Baixo Risco
9dd73c5a654da82e9436e61bc3db33f849544f90813d8266d8faabcf1531a3fe,3101200.0,SP,0.9878216954358636,0.8713089938365008,947.0,250.6065573770492,0.93,0.00213,979.0,987.0,1.0,4348.26,4348.26,0.0,0.0,0.0,0.0,30.0,1.0,Baixo Risco
032de167a32b1c0fad8ef0d8075d89c942c772a82a888bab322d0493e5dffb13,7723300.0,MG,0.4019313113202616,0.8530041727895563,738.0,132.23809523809524,0.69,0.02411,941.0,975.0,0.0,0.0,0.0,0.0,0.0,0.0,0.0,0.0,1.0,Baixo Risco
81fbeabcef7f6fc6458db3c51a76da4fcc21e537c8b744c7c742776ce8aad273,4771701.0,Sem Info,0.1618230603922674,0.8530041727895563,547.0,63.816901408450704,0.8,0.19191,34.0,513.0,0.0,0.0,0.0,0.0,0.0,0.0,0.0,0.0,1.0,Baixo Risco
c2afe8291d032b32ea78876e1679024abd8a20d6fdb9e007a70919348f591ee9,4689399.0,SP,0.7246920642303639,0.05,614.0,112.25925925925924,0.82,0.04254,832.0,985.0,2.0,15177.74,15936.66,5.0,1.0,0.0,-758.9200000000001,51.0,1.0,Baixo Risco
c7eb32fec078d86721aa498d11e0c5520f421994210e602b16c2514974c5e7ba,4771701.0,PR,0.6012649082113748,0.8530041727895563,492.0,115.02631578947368,0.94,0.16593,115.0,969.0,0.0,0.0,0.0,0.0,0.0,0.0,0.0,0.0,1.0,Baixo Risco
84dab057ef9856b9dfe940dcc73e60d3014321bc295c7493775482c7050e3f03,4782201.0,CE,0.7828850082294575,0.8530041727895563,841.0,194.66666666666663,0.96,0.15055,952.0,986.0,0.0,0.0,0.0,0.0,0.0,0.0,0.0,0.0,1.0,Baixo Risco
4282a48e0ddac7b56836ffdc6c1c2b711ed33f2809914bf25178f2f182112c42,4781400.0,MG,0.7043518886716152,0.8530041727895563,896.0,152.69565217391303,0.95,0.10089,967.0,986.0,0.0,0.0,0.0,0.0,0.0,0.0,0.0,0.0,1.0,Baixo Risco
07fcffbad5d39aedfca52d41c8fb0827c3982758e3279568e53f51ae2d06a437,4771701.0,PR,0.868607823835641,0.8530041727895563,660.0,167.51351351351352,0.95,0.06891,857.0,985.0,0.0,0.0,0.0,0.0,0.0,0.0,0.0,0.0,1.0,Baixo Risco
54ff5bb93e58f399306efc0e45abdd16ea1de554d5739fe0d79507b761d1c831,4711302.0,PR,0.6828873384045183,0.9733066532184048,765.0,130.2,0.82,0.01617,969.0,988.0,0.0,0.0,0.0,0.0,0.0,0.0,0.0,0.0,1.0,Baixo Risco
b7f76740596ec11608468e5f641407e35dbf2d81e8a0e75a36bfc7b866650d4d,4781400.0,SP,0.933512186510106,0.8530041727895563,953.0,252.08333333333331,0.98,0.0,981.0,988.0,0.0,0.0,0.0,0.0,0.0,0.0,0.0,0.0,1.0,Baixo Risco
9c8fedf52d2c9b265cdedbbaee63e3aa85ff006994b8d0d1ceb21617051c5b43,4771701.0,PR,0.9418032579882754,0.8530041727895563,952.0,216.66216216216216,0.99,0.00117,979.0,989.0,0.0,0.0,0.0,0.0,0.0,0.0,0.0,0.0,1.0,Baixo Risco
7d4e3138b1bc7539af153be7058b00095ffbcf3cd2ce01b3b169b41de7ed16e7,891600.0,SC,0.9813223016113498,0.9244380474758682,917.0,229.89756097560976,0.97,0.00085,981.0,988.0,0.0,0.0,0.0,0.0,0.0,0.0,0.0,0.0,1.0,Baixo Risco
0721e3312889866665b870b0dc7a1acb25ae17cade8535e981eb04baf4afcd08,4221904.0,Sem Info,0.3543970562073117,0.8530041727895563,484.0,89.0,0.77,0.0,125.0,960.0,2.0,4608.0,4608.0,0.0,0.0,0.0,0.0,171.5,1.0,Baixo Risco
37439adbebf487038c57e4839277c353f7c8ba3f3d1c20f4cd96be16d0c5df2f,4712100.0,PR,0.9714912680642588,0.8530041727895563,870.0,143.0,0.96,0.0,978.0,988.0,0.0,0.0,0.0,0.0,0.0,0.0,0.0,0.0,1.0,Baixo Risco
94754311815722c543f32efb38fdb562874ca31f0e4385f2c05a513e7875675f,4771701.0,PR,0.9747859077902072,0.8530041727895563,964.0,225.3636363636364,0.99,0.0,981.0,989.0,0.0,0.0,0.0,0.0,0.0,0.0,0.0,0.0,1.0,Baixo Risco
cebc7adb603721920fce9a561f0a33db0ba37c1549ecd4b22c1f6878c5ba7de7,4771701.0,PR,0.9681103691538252,0.8530041727895563,948.0,227.9782608695652,0.97,0.0,979.0,987.0,0.0,0.0,0.0,0.0,0.0,0.0,0.0,0.0,1.0,Baixo Risco
3ab68a7182b6335c73d833564f29f5f248de2d145e1450bdd5784da5111766ff,4781400.0,SC,0.8587064187148693,0.8530041727895563,913.0,128.5,0.88,0.2822,954.0,985.0,0.0,0.0,0.0,0.0,0.0,0.0,0.0,0.0,1.0,Baixo Risco
371a249576cd16860d46c75a55526e7bd19a0ada22137c7370623bc07bcfd2e6,1411801.0,MG,0.6521416758888126,1.0,890.0,158.71428571428572,0.82,0.62394,895.0,983.0,0.0,0.0,0.0,0.0,0.0,0.0,0.0,0.0,1.0,Baixo Risco
110f0387c7928f7c4a558e13333f4ccbae166a35b1efc60a35f2c829b8adf507,4752100.0,Sem Info,0.05,0.05,102.0,61.06976744186046,0.22,0.24412,89.0,639.0,1.0,1125.0,1125.0,0.0,0.0,0.0,0.0,89.0,1.0,Baixo Risco
775fc9ddee7bc31c9ab593686a75c68693da37c94443ce8a17acd0fadbb514ec,4771701.0,PR,0.9647828466607156,0.8530041727895563,954.0,264.12,0.98,0.0,978.0,989.0,0.0,0.0,0.0,0.0,0.0,0.0,0.0,0.0,1.0,Baixo Risco
a6859d96ef7abef868cbffc1ae7db429bf6e65b867de32e2845fe050a310846d,4755501.0,SC,0.9982428120449716,0.8530041727895563,947.0,212.61194029850745,0.99,0.00477,982.0,988.0,0.0,0.0,0.0,0.0,0.0,0.0,0.0,0.0,1.0,Baixo Risco
613f27ed60882a8dd29ed79dc7530270c467534d99c7176eecb2aba026a5818f,4781400.0,PB,0.953583814815168,0.8530041727895563,942.0,223.625,0.96,0.0,980.0,988.0,0.0,0.0,0.0,0.0,0.0,0.0,0.0,0.0,1.0,Baixo Risco
3d4be829b9e33ccb08a86dcc2882e037d1e0fd731505e25a59aa1a6153d913fc,4781400.0,RO,0.8952691698959097,0.8530041727895563,950.0,165.875,0.97,0.0,978.0,987.0,0.0,0.0,0.0,0.0,0.0,0.0,0.0,0.0,1.0,Baixo Risco
0aa3a6320660d9f6d755df59dac8152f14fef466dfe811e798588c11610ba7ac,1052000.0,RO,0.5475229026099274,0.8530041727895563,781.0,104.73333333333332,0.85,0.20543,841.0,984.0,0.0,0.0,0.0,0.0,0.0,0.0,0.0,0.0,1.0,Baixo Risco
2bf7d5249fe7a95743eb17f84541993a51c1b4f81210e268ce25f0562f9e7f8f,3312103.0,BA,0.5707049021334513,0.8530041727895563,191.0,170.0,0.88,0.0,238.0,937.0,0.0,0.0,0.0,0.0,0.0,0.0,0.0,0.0,1.0,Baixo Risco
6be46b4ddcf528dcc7b0fdb523ac3dc4cf84160fa369b0399ec86f116ae3030a,4771701.0,PR,0.9651397066003966,1.0,934.0,237.92857142857144,0.99,0.0216,974.0,988.0,0.0,0.0,0.0,0.0,0.0,0.0,0.0,0.0,1.0,Baixo Risco
bd74e845ef1c0c72b773a78fce940d7196c082b83be22a2531fab426e0eb6837,1012101.0,PR,0.8668736168021942,0.8530041727895563,719.0,139.11864406779662,0.93,0.23994,957.0,988.0,0.0,0.0,0.0,0.0,0.0,0.0,0.0,0.0,1.0,Baixo Risco
d2db43a3b604c030cb1b79564dddb949d403c17e91c25f7d3adbf5094e0f1cf8,1091101.0,MG,0.4792300692109813,0.848364563796679,714.0,130.29943502824858,0.88,0.19475,953.0,987.0,1.0,1961.25,1961.25,0.0,0.0,0.0,0.0,10.0,1.0,Baixo Risco
33b23634fb7fd26b6cc0eb0ed6f7bda80ec62b8d1d0c4c9224e4d68c769449f0,3832700.0,PR,0.3506478590424476,0.8069978938388407,736.0,101.47524752475248,0.84,0.55496,203.0,985.0,3.0,5436.82,5436.82,0.3333333333333333,0.3333333333333333,0.0,0.0,58.333333333333336,1.0,Baixo Risco
0259469ae07feaf9eb942bc96a270f25171b211c6e9ed53c6d21e234fddc8b0a,4930202.0,RS,0.7789809335835286,0.9756281738512744,836.0,154.930174563591,0.87,0.10771,978.0,988.0,0.0,0.0,0.0,0.0,0.0,0.0,0.0,0.0,1.0,Baixo Risco
909728117c7b90f17474f160a1cd97329ff137d9da3386a4d629e29ac6e32078,4771701.0,PR,1.0,0.8530041727895563,640.0,0.0,1.0,0.0,907.0,974.0,0.0,0.0,0.0,0.0,0.0,0.0,0.0,0.0,1.0,Baixo Risco
dad7ff71077db2f1764f2595229e65b9d7579ac98ec20c0e49cb851628485ed6,4649408.0,RN,0.7198760492739901,0.9235023610168278,790.0,88.25,0.83,0.0,961.0,988.0,0.0,0.0,0.0,0.0,0.0,0.0,0.0,0.0,1.0,Baixo Risco
192730f7944005de0fe43bc85c09d222289c33dc24772814db328bf2daf4b1a5,4691500.0,RS,0.9716419625824464,0.8023227329060217,957.0,224.44198895027623,0.98,0.01124,980.0,988.0,0.0,0.0,0.0,0.0,0.0,0.0,0.0,0.0,1.0,Baixo Risco
92924e80921a61bea8c70a9dd1472830d28d236aa48ccf57f9ecf86817f2fb60,4711302.0,RS,0.9153762510401344,0.8530041727895563,772.0,76.08670520231213,0.9,0.0,960.0,986.0,0.0,0.0,0.0,0.0,0.0,0.0,0.0,0.0,1.0,Baixo Risco
4db40dc751d41db325a3185c63f88964bb84c4694f5a9fd2903e391c577cf1f7,4782201.0,PE,0.9779930664066796,0.8530041727895563,939.0,192.28571428571428,0.95,0.0,970.0,988.0,0.0,0.0,0.0,0.0,0.0,0.0,0.0,0.0,1.0,Baixo Risco
9e6f38c2f4cfc6eba6c743730bcc93fa1bc6a49c8401cb5186ffb955953078dc,4684201.0,RJ,0.8052980577441666,0.94586332014923,920.0,113.6,0.85,0.0,972.0,988.0,2.0,4172.85,4172.85,0.0,0.0,0.0,0.0,28.0,1.0,Baixo Risco
4b89542ec312a090656d5a0d504b016f4a0936581a6f923a2973061d88865599,2221800.0,RS,0.9576405068230236,0.9223533030107172,960.0,227.7282608695652,0.97,0.17302,981.0,989.0,25.0,32508.26,32508.26,0.0,0.0,0.0,0.0,25.2,1.0,Baixo Risco
014cab8094fe9a9fcde06953483bf50e91339cbbf201cafbe001ae368b41150b,4771701.0,PR,0.9557893664764716,0.8530041727895563,936.0,128.33333333333334,0.98,0.08001,979.0,988.0,0.0,0.0,0.0,0.0,0.0,0.0,0.0,0.0,1.0,Baixo Risco
029903066635cb573f2b50522962c01e8dc8f7c46625ac9c232d7fb9770017e7,4639702.0,SP,0.9546936910044088,0.8165525586315504,880.0,205.28,0.94,0.17116,974.0,988.0,0.0,0.0,0.0,0.0,0.0,0.0,0.0,0.0,1.0,Baixo Risco
aa67c9c7873e0d384d8d375ce29cd3ccc0c10136785a0eff31feb4d4881897d8,3250704.0,SP,0.4608267185072221,0.6318791364888835,188.0,140.0778097982709,0.68,0.03654,383.0,974.0,1.0,1288.58,1288.58,0.0,0.0,0.0,0.0,236.0,1.0,Baixo Risco
7bb137be0269094f1b28aaae36b29be48dc78dc31fb81ad2d624824cb1dda8e3,4687703.0,SP,0.9058423487565384,0.8530041727895563,695.0,241.0,0.66,0.0,915.0,977.0,0.0,0.0,0.0,0.0,0.0,0.0,0.0,0.0,1.0,Baixo Risco
6c95b691cbdaa20d62cdc1980b83d26b4cd6ca93738d18b6b2b50f52d2494ab4,4712100.0,MS,0.8948594844334161,0.8530041727895563,870.0,244.5,0.96,0.0,958.0,987.0,0.0,0.0,0.0,0.0,0.0,0.0,0.0,0.0,1.0,Baixo Risco
e3554de2e3d5d629e0ad720045c2854aa317c9b646534e07c1f3722007d84087,1412601.0,SP,0.9066046299239726,0.6393889214905571,946.0,207.28571428571428,0.93,0.0,981.0,989.0,5.0,2029.9299999999998,1210.61,10.6,0.4,0.2,819.3199999999999,91.4,1.0,Baixo Risco
66e1d381ba98d48627f37a8f7c3406889b5f0d28638e7de801b7e805041efb0e,4781400.0,SP,0.2933247220427766,0.8530041727895563,326.0,126.625,0.86,0.35904,73.0,909.0,0.0,0.0,0.0,0.0,0.0,0.0,0.0,0.0,1.0,Baixo Risco
02bbd2fee9b8b0a577a5ca23d99e2141aa175df0eeb73d6cdd5b6c1f72cf0a4a,4723700.0,SP,0.9381330953986168,0.8530041727895563,849.0,0.0,0.87,0.0,855.0,986.0,0.0,0.0,0.0,0.0,0.0,0.0,0.0,0.0,1.0,Baixo Risco
f35ade4ff33f3242e2fc525a0a5351b4352b9334dd4d8a4a66d75cff829961d8,4618499.0,RO,0.05,0.2925842830451463,141.0,136.43661971830986,0.57,0.21661,314.0,885.0,0.0,0.0,0.0,0.0,0.0,0.0,0.0,0.0,1.0,Baixo Risco
a8d494edecaf479590d7668bd5a5082099be2b83b12b7d7a0ab2fa704ea978dd,2062200.0,AL,0.9958794401557312,0.8530041727895563,880.0,165.23529411764707,0.92,0.0,974.0,986.0,0.0,0.0,0.0,0.0,0.0,0.0,0.0,0.0,1.0,Baixo Risco
ca45f0d365acd4b51e9f51d81cb1cb577b4a4b21699d83c8f7025f11d4b955c5,4511101.0,DF,0.7256141979380655,0.8088062309432487,358.0,81.78048780487805,0.73,0.04918,758.0,973.0,0.0,0.0,0.0,0.0,0.0,0.0,0.0,0.0,1.0,Baixo Risco
220d71fdef4905ffea1b1912112e7ed9860aeff7a592293f64618c691d422086,4782201.0,SP,0.1433145148613121,0.8530041727895563,120.0,79.82876712328768,0.78,0.39153,67.0,931.0,0.0,0.0,0.0,0.0,0.0,0.0,0.0,0.0,1.0,Baixo Risco
98ef47c50abab1e7bddbe674b9f5c87a4833ffc8ca2de3a3b0165393968d9afd,1412601.0,SC,0.7857104279062049,0.4661861557351363,947.0,103.80555555555556,0.94,0.17748,983.0,988.0,1.0,9600.0,9806.4,5.0,1.0,0.0,-206.39999999999964,103.0,1.0,Baixo Risco
65d88764f3c37fbdb47c9b4eebd38e183bd8281cd5b4e4a0d6ed1de1bbead2ca,2222600.0,SC,0.8629554460281018,0.8541015852762043,499.0,137.0752688172043,0.84,0.27186,799.0,986.0,1.0,4539.0,0.0,0.0,0.0,0.0,4539.0,4.0,1.0,Baixo Risco
70dd6af15a5ab9fb43345d837ef993b02e226066e668591c1112400d5802af95,2599399.0,SP,0.881206343665725,0.8790671159316251,673.0,163.24,0.7,0.00053,972.0,988.0,8.0,170684.04,170684.04,0.25,0.25,0.0,0.0,47.875,1.0,Baixo Risco
6a286d42c352d784fc9411f207f5e10152ebb44340f11c7e4cd2639d02aec142,1412601.0,SP,0.8037489091192925,0.9156750083021208,922.0,140.09677419354838,0.93,0.60933,974.0,989.0,0.0,0.0,0.0,0.0,0.0,0.0,0.0,0.0,1.0,Baixo Risco
8f85094cf1b1258e0dc9ade4b226af6e7e15589681485a248a08430c5c22a844,1359600.0,SP,0.9582943048648624,0.9613947965951049,923.0,247.125,0.96,0.01046,973.0,989.0,0.0,0.0,0.0,0.0,0.0,0.0,0.0,0.0,1.0,Baixo Risco
75660a40031e50c6b740a13016e91cb218987fdd22a5a228c1170ed17dcb1f4d,1011201.0,MG,0.865029520243039,0.4775137761022002,844.0,143.94444444444446,0.92,0.00765,972.0,988.0,0.0,0.0,0.0,0.0,0.0,0.0,0.0,0.0,1.0,Baixo Risco
71b2ca0b5fbff1c610c988ca0e7d0d6842c719eff3144042d15e132da9fbd5d4,4120400.0,MG,0.9307214828370356,0.7387142189529421,954.0,98.3529411764706,0.93,0.03528,971.0,988.0,0.0,0.0,0.0,0.0,0.0,0.0,0.0,0.0,1.0,Baixo Risco
3c16194128f64238e5aaf8f4a6c1e00ac6834ca7230b69deea51daf9d652fab7,4781400.0,PE,0.9116850584933563,0.5233403950150419,889.0,88.83333333333333,0.91,0.18326,982.0,989.0,0.0,0.0,0.0,0.0,0.0,0.0,0.0,0.0,1.0,Baixo Risco
0131e0d468954d0ce8393df5634e73f670341fe8dd83cece22367a2cbfcd49e0,4742300.0,SC,0.9079484045150752,0.9273727026390222,951.0,188.64705882352945,0.96,0.04965,982.0,988.0,0.0,0.0,0.0,0.0,0.0,0.0,0.0,0.0,1.0,Baixo Risco
bb99cf32b6f72b91ab18f8a7e7aec759cb9a72422563b2f697ff66c37410e02f,4771701.0,PR,0.9963175686933732,0.8530041727895563,951.0,245.496,1.0,0.00039,981.0,988.0,0.0,0.0,0.0,0.0,0.0,0.0,0.0,0.0,1.0,Baixo Risco
af73c8d577728f5f9dfae011f7d9be99e7640787a3d1ee0d4cfca079c41d90e8,4774100.0,RJ,0.784016155880527,0.8530041727895563,867.0,20.0,0.72,0.0,933.0,987.0,0.0,0.0,0.0,0.0,0.0,0.0,0.0,0.0,1.0,Baixo Risco
a723b0a056c4fe10d5447e094744b5747ae53a51953c14e04459d788a7950710,4771701.0,PR,0.992685320906042,0.05,965.0,226.6129032258065,0.98,0.0,975.0,988.0,0.0,0.0,0.0,0.0,0.0,0.0,0.0,0.0,1.0,Baixo Risco
4b29cf832593e8311c381b2730bb51ce41c0f7d2130a9c6351fccf58d975b310,4672900.0,SP,0.9983885167877232,0.984149454015359,960.0,251.2941176470588,0.97,0.0,978.0,988.0,0.0,0.0,0.0,0.0,0.0,0.0,0.0,0.0,1.0,Baixo Risco
8cf632c6d665ddebe9c7c4cf227315fe030b36bc16fa46ae25b50073dfbbc23d,4763601.0,PR,0.7382399779342086,0.8530041727895563,649.0,90.85714285714286,0.89,0.25651,959.0,987.0,0.0,0.0,0.0,0.0,0.0,0.0,0.0,0.0,1.0,Baixo Risco
d9fb69d51706e3343c92db63cefd21afe801cb89dbacdb1f757a3672b5e4ce22,4751201.0,DF,0.9417931566575058,0.975565466872488,913.0,232.88888888888889,0.91,0.28679,959.0,988.0,0.0,0.0,0.0,0.0,0.0,0.0,0.0,0.0,1.0,Baixo Risco
9daf4c000733570451ff690b1d27c8ed716f66d6b7a394fe083b06bd64461a82,2593400.0,SP,0.605638817610427,0.8401572075166651,438.0,152.64705882352942,0.87,0.21189,608.0,971.0,1.0,932.51,932.51,1.0,1.0,0.0,0.0,47.0,1.0,Baixo Risco
8bc57b211466f683269e2b3573421496f106b8264c003a77b214a05ea24b805c,4713002.0,GO,1.0,0.8530041727895563,964.0,0.0,0.98,0.0,983.0,989.0,0.0,0.0,0.0,0.0,0.0,0.0,0.0,0.0,1.0,Baixo Risco
ded60e006d91389aea01798b6906f111291c2453861506610a46f07bd82b83ee,6463800.0,SP,0.7896805347510925,0.4910544677449532,900.0,190.68571428571428,0.81,0.10594,965.0,988.0,0.0,0.0,0.0,0.0,0.0,0.0,0.0,0.0,1.0,Baixo Risco
72506de5e5f1eb2ecefcbf3557b07a0af94eb8de53bfa61e6efc97f98a19e358,4712100.0,PR,0.9438672439027268,0.8530041727895563,932.0,244.375,0.99,0.02507,969.0,988.0,0.0,0.0,0.0,0.0,0.0,0.0,0.0,0.0,1.0,Baixo Risco
cf4b54ec893ed48082a7b8212c76d467e9c4c5f3a5011c638dbcf20467041f26,4781400.0,SP,0.9926825474746797,1.0,951.0,277.6296296296296,1.0,0.0215,984.0,988.0,0.0,0.0,0.0,0.0,0.0,0.0,0.0,0.0,1.0,Baixo Risco
82436c0b8c8856cd3477a22ad69f7bb1257db29394a26424a0ebbacfb12ccd3b,4729699.0,GO,0.8835260332197176,0.8530041727895563,828.0,225.0,0.94,0.04645,961.0,987.0,0.0,0.0,0.0,0.0,0.0,0.0,0.0,0.0,1.0,Baixo Risco
8d6f6e1b14f05baf99d88370e3dd9154159dd36e3568e86f4d3f77902421f6d1,1311100.0,MS,0.8006440012406028,0.9435950727552224,895.0,223.19230769230768,0.92,0.08366,981.0,986.0,0.0,0.0,0.0,0.0,0.0,0.0,0.0,0.0,1.0,Baixo Risco
cf1bad310ed46de6fa6caacdb902da1b8868ae7e608815263ae71adbe72904ac,4744099.0,RR,0.8391391231372075,0.8530041727895563,807.0,179.90654205607476,0.91,0.47745,957.0,988.0,0.0,0.0,0.0,0.0,0.0,0.0,0.0,0.0,1.0,Baixo Risco
432a2e605b704aa67906ea20db82ef2bdfd049e7774697969bfc653fcd1c6512,4530705.0,BA,0.6467523173031618,0.5906172978639359,879.0,230.54545454545453,0.88,0.0,978.0,987.0,0.0,0.0,0.0,0.0,0.0,0.0,0.0,0.0,1.0,Baixo Risco
6062fc7fa2860f35029d032a660078ae56f7a08788bc86bddfdbd92bf0a17c5d,4751201.0,MT,0.9752170917766012,0.9410571399744142,959.0,249.14666666666668,0.98,0.00053,983.0,987.0,0.0,0.0,0.0,0.0,0.0,0.0,0.0,0.0,1.0,Baixo Risco
432482759a8d2bef881dcfc851f695bdc8526970904a42bc35227c18db71e191,4755501.0,BA,0.6472583965670357,0.8530041727895563,390.0,146.94736842105263,0.9,0.07803,88.0,955.0,0.0,0.0,0.0,0.0,0.0,0.0,0.0,0.0,1.0,Baixo Risco
1f919bd3472d5757833e0cdd630bf3277921b60156ae28cca719eb46ba2a83cb,4930203.0,RJ,0.7160482991871037,0.8530041727895563,374.0,101.0,0.75,0.05281,897.0,978.0,2.0,23733.6,23733.6,0.5,0.5,0.0,0.0,29.5,1.0,Baixo Risco
af3e04f42de6bdf831e0f56a1e56868e9f26ca989403b81a47b053c2e1f29816,4754701.0,RS,0.6061175294009077,0.8530041727895563,949.0,264.0,0.96,0.0,980.0,989.0,0.0,0.0,0.0,0.0,0.0,0.0,0.0,0.0,1.0,Baixo Risco
a16c7cf2e6b224fd3722174f239f0206cc68ba1ccc872dc4d8e138ce4c51b328,4782201.0,ES,0.0815762969744111,0.8530041727895563,92.0,75.55,0.41,0.2161,32.0,774.0,0.0,0.0,0.0,0.0,0.0,0.0,0.0,0.0,1.0,Baixo Risco
28e5853c1b0ac6e286840f3d64e269a1d2dc40799e43528111fbca72c7f08a48,4742300.0,SC,0.8870336146547666,1.0,731.0,28.0,0.82,0.00113,575.0,984.0,0.0,0.0,0.0,0.0,0.0,0.0,0.0,0.0,1.0,Baixo Risco
d00b9e333a24795e0c994cb4dad4deb620b6dba678782401d1b0245cdfcadaa7,6920601.0,RJ,0.2889965113270913,0.8530041727895563,297.0,149.16666666666666,0.77,0.0,249.0,831.0,0.0,0.0,0.0,0.0,0.0,0.0,0.0,0.0,1.0,Baixo Risco
74ba023925a3e5981f8f92bf7ba200db359c015ba741f72f045fa54305915503,4771701.0,PR,0.996107892660358,0.8530041727895563,960.0,277.09090909090907,0.98,0.028,981.0,988.0,0.0,0.0,0.0,0.0,0.0,0.0,0.0,0.0,1.0,Baixo Risco
71182afd3365ce296ce25a8e83aee7c95c3e3e4ea0894ae3204f8529e1dd5e68,151201.0,SP,0.6719060746131016,0.8530041727895563,496.0,265.625,0.83,0.0,869.0,984.0,0.0,0.0,0.0,0.0,0.0,0.0,0.0,0.0,1.0,Baixo Risco
b04d95cdbc625317a47d2c5cef4627cbe71717dfcd5193a75467f00eb0e7b6e1,1093701.0,SC,0.9471783120337258,0.9558818028268746,902.0,267.06666666666666,0.92,0.0,979.0,988.0,0.0,0.0,0.0,0.0,0.0,0.0,0.0,0.0,1.0,Baixo Risco
ea366e7b128bf52a182d639a704972aeb0a3259e481803d52b2ec557f6f57e89,4679604.0,Sem Info,0.05,0.8530041727895563,86.0,0.0,0.05,0.0,234.0,364.0,5.0,7706.92,7706.92,0.2,0.2,0.0,0.0,54.2,1.0,Baixo Risco
a15e38a302b386a20e19e6c59cf4abe3fa4bb192b53982701dd32ce9cf17b6d5,2121101.0,GO,0.6262572445880472,0.8660445977867198,698.0,148.47194719471946,0.83,0.1835,958.0,985.0,31.0,1525485.54,227633.72,5.096774193548387,0.3870967741935484,0.0,1297851.82,76.80645161290323,1.0,Baixo Risco
e3e2dd7ebe5d2e1de76e997d74f90f56b5843bb4420fcc53cc30ed9b02067836,4644301.0,GO,0.9160309510338576,0.9088399068468463,910.0,159.04444444444445,0.94,0.44582,978.0,987.0,9.0,2111.73,2117.75,3.7777777777777777,0.6666666666666666,0.0,-6.020000000000024,49.22222222222222,1.0,Baixo Risco
7ef044c8c3db7e165f91e0a9c7aef156ae0e9bc46fa4a16cb8c21d85b8fdaa58,2013402.0,MG,0.9436195074166904,0.7198673516587184,952.0,179.61486486486487,0.92,0.00122,981.0,988.0,0.0,0.0,0.0,0.0,0.0,0.0,0.0,0.0,1.0,Baixo Risco
2f0490cd36dc508f912ea313db1744e9e284297c2a3b1f93246982c5b93b9215,4754701.0,DF,0.9565249634846278,0.8530041727895563,947.0,257.25,0.98,0.0,985.0,989.0,0.0,0.0,0.0,0.0,0.0,0.0,0.0,0.0,1.0,Baixo Risco
c27d332d269b7cd724c507eda57071baa8f3fa4561a9ace79f4ac2277c77bc47,2121101.0,SC,0.27474669661924,0.8002925323908239,147.0,109.71064301552106,0.62,0.1447,95.0,978.0,3.0,6051.65,6053.78,1.0,0.3333333333333333,0.0,-2.1299999999999955,75.0,1.0,Baixo Risco
216ae3b11a637a05753c140d0d9a09e81c530e14377f65901b1c139bdfa880ff,4711302.0,GO,0.9464775268222824,0.8530041727895563,900.0,226.20408163265307,0.99,0.19334,960.0,988.0,0.0,0.0,0.0,0.0,0.0,0.0,0.0,0.0,1.0,Baixo Risco
8879dba7a77e3b86d384051995194f4acbfdd889198f62295359953dab5d3aec,4771701.0,PR,0.9472856795730732,0.8530041727895563,899.0,134.53333333333333,0.95,0.20626,981.0,989.0,0.0,0.0,0.0,0.0,0.0,0.0,0.0,0.0,1.0,Baixo Risco
08dc7e09b03c38fdd9159366cd925a5f6392ea185c1cb0c0b402ca2e32a4ffa5,133404.0,SP,0.1336368774831148,0.5561798200544088,945.0,191.9102564102564,0.93,0.3248,982.0,981.0,0.0,0.0,0.0,0.0,0.0,0.0,0.0,0.0,1.0,Baixo Risco
80b92e9d8b54f67bc96d4f90555964238cd2f1cdfacccc2a10347ff379556202,5510801.0,Sem Info,0.874558939452808,1.0,933.0,178.55454545454546,0.94,0.11433,965.0,988.0,0.0,0.0,0.0,0.0,0.0,0.0,0.0,0.0,1.0,Baixo Risco
0f5c15ae96d6c3a219bc333ac0d51cfc1cdd15aad97935cd6b53f5bca9d6a221,4771701.0,PR,0.950576733490308,0.8530041727895563,943.0,238.32075471698116,0.97,0.03168,977.0,988.0,0.0,0.0,0.0,0.0,0.0,0.0,0.0,0.0,1.0,Baixo Risco
a669eb9c0f063a704c5eba96f44708495c989ff98d081f6f960943b3cdcd9c94,1412601.0,PR,0.991375758733075,0.6586590254300595,732.0,199.5,0.68,0.0,752.0,982.0,0.0,0.0,0.0,0.0,0.0,0.0,0.0,0.0,1.0,Baixo Risco
143bdd3af5528076fe2b87cfed6d4e06eb12471d6747bd04f07b7889a1d0ad8d,2121101.0,MG,0.8382690272132491,0.3733072162575127,941.0,200.4102564102564,0.92,0.23835,976.0,987.0,0.0,0.0,0.0,0.0,0.0,0.0,0.0,0.0,1.0,Baixo Risco
499fdc87ab9a47b8abbd6e55f37df4ae960a2c46125d33794deb321a3729f599,4772500.0,MG,0.9942858987167672,0.9490882867830702,958.0,242.0,0.95,0.0,979.0,989.0,0.0,0.0,0.0,0.0,0.0,0.0,0.0,0.0,1.0,Baixo Risco
b2068bf6fb600c1bd4e42b8bd33d4a38e46731f008ed53c047e6ddd10953686c,4632003.0,Sem Info,0.1138644001288699,0.8530041727895563,70.0,81.78,0.24,0.25584,78.0,823.0,1.0,1020.0,1020.0,0.0,0.0,0.0,0.0,35.0,1.0,Baixo Risco
22d7bd2c94618f1cd6b9984c54eacffb298a6f7642f50c54b54e924e6961ed15,4712100.0,PR,0.9740340492209936,0.8530041727895563,915.0,224.0,0.97,0.07392,976.0,988.0,0.0,0.0,0.0,0.0,0.0,0.0,0.0,0.0,1.0,Baixo Risco
efdd45da4828f388b33bcdaa2bb556e69c3d981c7c97eeee1e1c3c59dcc82ff6,4781400.0,MG,0.9344823182533168,0.8530041727895563,925.0,191.22222222222223,0.98,0.07953,977.0,989.0,0.0,0.0,0.0,0.0,0.0,0.0,0.0,0.0,1.0,Baixo Risco
e55d6a184239e32c6998415d942b54aea8220eba33d99d637cd7bc08f6115cb8,4771701.0,PR,0.6811974155468205,0.8530041727895563,950.0,186.15686274509804,0.97,0.02972,982.0,988.0,0.0,0.0,0.0,0.0,0.0,0.0,0.0,0.0,1.0,Baixo Risco
37e58360969211e74359a39dec5d9ae490a04aee626e66163ad4116605cf5a82,4679699.0,MT,0.9687287138837732,0.8060009992718713,965.0,231.57894736842104,0.98,0.0,981.0,988.0,0.0,0.0,0.0,0.0,0.0,0.0,0.0,0.0,1.0,Baixo Risco
b3a208f2ce7c321723d9fcbada553dfe20f61ce7974da85f5d48ef15bbfaa31b,4744099.0,RJ,0.9030280215459884,0.8530041727895563,730.0,157.9090909090909,0.93,0.18755,974.0,987.0,7.0,18328.940000000002,18328.940000000002,0.0,0.0,0.0,0.0,52.57142857142857,1.0,Baixo Risco
9a31e04178c2961df0b5f1b6b6fdf3139c66b013753e900f6a51ebce41bb3c36,8112500.0,PE,0.9293229081910044,0.968553293925984,870.0,146.85714285714286,0.93,0.0,964.0,988.0,0.0,0.0,0.0,0.0,0.0,0.0,0.0,0.0,1.0,Baixo Risco
b26e7565d7ba6aa15fd0861a3aa0ef07755065725f1e6f86775babba544efb07,8299799.0,SP,0.8678693100450853,0.8530041727895563,925.0,25.0,0.86,0.0,958.0,989.0,0.0,0.0,0.0,0.0,0.0,0.0,0.0,0.0,1.0,Baixo Risco
d599d595622cb3f6a76b9401f80d5791cf65163560220ac05031b787e6bc5131,4921301.0,MG,0.3066933207228647,0.8530041727895563,350.0,192.97272727272727,0.83,0.00862,695.0,916.0,0.0,0.0,0.0,0.0,0.0,0.0,0.0,0.0,1.0,Baixo Risco
6368cd23b5d49a00e83ec86e7ca52666892acb2b90681454bc97387408df30f6,2592602.0,SP,0.9933295989334764,0.7562691510164706,917.0,206.46153846153845,0.93,0.00262,975.0,987.0,1.0,25150.39,25150.39,0.0,0.0,0.0,0.0,32.0,1.0,Baixo Risco
16e6b81a6dce37c190c9856bcf86b0d97ad19f724fe8c904a82d04bff0a3de3d,2599399.0,SP,0.9673001769098172,0.8551531972429647,797.0,94.3076923076923,0.9,0.11388,968.0,989.0,0.0,0.0,0.0,0.0,0.0,0.0,0.0,0.0,1.0,Baixo Risco
99ca53d350443a0ae516ab727651517088bebff7d1ce8d78048f41bd13a6cf91,4772500.0,BA,0.9630758277767534,0.8530041727895563,770.0,37.3,0.87,0.53345,971.0,988.0,0.0,0.0,0.0,0.0,0.0,0.0,0.0,0.0,1.0,Baixo Risco
2b1e1268e358c21127e0502af1a2541275cb019b5a88eaee8a4a3fca3bb3fa66,4744002.0,PR,0.2852011305794691,0.9285637746901454,924.0,231.6,0.95,0.06188,976.0,986.0,0.0,0.0,0.0,0.0,0.0,0.0,0.0,0.0,1.0,Baixo Risco
f3b5d6617ceee3baa8e3d5e05366d7c6bb17c36c81f897896071369f5dfb1be5,4771701.0,PR,0.9266475098711892,0.8530041727895563,923.0,190.02564102564105,0.99,0.12808,978.0,989.0,0.0,0.0,0.0,0.0,0.0,0.0,0.0,0.0,1.0,Baixo Risco
858491a511c3fe48bdbb3f23b808a77c3acf2be531c8983ff309f7b3ecb0636e,4771701.0,PR,0.9892531129383674,0.8530041727895563,949.0,247.28125,0.96,0.0,974.0,988.0,0.0,0.0,0.0,0.0,0.0,0.0,0.0,0.0,1.0,Baixo Risco
d27c57c1ea7f7e25baccf0194768c774a1e47ca27b644eff1f11262139b363d0,2733300.0,SP,0.8685693197309716,0.9791664933980988,903.0,173.08695652173913,0.95,0.00466,981.0,988.0,0.0,0.0,0.0,0.0,0.0,0.0,0.0,0.0,1.0,Baixo Risco
93d7674c18bedf45e3afb4d4ce6cb67094a2b3b9e316606e178e4eb0c98f0b08,4781400.0,MG,0.5279312392681278,0.8530041727895563,784.0,213.0,0.93,0.0,875.0,983.0,0.0,0.0,0.0,0.0,0.0,0.0,0.0,0.0,1.0,Baixo Risco
a09957b18348284b5fa5bd14c4db6856ec85e60e0f02e0c85a89f79e39c6c781,3092000.0,Sem Info,0.904167777510645,0.760353131039979,957.0,215.23958333333331,0.95,0.04441,973.0,987.0,4.0,2625.09,2280.52,8.75,0.75,0.0,344.57,87.5,1.0,Baixo Risco
890a216f70ea9626b8f4f01eeabaaed5f219a65bfd0b662f1d5ddb5652dca94a,4930202.0,Sem Info,0.9405325785229572,0.8530041727895563,917.0,167.0,0.94,0.0,967.0,988.0,1.0,1058.14,1058.14,0.0,0.0,0.0,0.0,22.0,1.0,Baixo Risco
96b5fedb2556aa1b24ecd93a5df50980d72b7e890fbda813682d7f159a7227e8,4754701.0,SP,0.9384256151871072,0.8530041727895563,883.0,131.25,0.96,0.0,974.0,989.0,0.0,0.0,0.0,0.0,0.0,0.0,0.0,0.0,1.0,Baixo Risco
e1dbc8c5b60b59d08a5c0db2bea486ce1bfbb87b385dddbca36d5e72ce3acc1a,4684201.0,Sem Info,0.8894497014396677,0.6472706383818106,872.0,253.48,0.85,0.0,971.0,989.0,4.0,45990.0,45990.0,0.0,0.0,0.0,0.0,44.75,1.0,Baixo Risco
3341f8b783c40e584e1e37457c963691a16e49fd964a6f334aa6ab92352d22f1,4683400.0,Sem Info,0.0598022211958801,0.8530041727895563,720.0,313.9375,0.87,0.0,963.0,989.0,0.0,0.0,0.0,0.0,0.0,0.0,0.0,0.0,1.0,Baixo Risco
fa95158d464d27cd5cc9db640fa78280d0b1537d52b33e862193ad0dde6e1e00,2222600.0,RJ,0.6166966829915247,0.9470993831603248,812.0,91.25,0.8,0.0,936.0,989.0,0.0,0.0,0.0,0.0,0.0,0.0,0.0,0.0,1.0,Baixo Risco
e470065e12ceb5411c87f6de9750e2524edc9f33170cfcb0219c17858b6f18ac,2733300.0,RJ,0.1339028249620759,0.9806824560779616,148.0,82.78494623655914,0.57,0.13036,66.0,571.0,2.0,8112.53,8112.53,0.0,0.0,0.0,0.0,53.0,1.0,Baixo Risco
e8de7c92f33034fee5e0b589e68b9da268a3bb1732984fbca72cbed03536c825,7319002.0,MG,0.1657392882557902,0.3365204868394525,298.0,242.90434782608696,0.68,0.06238,128.0,965.0,1.0,340.89,340.89,0.0,0.0,0.0,0.0,42.0,1.0,Baixo Risco
4ccd23bfe2039bb21b7e2a0f6a7a7d4250a2b2eb620e37b25e931c3e39e724e8,4772500.0,SP,0.9420448116774212,0.8530041727895563,954.0,201.3947368421053,0.97,0.17765,981.0,989.0,0.0,0.0,0.0,0.0,0.0,0.0,0.0,0.0,1.0,Baixo Risco
376f87f863c94f25625b27fba39fc37763ea834245b8e484125e9837dce97824,4712100.0,SP,0.9541878275085808,0.8530041727895563,951.0,236.73076923076923,0.94,0.00071,983.0,989.0,0.0,0.0,0.0,0.0,0.0,0.0,0.0,0.0,1.0,Baixo Risco
e4ebfb176e442a8ecc022d5029fac19d50011c033421d1e6ce3b30e955557e09,4754701.0,PR,0.9701185259126942,0.4044441962980623,963.0,237.82608695652172,0.97,0.0,979.0,989.0,0.0,0.0,0.0,0.0,0.0,0.0,0.0,0.0,1.0,Baixo Risco
81583aa6291a20cc8f62b2d109e1bed0e76f690a4e8e25dbd44ae00bdcbda108,4759899.0,SC,0.9646057474081704,0.8530041727895563,913.0,39.44444444444444,0.94,0.06921,918.0,988.0,0.0,0.0,0.0,0.0,0.0,0.0,0.0,0.0,1.0,Baixo Risco
662440cea6ebeab9f8ae7592c87e4188ae3fb6839d1c46d3d2465b4c54214bc6,210101.0,BA,0.1344946275777914,0.8530041727895563,793.0,202.75824175824172,0.91,0.00187,981.0,986.0,0.0,0.0,0.0,0.0,0.0,0.0,0.0,0.0,1.0,Baixo Risco
449af9ebf80fae8c880fa95c4025b11d99e98418ec025332c63f7b2005c7c9fd,2599399.0,RS,0.9694044266613936,1.0,937.0,263.0,0.96,0.0,947.0,988.0,3.0,5796.37,5796.37,0.3333333333333333,0.3333333333333333,0.0,0.0,50.333333333333336,1.0,Baixo Risco
c49cfb36932cf2aadda544b0df79270019c5508a294930f4da6ee7956f0d1897,4771701.0,SC,0.972020846622158,0.8530041727895563,944.0,188.77777777777777,0.97,0.04492,960.0,986.0,0.0,0.0,0.0,0.0,0.0,0.0,0.0,0.0,1.0,Baixo Risco
b705baabef7eadb7d03c297b80825907b395497d295dac2f1fb303f5fe70e54a,4789099.0,RJ,0.939310420867668,0.8530041727895563,960.0,220.77272727272728,0.91,0.0116,983.0,988.0,0.0,0.0,0.0,0.0,0.0,0.0,0.0,0.0,1.0,Baixo Risco
8cac60da5d011f5608705203cd05d7faf3b4565293d5605e2ea543009a24f2fd,4781400.0,PR,0.9691273324834544,0.8530041727895563,815.0,88.75,0.96,0.3622,958.0,988.0,0.0,0.0,0.0,0.0,0.0,0.0,0.0,0.0,1.0,Baixo Risco
0c85bfab5e4c366ec9fae8a6551f6a4441b1e6292875ca8a308e14177da93344,4782201.0,SP,0.1243746849816942,0.8530041727895563,167.0,56.088235294117645,0.79,0.45139,156.0,947.0,0.0,0.0,0.0,0.0,0.0,0.0,0.0,0.0,1.0,Baixo Risco
e4a3e924eb52b705bceb678c170d268313da3fd6c472f983ab3315b0c6984359,4530703.0,MS,0.412270352172686,0.8235458844225783,398.0,75.73170731707317,0.83,0.10888,360.0,961.0,0.0,0.0,0.0,0.0,0.0,0.0,0.0,0.0,1.0,Baixo Risco
3ad539ae6e7984c0e22f7329b593785c3379ff2d5f894493f43b226960b7b3b0,2330305.0,SP,0.9347372227542784,0.8417572910715575,921.0,280.46835443037975,0.96,0.00516,963.0,988.0,0.0,0.0,0.0,0.0,0.0,0.0,0.0,0.0,1.0,Baixo Risco
dd4113722c570223784ecdfc41eceab4bd81e604665693ebbf414f8f3ee17a7a,4757100.0,BA,0.6969245423561495,0.8530041727895563,352.0,103.5,0.87,0.07623,661.0,988.0,0.0,0.0,0.0,0.0,0.0,0.0,0.0,0.0,1.0,Baixo Risco
8fb61a912936be35af6f6fa98655ad0df6ee5163a96bee4f010532508821337e,4771701.0,PR,0.1989435192689107,0.8530041727895563,116.0,125.14285714285714,0.75,0.18108,52.0,797.0,0.0,0.0,0.0,0.0,0.0,0.0,0.0,0.0,1.0,Baixo Risco
ec426187cea5a1c7b2252a8450380e823ed3068d49588674ff1352e3985e4fc8,8111700.0,SP,1.0,1.0,555.0,0.0,0.79,0.0,739.0,971.0,0.0,0.0,0.0,0.0,0.0,0.0,0.0,0.0,1.0,Baixo Risco
3a596fcc1e93ecc82aa64389c606b35a1f5e6676e59048ca6c4e8457fdf2ccaf,4781400.0,GO,0.683193775856062,0.8530041727895563,624.0,40.66666666666666,0.91,0.8399,341.0,959.0,0.0,0.0,0.0,0.0,0.0,0.0,0.0,0.0,1.0,Baixo Risco
41e1db045e17c1214e4e3827742ab1fe8c417beffc716fba94ac8edad92d01ea,7810800.0,SC,0.9769243220428516,0.05,944.0,251.12328767123287,0.99,0.0,980.0,988.0,0.0,0.0,0.0,0.0,0.0,0.0,0.0,0.0,1.0,Baixo Risco
9935e0d2f2b19350f2cc32a6552d00f8fca8bd35bbd6f851805e7e15a6c14e88,4711302.0,SP,0.8583435779142258,0.8530041727895563,886.0,113.62222222222222,0.97,0.0035,983.0,988.0,0.0,0.0,0.0,0.0,0.0,0.0,0.0,0.0,1.0,Baixo Risco
047904865fca9d70f6ff42056ad791c9a2dd0a40f766e00817175d58491dd4c7,1099699.0,SP,0.9531233295892276,0.9226899867995269,947.0,193.7792207792208,0.96,0.00083,979.0,987.0,2.0,30000.0,30000.0,0.0,0.0,0.0,0.0,71.5,1.0,Baixo Risco
e3005e2b791431f45fd9913cfdbf4b32340b783961939eb27e52db8bc4dd5ab2,4783101.0,SP,0.3802515619071757,0.8530041727895563,133.0,115.5,0.43,0.0,428.0,910.0,0.0,0.0,0.0,0.0,0.0,0.0,0.0,0.0,1.0,Baixo Risco
1a29bf4ad5f4d146677edd2c0767cc19c6386eb77b51547d967cd02359b20b0f,2721000.0,SP,0.8177287800035032,0.829470753551081,764.0,207.70833333333331,0.86,0.0023,971.0,988.0,2.0,108690.16,108690.16,0.0,0.0,0.0,0.0,94.5,1.0,Baixo Risco
24f1538b76185a4bb02236537e56e1a23e60729c7301ea19eb344e38b49caaed,3314705.0,MG,0.7536706556176023,0.8530041727895563,897.0,20.5,0.86,0.0,857.0,989.0,0.0,0.0,0.0,0.0,0.0,0.0,0.0,0.0,1.0,Baixo Risco
933df01ab3b06bc6d54ecf06c0d9a4f61d3809ac42a1597a1f295ed18bc4c086,4781400.0,BA,0.2757648549753786,0.8530041727895563,215.0,98.5,0.78,0.02631,237.0,918.0,0.0,0.0,0.0,0.0,0.0,0.0,0.0,0.0,1.0,Baixo Risco
7d7e3acb7eceddd72b1a88c747b95d8bdcbea7c31085349dbe367e04ad09c434,4729699.0,SP,0.998395002380522,0.8940007186287889,964.0,223.45454545454547,0.97,0.0,980.0,989.0,0.0,0.0,0.0,0.0,0.0,0.0,0.0,0.0,1.0,Baixo Risco
2418b65d7eb9c0c4445f90d4abffe1604f4179766aa368f00a4c4a6efdf19fa5,6202300.0,SP,0.973949852189976,0.05,752.0,136.71428571428572,0.86,0.0,828.0,971.0,1.0,9461.88,9461.88,1.0,1.0,0.0,0.0,139.0,1.0,Baixo Risco
6e5214924f2d4b49799f9fcbfc89963af601443ff88d6c38c74bb5d71b1b019d,2229303.0,SP,0.9814275801915732,0.6683703907263465,804.0,241.0,0.99,0.0,932.0,987.0,2.0,26456.629999999997,26456.629999999997,0.0,0.0,0.0,0.0,22.5,1.0,Baixo Risco
8b0ceae9cb3a0cfa94434ac4dd9f0bbc999af16d01dd0d71ceff9b303984e41b,4646001.0,MG,0.5118483832741226,1.0,209.0,147.65384615384616,0.67,0.00531,77.0,952.0,15.0,10227.67,8380.59,13.4,0.4666666666666667,0.0,1847.08,49.333333333333336,1.0,Baixo Risco
61f0abd773b55f90e71adc9573a68b3b37449c49970845f751f725e3af0a1d9a,4399103.0,BA,1.0,0.8530041727895563,954.0,0.0,0.96,0.0,960.0,987.0,0.0,0.0,0.0,0.0,0.0,0.0,0.0,0.0,1.0,Baixo Risco
4a9787d692f903a15238c15f936d24ba45b0fa12581482c702ac5f6d06ba2428,1741902.0,RS,0.9294132689724574,0.8589094590432637,946.0,181.0192307692308,0.95,0.01266,979.0,986.0,1.0,465.47,465.47,0.0,0.0,0.0,0.0,85.0,1.0,Baixo Risco
ffe48c4854ed332f8352740491c0b70ad402d53467fdec20e350b4c0c06c69ae,4781400.0,MG,0.4370104263827759,0.8530041727895563,484.0,27.0,0.75,0.0,584.0,954.0,0.0,0.0,0.0,0.0,0.0,0.0,0.0,0.0,1.0,Baixo Risco
023677ea1e345761d7cc60eb10d59d0738834efb3f514019f5332365624c3d9a,4781400.0,RS,0.9236622465778156,0.8530041727895563,935.0,176.67567567567568,0.97,0.0488,981.0,986.0,0.0,0.0,0.0,0.0,0.0,0.0,0.0,0.0,1.0,Baixo Risco
2cff1f345c12e1db89100f59dd7fdc0dbdfae8a953aa1d5e267c6806a743a388,4742300.0,SC,0.9809182351209482,0.9555064926179644,911.0,160.5,0.9,0.0,971.0,988.0,0.0,0.0,0.0,0.0,0.0,0.0,0.0,0.0,1.0,Baixo Risco
bf0e84490fd703d22000dfdc1b64dca74598be9c84e960170b9a42317562bf15,2062200.0,RN,0.7960475542076069,0.843855522825117,654.0,105.70967741935485,0.91,0.42398,260.0,986.0,0.0,0.0,0.0,0.0,0.0,0.0,0.0,0.0,1.0,Baixo Risco
7fba6ab62146715b1e017d204f02e2a2ebc09d78c314c8f692cf437c2e79161f,1822999.0,SP,0.0823096066741162,0.8530041727895563,55.0,122.23076923076924,0.12,0.1461,69.0,519.0,1.0,2946.66,2946.66,1.0,1.0,0.0,0.0,35.0,1.0,Baixo Risco
dfb5303668ef6fd83af24b6e37ff511b50a8417dd229ce989cb5e9ab6faba9eb,4541206.0,RN,0.05,0.8530041727895563,438.0,175.0,0.93,0.64122,576.0,657.0,0.0,0.0,0.0,0.0,0.0,0.0,0.0,0.0,1.0,Baixo Risco
b12a224e98b5b2597c08c85fdf1fb30361d1ac0e062549c5b769afe53ca913ed,4771701.0,PR,0.9540500974293364,0.8530041727895563,939.0,25.666666666666668,0.99,0.00455,983.0,988.0,0.0,0.0,0.0,0.0,0.0,0.0,0.0,0.0,1.0,Baixo Risco
a2cd2f19c971fc000ae86c577843885842e3c298453727a22174482f960b6b10,4661300.0,MT,0.4684762340779244,0.4828303943864919,403.0,152.377151799687,0.87,0.15035,475.0,983.0,1.0,45000.0,45000.0,1.0,1.0,0.0,0.0,477.0,1.0,Baixo Risco
a283cc5e114715927ef358be9106e28becb9a3933b00634116cae3a8f08757fb,1011201.0,GO,0.4385452141695924,1.0,733.0,194.8590308370044,0.88,0.01467,962.0,988.0,104.0,129309.0,126508.26,0.7115384615384616,0.18269230769230768,0.0,2800.7399999999993,13.028846153846153,1.0,Baixo Risco
c6ed9f988b1356dcbc498678e921d03bedb8fb4a9691d568f2361b91404102a2,1412601.0,SP,0.7499322501289039,0.939843091151954,858.0,210.16666666666663,0.94,0.0,979.0,986.0,0.0,0.0,0.0,0.0,0.0,0.0,0.0,0.0,1.0,Baixo Risco
d625c9c263d2ee24fc074504d865dcd05780f2ce474c8344b7696b3879698db6,5611201.0,GO,0.9555526583887656,0.8530041727895563,787.0,181.83333333333331,0.91,0.02419,973.0,988.0,0.0,0.0,0.0,0.0,0.0,0.0,0.0,0.0,1.0,Baixo Risco
f6ba0cfcf63ab90b4895b8bdf2dfce584ab02c5d6b875116f7d7ba470bc7c902,4771701.0,PR,0.2890492372300084,0.8530041727895563,355.0,97.37037037037037,0.75,0.62582,22.0,859.0,0.0,0.0,0.0,0.0,0.0,0.0,0.0,0.0,1.0,Baixo Risco
6486bb837c9bc6df5d21249f8ff0967a3ecd08e73c6361aa421eba3537b20751,4781400.0,MG,0.7673881956214685,0.8530041727895563,485.0,126.66666666666669,0.93,0.0,893.0,986.0,0.0,0.0,0.0,0.0,0.0,0.0,0.0,0.0,1.0,Baixo Risco
acf8564666f6d59610930da8790764e872a51afc841f4b6e9c4a539f749febe0,4530703.0,SP,0.9230151947274936,0.8530041727895563,865.0,237.26,0.96,0.04382,978.0,988.0,0.0,0.0,0.0,0.0,0.0,0.0,0.0,0.0,1.0,Baixo Risco
beeaffea750df82f73879bdd0194ea75bc4d3adbf64ad628ccf6860994a04c16,4744099.0,SP,0.9704386054301232,0.8055742712368106,936.0,213.0,0.98,0.0,982.0,988.0,0.0,0.0,0.0,0.0,0.0,0.0,0.0,0.0,1.0,Baixo Risco
7b9d256eb7bdfc36d63631e6742a259a57ead4d96c9edf45b6ec8e3fbbd12384,4520001.0,Sem Info,0.5182227826174333,0.7932500107089423,225.0,133.5,0.38,0.0,435.0,877.0,2.0,1050.0,1050.0,0.0,0.0,0.0,0.0,28.0,1.0,Baixo Risco
fd4741b5b8df0000547302de61902ad1053b382ca75aaad6abdf20739231bab4,4781400.0,SP,0.8187859841164941,0.8530041727895563,907.0,165.4,0.93,0.0,961.0,989.0,0.0,0.0,0.0,0.0,0.0,0.0,0.0,0.0,1.0,Baixo Risco
7530b8afbe6cfc37ca70b3f892b5db19fcfb3aa4e62861ab2f728027bbcba0c7,4742300.0,SC,0.4223687316124587,0.5950155738598591,934.0,262.85714285714283,0.89,0.0,978.0,987.0,0.0,0.0,0.0,0.0,0.0,0.0,0.0,0.0,1.0,Baixo Risco
0de9a9e69841022d2d4af5a23db807ef74071969eb9231f43021fc0807844e1a,8219901.0,SP,0.9043331058053043,0.9219757604894468,907.0,188.8571428571429,0.92,0.26227,979.0,988.0,0.0,0.0,0.0,0.0,0.0,0.0,0.0,0.0,1.0,Baixo Risco
2216402a5e84d3ad387c8f83bfa9f5d928a96c8c3fd6852583563de4d7c6fa9c,3314711.0,SP,0.857456229738574,0.9897165186987968,883.0,152.3,0.93,0.0,947.0,986.0,0.0,0.0,0.0,0.0,0.0,0.0,0.0,0.0,1.0,Baixo Risco
e5dc75c5a56cea8cd9d3b0dd16f9eb0f0accd744dc8e429796dd4b7df9c76ff1,4771701.0,PR,0.9931644864262256,0.8530041727895563,950.0,240.3571428571429,0.98,0.0,980.0,988.0,0.0,0.0,0.0,0.0,0.0,0.0,0.0,0.0,1.0,Baixo Risco
0ccc0e2d13058d47d4c6ccd85677fd6d666036866b30bd5db78034745f15642e,4781400.0,SP,0.85554066456303,0.8530041727895563,950.0,269.5,0.97,0.0,932.0,986.0,0.0,0.0,0.0,0.0,0.0,0.0,0.0,0.0,1.0,Baixo Risco
93088a09c57fa4bd31d2e67acd39d0499769c7d8dea9c120c8e9fac50c0a3958,4649405.0,ES,0.9446576010362966,0.8530041727895563,938.0,249.21052631578948,0.96,0.0,983.0,988.0,0.0,0.0,0.0,0.0,0.0,0.0,0.0,0.0,1.0,Baixo Risco
4853150a3f6104206fcaf2a8d714802119f1fc3d3cdfe1cdd9fe53bc65d61fcb,4742300.0,SC,1.0,0.803292136947326,951.0,281.0,0.96,0.0,982.0,988.0,0.0,0.0,0.0,0.0,0.0,0.0,0.0,0.0,1.0,Baixo Risco
320e7c08b9b8f7a8bed9ddee58e605207a73cf8d98d29ec83a88ab754ff2e150,4771701.0,PR,0.9794243231065844,1.0,950.0,218.01052631578943,0.98,0.02895,983.0,988.0,0.0,0.0,0.0,0.0,0.0,0.0,0.0,0.0,1.0,Baixo Risco
8c08720aec1acb13141b3cf014e7662ec47d336ef887a4a8457d475087624fbd,4712100.0,GO,0.8583281078701062,0.8530041727895563,949.0,171.92857142857142,0.94,0.60111,973.0,986.0,0.0,0.0,0.0,0.0,0.0,0.0,0.0,0.0,1.0,Baixo Risco
046dc19657e5ef9b348518f2eba12b7b3f4fc8179d5eb5c38ecd68e6dfb185d2,4744003.0,MG,0.9636709332676896,0.7388382595421147,929.0,250.0,0.85,0.0,955.0,986.0,0.0,0.0,0.0,0.0,0.0,0.0,0.0,0.0,1.0,Baixo Risco
a45c0495222040980c591379cd591d8ced5f5e8f1a03175b598bb85442484242,4712100.0,PR,1.0,0.8530041727895563,966.0,297.3333333333333,0.99,0.0,977.0,988.0,0.0,0.0,0.0,0.0,0.0,0.0,0.0,0.0,1.0,Baixo Risco
0ec5ef38734f42be198f49fa1be90df822e775f676ad2cbf539e6b7c46d790a4,5611201.0,SP,0.9974229104514492,0.8530041727895563,944.0,216.78571428571428,0.95,0.0,980.0,988.0,0.0,0.0,0.0,0.0,0.0,0.0,0.0,0.0,1.0,Baixo Risco
4d26eba426d4712841b19008d67418fd38bad825f50edbc331912b0a86f40378,1353700.0,SP,0.6103956584065999,1.0,910.0,175.47058823529412,0.98,0.0,974.0,988.0,1.0,408.74,408.74,0.0,0.0,0.0,0.0,30.0,1.0,Baixo Risco
8a548001a9633d2972ddd0c8f0eecffa39235d593c5a3c03d85c6f4afb6c50bd,8610102.0,RJ,0.3975461229426902,0.8530041727895563,162.0,69.17948717948718,0.79,0.1472,69.0,946.0,1.0,696966.26,0.0,0.0,0.0,0.0,696966.26,112.0,1.0,Baixo Risco
5a5f0ee3c238d2b2c575aa887ffd0ccf4dcbe5b22a473bd3ceff10e1fc4873e4,2941700.0,SC,0.408763103554306,0.9970734077083542,258.0,88.24909747292419,0.58,0.13306,768.0,988.0,0.0,0.0,0.0,0.0,0.0,0.0,0.0,0.0,1.0,Baixo Risco
b78cecdf1aaef96e5297d9c289afc8210b5ac5390d0f2e0d702e7e31160ea20f,4771702.0,PR,0.9672853907055567,0.8530041727895563,931.0,160.8,0.96,0.05481,971.0,987.0,0.0,0.0,0.0,0.0,0.0,0.0,0.0,0.0,1.0,Baixo Risco
7c37380fc445b1b588d80b586b160d8371a9a8217d6b9b8b58c085a0d883906b,4781400.0,AC,0.1508978427936757,0.8530041727895563,321.0,45.0,0.75,0.0,543.0,942.0,0.0,0.0,0.0,0.0,0.0,0.0,0.0,0.0,1.0,Baixo Risco
dcaed34a0253222b1f2a4207eceab53902f4c89d7e2ca7b851360d6096cf668c,4322302.0,SP,0.9102989105133418,1.0,945.0,222.6875,0.95,0.00028,982.0,988.0,0.0,0.0,0.0,0.0,0.0,0.0,0.0,0.0,1.0,Baixo Risco
1ea897fb10958958d104b8529deefe3ca1f747b9aa42ffe71e41bc1a6581a254,4712100.0,GO,0.9899177013418862,0.8530041727895563,958.0,178.6875,0.98,0.0,980.0,988.0,0.0,0.0,0.0,0.0,0.0,0.0,0.0,0.0,1.0,Baixo Risco
14d2900c0528b12337a2d2c089f3f5878985617182acd6b32dbdf2d5ee7ad98a,4754703.0,SC,0.9950297319231932,0.7009079265930285,890.0,24.0,0.93,0.0,973.0,988.0,0.0,0.0,0.0,0.0,0.0,0.0,0.0,0.0,1.0,Baixo Risco
9707c99af6ca1d9f6084136e52ff9355c71b4b0c2575cd4c141280df74a91052,4754702.0,SP,0.9814984334361312,0.8530041727895563,932.0,219.53846153846155,0.95,0.04714,978.0,988.0,0.0,0.0,0.0,0.0,0.0,0.0,0.0,0.0,1.0,Baixo Risco
51dfc76129469c512a725272e9e74d6089e513e5bfe254b6b20aab1ed2b8dd37,4712100.0,SP,0.949989429277736,0.8530041727895563,904.0,258.5,0.85,0.0,709.0,984.0,0.0,0.0,0.0,0.0,0.0,0.0,0.0,0.0,1.0,Baixo Risco
db30b039290cb777e8d5d90823d5309edcc02182f10fc0d40426f2cfeaf85bb8,4771701.0,BA,0.4075520369419553,0.8530041727895563,919.0,148.40740740740742,0.96,0.00774,978.0,987.0,0.0,0.0,0.0,0.0,0.0,0.0,0.0,0.0,1.0,Baixo Risco
8623753105b0101c90e33925372268367a91d8704e1770128d002b30d12680cb,4691500.0,GO,0.938955241315612,0.6685448339554759,931.0,192.45955882352945,0.97,0.06146,983.0,989.0,0.0,0.0,0.0,0.0,0.0,0.0,0.0,0.0,1.0,Baixo Risco
2aa1c32cbbbaa1f4de4ae750350fe8831e4f31cfea6ce29826acb9133f3bbb00,4684299.0,SP,0.9821345894520116,0.9935751179993064,965.0,178.33333333333334,0.98,0.0,981.0,988.0,2.0,388411.31000000006,388411.31000000006,0.0,0.0,0.0,0.0,3.0,1.0,Baixo Risco
90cbb42348822966a3120511a5b144bfd475b8318a5b7cfd4a4961e8b250b88b,4755502.0,PE,0.9630330838979017,0.2500001172925758,856.0,0.0,0.8,0.0,973.0,989.0,0.0,0.0,0.0,0.0,0.0,0.0,0.0,0.0,1.0,Baixo Risco
44965f1f5993b82c3af6512e5c793ede6438c73a98a725355eee68d722af653a,4644301.0,Sem Info,0.2223706685171322,0.5276413936390673,526.0,67.23856209150327,0.77,0.21027,162.0,919.0,1.0,714.1,661.3,0.0,0.0,0.0,52.80000000000007,29.0,1.0,Baixo Risco
018001ff9503f4bdde07941cb37f6fa193eabd02186b52c5d6a964df32589179,4771701.0,PR,0.7614058189396896,0.8530041727895563,598.0,117.7948717948718,0.92,0.24552,634.0,985.0,0.0,0.0,0.0,0.0,0.0,0.0,0.0,0.0,1.0,Baixo Risco
e592134478f9be9ec9ec99f21057dc0480a5ce89fc83cd10a130fdfa992dac00,4120400.0,SP,0.5974589460662857,1.0,250.0,110.74814814814816,0.67,0.00579,825.0,982.0,2.0,95414.18,95414.18,0.0,0.0,0.0,0.0,487.5,1.0,Baixo Risco
8fb42028cca06cb0c049a2c2c8059d1737022d8ba649ccfa78519f79a0e21029,4771701.0,PR,0.9775260660428466,0.5618998146843662,923.0,201.63372093023256,0.95,0.03927,968.0,984.0,0.0,0.0,0.0,0.0,0.0,0.0,0.0,0.0,1.0,Baixo Risco
516dc2bd517b327c410ad1a2d344f88972464dd46b02107d04f6c6c5fb9bda80,4782201.0,SP,0.1136194962847363,0.8530041727895563,293.0,72.8896103896104,0.79,0.33252,113.0,918.0,0.0,0.0,0.0,0.0,0.0,0.0,0.0,0.0,1.0,Baixo Risco
32d39f3f5fea3a940605b346ecea4583f505e81c3fed975a5a3271b53d47eda0,4771701.0,SP,0.953111714377944,0.8530041727895563,964.0,263.15,0.98,0.04901,973.0,988.0,0.0,0.0,0.0,0.0,0.0,0.0,0.0,0.0,1.0,Baixo Risco
3cb87febc4d79c0fbb75f6a6fe7a9b4f9ca66d5991b1215b2743c625d1a907b7,4712100.0,SC,0.9490952661604454,1.0,920.0,232.59615384615384,0.98,0.00357,963.0,989.0,0.0,0.0,0.0,0.0,0.0,0.0,0.0,0.0,1.0,Baixo Risco
58a3e39d694c010001a0ac90b139cf3500b89abccc6f5325a710b7c76be86036,4744099.0,SC,0.994473167047333,0.4996539284686036,958.0,223.6379310344828,0.97,0.0,982.0,989.0,0.0,0.0,0.0,0.0,0.0,0.0,0.0,0.0,1.0,Baixo Risco
3c5264698d940e5372b8857e22a73751e785ed92ea4cb672fcd9eab515299b92,8211300.0,MG,0.9767046158382516,0.9468342321095584,865.0,68.25,0.84,0.0,903.0,984.0,1.0,14000.26,0.0,2.0,1.0,0.0,14000.26,44.0,1.0,Baixo Risco
85d41ebb6057a054adb44b22593befc74120e38c98d1c37d6b50b2719015ec10,4731800.0,SP,0.9994280683327312,0.8575996923910129,863.0,236.54285714285717,0.96,0.0019,953.0,988.0,0.0,0.0,0.0,0.0,0.0,0.0,0.0,0.0,1.0,Baixo Risco
d1690c733b18f1f70c0593dcd5f05adf9379a28a7ca6a05bf6e720a91f33a158,4755502.0,SP,0.9793412681056916,0.8530041727895563,946.0,232.3,0.94,0.0,973.0,988.0,0.0,0.0,0.0,0.0,0.0,0.0,0.0,0.0,1.0,Baixo Risco
e1453f78a7544a74fe39646fc8dbe6ade6a7c4424b458720585f051762dcd157,2949299.0,SP,0.4664856634662601,0.8530041727895563,407.0,68.98479228486647,0.96,0.17516,978.0,987.0,0.0,0.0,0.0,0.0,0.0,0.0,0.0,0.0,1.0,Baixo Risco
246e6746d066ecd45d398bae7c33abea74ca6e7ebf19884b0341a78f890dc7b2,4639701.0,SP,0.8463691822876593,0.9805458964984892,894.0,183.5,0.77,0.27685,909.0,984.0,1.0,780.4,814.2,7.0,1.0,0.0,-33.80000000000007,36.0,1.0,Baixo Risco
3fdaa2c34a9b1043e53d79641a4c64ce544609f4ed1e353e46c1a97010dfdb39,2031200.0,SP,0.7941104719958972,0.5,759.0,215.08695652173915,0.89,0.21538,363.0,973.0,1.0,1579.6,1579.6,0.0,0.0,0.0,0.0,60.0,1.0,Baixo Risco
847a0472fb1df8e23b0476c07b8eb1bb4b4357590e4c526c0f13c07a1fe2d483,3240099.0,SP,0.8306386790357557,0.7461647130518999,872.0,198.48809523809524,0.94,0.11021,946.0,982.0,1.0,3877.6,3877.6,0.0,0.0,0.0,0.0,57.0,1.0,Baixo Risco
e0934ea189d500dcf6258a946b8318cd5a38c351af7dcfe35330cc8f27c85634,4781400.0,SP,0.9869529729381004,0.8530041727895563,960.0,209.25,0.96,0.0,974.0,986.0,0.0,0.0,0.0,0.0,0.0,0.0,0.0,0.0,1.0,Baixo Risco
618fba835e4cb645147651b5f06e42340c5113edfc57f348b2eebdc201f86f86,2229302.0,SP,0.9453902995735162,0.5790474931865863,958.0,266.59375,0.96,0.20131,981.0,989.0,0.0,0.0,0.0,0.0,0.0,0.0,0.0,0.0,1.0,Baixo Risco
054e051830e363c00cc1b88e6e9d7651ad75e0dba49e3753b03d72e98f5d2f43,2733300.0,Sem Info,0.9975295409471644,0.8530041727895563,934.0,235.7826086956522,0.97,0.0,981.0,986.0,0.0,0.0,0.0,0.0,0.0,0.0,0.0,0.0,1.0,Baixo Risco
459c9b0052ea7469c5fae1fd2b7f4b0678d77f1a249e9e76d767651265866fea,2852600.0,SP,0.9763112026909108,0.9674738785086788,958.0,243.74666666666667,0.98,0.00047,981.0,989.0,0.0,0.0,0.0,0.0,0.0,0.0,0.0,0.0,1.0,Baixo Risco
9f30fae6c9f75b287c0eee784d9d820f98507ee0f0010b484a3c55c6aa7541b8,4771701.0,SP,0.9626745579909496,0.8530041727895563,944.0,209.8275862068965,0.97,0.06321,975.0,988.0,0.0,0.0,0.0,0.0,0.0,0.0,0.0,0.0,1.0,Baixo Risco
b91bba99002d1fd04daba6c0b2aa15cc9ffa90d8a5baa9f60b8ba60daf0f2d1a,4782201.0,SP,0.3217512664564294,0.8530041727895563,149.0,57.7710843373494,0.69,0.09868,78.0,975.0,0.0,0.0,0.0,0.0,0.0,0.0,0.0,0.0,1.0,Baixo Risco
e31868fb99bf9e359b6b6522a37185a281786099a8e3bd286fe832e42bada72e,2099199.0,AL,0.2255956396763481,0.3744934619687101,63.0,59.020833333333336,0.38,0.54646,97.0,972.0,1.0,17100.0,17100.0,1.0,1.0,0.0,0.0,31.0,1.0,Baixo Risco
c3d6cbd457eb296542e4d323d2af55819dcb01f2f3007f2750496721b278f15a,4711302.0,GO,0.9798462967000016,0.7688366466256993,946.0,211.1030303030303,0.97,0.01616,983.0,987.0,0.0,0.0,0.0,0.0,0.0,0.0,0.0,0.0,1.0,Baixo Risco
e827168dbfce426dae95865e3e9776a03dfb2738052a225e98a3dcc700badc99,1412601.0,RS,0.9149196475199834,0.8530041727895563,940.0,113.4,0.93,0.00387,977.0,989.0,0.0,0.0,0.0,0.0,0.0,0.0,0.0,0.0,1.0,Baixo Risco
0005d5a4788b6928107f7dd9589bdb461ba489f0be57fb466474ae505d726057,4672900.0,RJ,0.9930837965826892,0.8097554487596688,965.0,249.13333333333333,0.96,0.0,982.0,988.0,2.0,17350.1,17350.1,0.5,0.5,0.0,0.0,45.5,1.0,Baixo Risco
473751e582e04ea39238a6cdff41a6eff17a0877c025ac2e5c3361b418c7433e,4771701.0,PR,0.9592258061101306,0.8530041727895563,963.0,245.0,0.98,0.0,983.0,989.0,0.0,0.0,0.0,0.0,0.0,0.0,0.0,0.0,1.0,Baixo Risco
90105194a2d46b08c187024f35749dfa4c757c6f48081addd8ad9e824c93e291,4530705.0,SP,0.790900168178389,0.8433528719360783,938.0,298.85714285714283,0.92,0.0,964.0,986.0,0.0,0.0,0.0,0.0,0.0,0.0,0.0,0.0,1.0,Baixo Risco
bdac5566e44ff0a8438319c1c16a9bbfd6e153993155416c28cb757089dfa138,4781400.0,SC,0.5170089183355199,0.8530041727895563,487.0,193.14285714285717,0.87,0.0,915.0,986.0,0.0,0.0,0.0,0.0,0.0,0.0,0.0,0.0,1.0,Baixo Risco
b27bdcc3776a9af4482cc39d7868553e16804f7629a777843b047a4cbf83d911,4782201.0,SP,1.0,0.8530041727895563,962.0,270.22222222222223,0.99,0.0,982.0,989.0,0.0,0.0,0.0,0.0,0.0,0.0,0.0,0.0,1.0,Baixo Risco
153926c5e3cc690400dd19ea4932af80178f71f7a3adbb9d814a6d273e1f6e43,4771701.0,PR,0.9906200453300882,0.8530041727895563,946.0,251.48,0.98,0.0,983.0,986.0,0.0,0.0,0.0,0.0,0.0,0.0,0.0,0.0,1.0,Baixo Risco
207111497aeb1361a8cc9035d1fc7989db5d84e4e264bda97e3fcf404fb567d4,4771701.0,PR,0.9939981891253395,0.8530041727895563,939.0,219.75,0.99,0.0,985.0,989.0,0.0,0.0,0.0,0.0,0.0,0.0,0.0,0.0,1.0,Baixo Risco
29f54c65885854791f399e70e997c4f8a05c364320a906ceba6dce105578da3a,1412601.0,Sem Info,0.4080403213902436,0.231709061404074,363.0,96.19852941176472,0.76,0.20883,83.0,963.0,1.0,579.36,0.0,98.0,1.0,0.0,579.36,245.0,1.0,Baixo Risco
c9d0bb14045e2546a60e6344258a5e98a2a600b97452c6364b53dcb16d76ffe1,4771701.0,PR,0.9401052311482034,1.0,963.0,184.55555555555557,0.98,0.0,981.0,988.0,0.0,0.0,0.0,0.0,0.0,0.0,0.0,0.0,1.0,Baixo Risco
2c77827e29e33b3f088560aa440e216ebcf004706a788de76b47e886ad74614d,2532201.0,Sem Info,0.8351549009723939,0.8699256602205604,894.0,118.83333333333331,0.87,0.04381,965.0,986.0,1.0,575.0,575.0,1.0,1.0,0.0,0.0,36.0,1.0,Baixo Risco
dd6e1d03ca1c37a99e3cf3ddb9d7053515ccdb8e114690b06e092bf492059c72,4686902.0,SP,0.9730172723094,0.8855302679282377,951.0,225.2,0.98,0.0,982.0,988.0,0.0,0.0,0.0,0.0,0.0,0.0,0.0,0.0,1.0,Baixo Risco
a9757c045dbbbcf5aff66300cd6cf8d43929e43802f8b56cac29cbefdf6566ca,8610101.0,PR,0.8297337521174705,0.9153023298264064,932.0,178.13235294117646,0.96,0.24913,979.0,988.0,0.0,0.0,0.0,0.0,0.0,0.0,0.0,0.0,1.0,Baixo Risco
8926cb7d29759d7d5d136412b3d127333881111040eb91c4d13a06f58d55f760,1052000.0,SC,0.5362063437209854,0.8721100789442838,123.0,113.06582840236686,0.57,0.03304,119.0,985.0,0.0,0.0,0.0,0.0,0.0,0.0,0.0,0.0,1.0,Baixo Risco
3c2b0c77e0e2f631a615d0f8f3fb228eac8920f21dca38d7ecf5fb28469ec3b5,2733300.0,Sem Info,0.6224640812551674,0.7462887715772097,604.0,121.21969696969695,0.87,0.19355,934.0,989.0,10.0,85245.15,79150.83,0.1,0.1,0.1,6094.32,28.9,1.0,Baixo Risco
c16f1f7e73d885ad2efe3668252ddbc86f7b15c1c4927246b2e9cc1e2498f2b0,2451200.0,SC,0.5901911435528199,0.8530041727895563,545.0,211.377358490566,0.81,0.07818,656.0,894.0,3.0,11250.259999999998,11250.259999999998,0.0,0.0,0.0,0.0,39.0,1.0,Baixo Risco
f4ec8335ef23ba6083480041223766beab069b6b37c02a592af279271e1bb83f,2813500.0,Sem Info,0.6216172134275065,0.4772804449995026,680.0,113.94285714285714,0.82,0.49144,964.0,987.0,1.0,2419.77,2419.77,0.0,0.0,0.0,0.0,33.0,1.0,Baixo Risco
4e71a3375df9ac2a8fa6ad4b61fc9a26fcdc1df72cf69a783b29a9a7a23cf2a4,4781400.0,SC,0.8958146076497671,0.8530041727895563,950.0,192.70833333333331,0.96,0.29963,982.0,988.0,0.0,0.0,0.0,0.0,0.0,0.0,0.0,0.0,1.0,Baixo Risco
9acad1e8e9a45c44e9b869ad73bcb00c4f710f27bbd5252d016c864512f7e551,1621800.0,PR,0.7855499703430698,0.957173712578549,605.0,108.29139072847684,0.8,0.09537,956.0,988.0,0.0,0.0,0.0,0.0,0.0,0.0,0.0,0.0,1.0,Baixo Risco
1169dea74ac39dbc93dbf6037703ee868c8e98a81e4382592b67983ad01b3ac9,1721400.0,SC,0.4631933177644736,0.5409250651903843,206.0,86.93961218836566,0.6,0.22877,251.0,985.0,0.0,0.0,0.0,0.0,0.0,0.0,0.0,0.0,1.0,Baixo Risco
38aa159485b3709c42f031d500ff762e3907b6aa3f9466bdb84144d51c52476c,2441502.0,SP,0.421659619661319,0.6940997843985784,965.0,248.13333333333333,0.97,0.0,983.0,989.0,0.0,0.0,0.0,0.0,0.0,0.0,0.0,0.0,1.0,Baixo Risco
c1044deada7e7ec07df38669a006e99c53466dae90d38cfd29eaa53d8ca42963,134200.0,SP,0.9172430103208068,0.8530041727895563,883.0,250.77777777777777,0.87,0.0,974.0,988.0,0.0,0.0,0.0,0.0,0.0,0.0,0.0,0.0,1.0,Baixo Risco
b34a994dc3382795bb71fd23813dc98b497f7a43886e6b494c8b011b53352d8f,4744099.0,RR,0.9716208232726996,0.7832155679734185,965.0,258.2242990654205,0.96,0.00018,978.0,988.0,0.0,0.0,0.0,0.0,0.0,0.0,0.0,0.0,1.0,Baixo Risco
af27d8045a58db3ab31049d49b9025e87e110602e8344aee8bf050b2d5aca0dd,2222600.0,SP,0.1814723967969665,0.5144193681718934,406.0,82.64864864864865,0.86,0.67171,175.0,923.0,1.0,766.28,766.28,0.0,0.0,0.0,0.0,42.0,1.0,Baixo Risco
6ffab91d520934011b6a46afd3b1c694c09acf2caa7fd9e57d4cc449ee547e87,4771701.0,PR,0.971034734483096,0.8530041727895563,964.0,225.83333333333331,0.97,0.00571,973.0,989.0,0.0,0.0,0.0,0.0,0.0,0.0,0.0,0.0,1.0,Baixo Risco
526874d3de6c6b7757aab55e27527aaf0d9fc44d76c440a5d82189e6f7be3de6,1095300.0,SP,0.8709631921110467,0.9368954986094928,792.0,114.6086956521739,0.93,0.00644,974.0,988.0,5.0,86384.36,86384.36,0.6,0.4,0.0,0.0,46.6,1.0,Baixo Risco
11f269ad5d634bebdb997d5c76d826b43fe79acd02903ce6b4f181dec95c3bba,4781400.0,PI,0.8500789144229655,0.8530041727895563,845.0,271.1,0.78,0.13862,741.0,978.0,0.0,0.0,0.0,0.0,0.0,0.0,0.0,0.0,1.0,Baixo Risco
25d42d91f7e338860582c2f0ae178dfad7157d029fcb41fe6d29283c5d465fda,4781400.0,BA,0.534364498489252,0.8530041727895563,537.0,294.5,0.88,0.0,352.0,960.0,0.0,0.0,0.0,0.0,0.0,0.0,0.0,0.0,1.0,Baixo Risco
c433f6fc018538fc2da18b9bc749265c7289d33b75f2dba2d801e1babdc01577,4691500.0,SP,0.9588050116704662,0.0587689376621555,949.0,226.2396166134185,0.96,0.04121,977.0,989.0,0.0,0.0,0.0,0.0,0.0,0.0,0.0,0.0,1.0,Baixo Risco
9ddaa54939184433b81de7ec7d265ace43d932fae32c2177193111d354c06fcf,1621800.0,SP,0.5442403081195731,0.9651162191212268,803.0,136.61111111111111,0.86,0.39405,899.0,986.0,1.0,8722.96,8722.96,0.0,0.0,0.0,0.0,28.0,1.0,Baixo Risco
da06a676f34148efe74c4b8c0598a5a5c78e9d099d40f9bed79927aba5d1a08d,1531901.0,Sem Info,0.4507027752163552,0.3733990925550731,177.0,97.69767441860463,0.74,0.25214,57.0,948.0,1.0,2360.2,0.0,68.0,1.0,0.0,2360.2,123.0,1.0,Baixo Risco
69e3c6fbd5c63a07435c9091b0a8eb90793cac788222f193ea8ce94f4da1a317,2449199.0,RS,0.9831161452010164,0.9228196940745084,883.0,210.44444444444449,0.94,0.02426,972.0,988.0,2.0,1097.28,1097.28,0.0,0.0,0.0,0.0,30.5,1.0,Baixo Risco
7df1310db69fa246e2a794995a961bddf7a9ec9c8f15ac3d40f675bb77b6c4a9,2543800.0,RS,0.9965702228289328,0.8530041727895563,960.0,250.47619047619048,0.97,0.0,981.0,988.0,0.0,0.0,0.0,0.0,0.0,0.0,0.0,0.0,1.0,Baixo Risco
f171edf576e2cafeeec2417e11aa21547163ba72a20e6262b4a156bf0c13a041,4729699.0,RS,0.9903523136294964,0.6601281518578854,960.0,249.74789915966383,0.98,0.03748,982.0,988.0,0.0,0.0,0.0,0.0,0.0,0.0,0.0,0.0,1.0,Baixo Risco
f933768926906b6928057bce1b5893dac39950d4bf2d9f504b388c2c0d603d75,2212900.0,PR,0.1449554422707192,0.8514288670539748,292.0,136.41093117408906,0.72,0.05258,69.0,861.0,3.0,17615.0,17615.0,0.3333333333333333,0.3333333333333333,0.0,0.0,43.333333333333336,1.0,Baixo Risco
80f4c123d98caf89a5a0f679cea38bfe08cf15741194247cae142b7eb1aa39b0,4771701.0,PR,0.9794206391457932,0.8530041727895563,950.0,212.72093023255812,0.97,0.02223,982.0,989.0,0.0,0.0,0.0,0.0,0.0,0.0,0.0,0.0,1.0,Baixo Risco
0934918edbd4b6a3776487973261dbd1f57afd3375f403a7954aadd3f1ae4ebc,3831901.0,SP,0.7654362102708544,0.8530041727895563,686.0,163.83333333333334,0.88,0.0,945.0,984.0,2.0,2364.7799999999997,2364.7799999999997,0.0,0.0,0.0,0.0,46.0,1.0,Baixo Risco
2f2cca29cce48e87ada948a837c0f321f1b5531efefd5f4e2101a62ae2f50b1f,1540800.0,RS,0.9900367072456492,0.9921594952597168,938.0,251.27272727272728,0.97,0.0,978.0,989.0,0.0,0.0,0.0,0.0,0.0,0.0,0.0,0.0,1.0,Baixo Risco
88f7045699a5aad48f9958c2c0dabc4c192fb3340115d82099cdc3aeffb7b2fe,4729699.0,RS,0.7438458076413834,0.8635742026669333,507.0,136.85714285714286,0.75,0.16889,908.0,986.0,0.0,0.0,0.0,0.0,0.0,0.0,0.0,0.0,1.0,Baixo Risco
20ec4e513e2d049267b131322a1b329b17f94c9038ca68081b97dbb8a95ce9a6,8630504.0,SP,0.3976755555582962,0.8530041727895563,576.0,106.33333333333331,0.55,0.0563,719.0,981.0,0.0,0.0,0.0,0.0,0.0,0.0,0.0,0.0,1.0,Baixo Risco
8fad45ffb3d83c719ebdc303e3c0df409a43fb997749f6968f3c9009054a3b0f,2631100.0,SP,0.9124308086784708,0.9502964734097508,956.0,240.2328767123288,0.94,0.00046,974.0,989.0,1.0,96163.62,96163.62,2.0,1.0,0.0,0.0,60.0,1.0,Baixo Risco
a734e7a28adaf52a7043a76585ff564032121772e0bda786283fb569b3221055,2071100.0,PB,0.9462243283519932,0.7587117188417877,909.0,209.0952380952381,0.87,0.0,973.0,989.0,3.0,679.69,679.69,1.3333333333333333,0.6666666666666666,0.0,0.0,81.0,1.0,Baixo Risco
0427016f184de570f9d6f115776b50ab961b1b547c352330c2efbf30df95f96c,4771704.0,RS,0.9910323140095186,0.8530041727895563,938.0,229.0,0.96,0.0,984.0,989.0,0.0,0.0,0.0,0.0,0.0,0.0,0.0,0.0,1.0,Baixo Risco
09d5a87fc48c7cf50a02d9c16480824d2a05c8393a9429ca5d9a5b58f148fc9b,4782201.0,SE,0.9377657776838288,0.8530041727895563,941.0,261.4807692307692,0.98,0.0,970.0,988.0,0.0,0.0,0.0,0.0,0.0,0.0,0.0,0.0,1.0,Baixo Risco
1915940ecd25067823ce5482794a71b76c82a371d4e388281b9fbaa83b542b98,4761003.0,RJ,0.9719172105263214,0.8530041727895563,961.0,162.77272727272728,0.97,0.00507,983.0,989.0,0.0,0.0,0.0,0.0,0.0,0.0,0.0,0.0,1.0,Baixo Risco
3c457a0f9e95446d0035279840a2e5a75d8b38726da4da0f4252fd278f36a5dc,4711302.0,RS,0.9416780492581344,0.9051571329694188,963.0,248.55737704918036,0.96,0.02837,980.0,989.0,0.0,0.0,0.0,0.0,0.0,0.0,0.0,0.0,1.0,Baixo Risco
af86d96c88103c7c8acddfcaa7e40d619b7a153cc0b5369fba70926e453bd105,2452100.0,SP,0.7408396701436774,1.0,781.0,110.2875,0.77,0.02896,966.0,988.0,17.0,506292.45,506292.45,0.0,0.0,0.0,0.0,50.8235294117647,1.0,Baixo Risco
71c22c37f9087885f871b974cd0baf94e5d02d6d7b100661d5969b7ce706f2b8,2229399.0,SP,0.05,0.8530041727895563,52.0,159.42857142857142,0.15,0.04889,88.0,661.0,1.0,2936.0,2936.0,1.0,1.0,0.0,0.0,43.0,1.0,Baixo Risco
02c357a53273f65c88bccb76fe4b754923445f0fc0bcffec55bc1611f26257eb,4781400.0,RS,0.9475772071876972,0.8530041727895563,907.0,275.0,0.98,0.0,971.0,987.0,0.0,0.0,0.0,0.0,0.0,0.0,0.0,0.0,1.0,Baixo Risco
61594821e6f4c8007accdb8ac8b0bcdd77e9ff6fe020162932fdc4f47200e342,4771701.0,PR,0.9094429908656184,0.8530041727895563,942.0,258.6470588235294,0.97,0.0,967.0,988.0,0.0,0.0,0.0,0.0,0.0,0.0,0.0,0.0,1.0,Baixo Risco
74b50fc0e4edf32edaa3ecbbae4af1465e8608e04c53ec9fc699403de94b3a40,3291400.0,Sem Info,0.776538056242758,0.8530041727895563,749.0,279.0,0.78,0.0,944.0,976.0,2.0,1792.4,1806.96,2.0,0.5,0.0,-14.559999999999945,54.5,1.0,Baixo Risco
12ab484a26eb18e5995ac5dae27912afe044e6f2e6a79534cff5b319f3fdf6a9,2733300.0,SP,0.9959586228136974,0.9532925379106768,946.0,193.0,0.96,0.0,982.0,988.0,0.0,0.0,0.0,0.0,0.0,0.0,0.0,0.0,1.0,Baixo Risco
409ea8a2627bfa345d388fc03391d8038e21e78a6542bab94e4fe88ffe69f3b9,1099602.0,SP,0.5005694949314395,0.958143982584304,436.0,156.5177304964539,0.88,0.0158,892.0,984.0,0.0,0.0,0.0,0.0,0.0,0.0,0.0,0.0,1.0,Baixo Risco
209750632679e7ff07349ae7c182e15c45f568d33cd45374328cb79aa62b6c83,4644301.0,Sem Info,0.8993734796107015,1.0,931.0,240.92592592592592,0.96,0.0,969.0,987.0,0.0,0.0,0.0,0.0,0.0,0.0,0.0,0.0,1.0,Baixo Risco
1978f6afff75fea51b24b46bcd5bb2d1377a9340fa189bd7359d73f1e08e965e,4744099.0,SC,0.9949196055843894,0.989410956966916,932.0,246.02777777777777,0.93,0.0,979.0,989.0,0.0,0.0,0.0,0.0,0.0,0.0,0.0,0.0,1.0,Baixo Risco
020fba5bffaea666d89c2fa2d7821d262e99a456f08cce04ce019a565ac6a509,4712100.0,PR,0.8793908371520344,0.8530041727895563,964.0,219.91666666666663,0.97,0.0,983.0,987.0,0.0,0.0,0.0,0.0,0.0,0.0,0.0,0.0,1.0,Baixo Risco
e1f75b2cc6ee78699c52e3a586a78095c6f573339d6b5fce3371520342fddc93,2441502.0,PR,0.9739123389569312,0.9233952241710272,958.0,217.27027027027023,0.94,0.0072,979.0,988.0,0.0,0.0,0.0,0.0,0.0,0.0,0.0,0.0,1.0,Baixo Risco
388a225124d5e21350c3e52950d1ac779122577b8b153b28d28fdf2ec0309c44,4511102.0,RS,0.4371944155874611,0.8530041727895563,327.0,130.27777777777777,0.62,0.0,922.0,986.0,0.0,0.0,0.0,0.0,0.0,0.0,0.0,0.0,1.0,Baixo Risco
0e2a2e68f1b7e34fceee6f4401c787ebcb299469c4068679e185f5ab13ba1de3,2532201.0,SC,0.7152136478019675,0.9560531928997298,903.0,91.33333333333331,0.92,0.04462,968.0,988.0,1.0,38453.84,38453.84,0.0,0.0,0.0,0.0,30.0,1.0,Baixo Risco
c0948b7f8ad7112c64405bc97b7bd45ffd19eaee87f28df05ead4941290efe4e,4631100.0,SP,0.7527350098710612,0.9791933368058732,830.0,134.0,0.7,0.0,849.0,987.0,1.0,1400.68,1386.67,0.0,0.0,0.0,14.009999999999991,34.0,1.0,Baixo Risco
96140951a7aa467bf3da3081b5601867ca357c66aa456214e6b73d33142e8808,4761003.0,SC,0.9902089669104832,0.9965707294702028,780.0,211.33333333333331,0.9,0.0,935.0,988.0,0.0,0.0,0.0,0.0,0.0,0.0,0.0,0.0,1.0,Baixo Risco
f73c2bcb7c964e50d4f5f3098661f5fe7594a30b602e74907b7addc212c32dbb,4771701.0,PR,0.9852441117494072,0.8530041727895563,938.0,236.8985507246377,0.99,0.0,982.0,988.0,0.0,0.0,0.0,0.0,0.0,0.0,0.0,0.0,1.0,Baixo Risco
4ccfa945db6938ab57623ccc3bc1ed704e44b2c02b11ab1bbcf9171df59dc0ec,4781400.0,RS,0.3227707497297106,0.8530041727895563,111.0,102.86,0.39,0.28332,62.0,845.0,0.0,0.0,0.0,0.0,0.0,0.0,0.0,0.0,1.0,Baixo Risco
bbc534834e6cf368e1be1752db2d4db7bbba28349ebf58e753d90c523b8233fc,2541100.0,RS,0.0790842103705034,0.3552576234229031,143.0,133.68316831683168,0.48,0.14683,67.0,957.0,1.0,3406.48,0.0,0.0,0.0,0.0,3406.48,85.0,1.0,Baixo Risco
bc9774d0f38b19700452e20c6f7f99ef0acaa121ea32ab72eefa1736978382fe,4771701.0,PR,0.8628923886193717,0.6705333296136464,950.0,207.40740740740745,0.98,0.02582,980.0,988.0,0.0,0.0,0.0,0.0,0.0,0.0,0.0,0.0,1.0,Baixo Risco
f8b88dd4ed4eb4908c02821dd93903af61a6f39dbdb4cde8f87afd697d5a421d,4742300.0,SC,0.971531371156507,0.7479720550724522,929.0,206.52777777777777,0.98,0.06265,982.0,988.0,0.0,0.0,0.0,0.0,0.0,0.0,0.0,0.0,1.0,Baixo Risco
edf29b993cf92a4c52dcccee49acead204de8201805e23ea1a121d9e97148ffc,7711000.0,AM,0.2054723270126996,0.8530041727895563,46.0,73.76532137518684,0.28,0.183,53.0,968.0,3.0,527074.8400000001,81453.23,1.3333333333333333,0.6666666666666666,0.0,445621.61000000004,609.6666666666666,1.0,Baixo Risco
2ce95c8ed8e63ebdff3945741829d4ad02ccf66c27d0ed0c2daa7deb4088faeb,4771701.0,PR,0.9382258254928996,0.8530041727895563,870.0,190.65853658536585,0.91,0.12179,948.0,988.0,0.0,0.0,0.0,0.0,0.0,0.0,0.0,0.0,1.0,Baixo Risco
330926015041c544b82879f6f9ea0e9b9d6e3c236e11724dd25e501ddaf52be4,4711301.0,SP,0.7093110745073385,0.9318338398510546,855.0,195.05982905982907,0.92,0.05406,970.0,987.0,0.0,0.0,0.0,0.0,0.0,0.0,0.0,0.0,1.0,Baixo Risco
45b4452fabb935f780dc3f900ee23603053e53497c3714cdceb275add4b846e9,4729699.0,BA,0.884151404513228,0.8530041727895563,853.0,207.0,0.8,0.04226,982.0,986.0,0.0,0.0,0.0,0.0,0.0,0.0,0.0,0.0,1.0,Baixo Risco
814906ce85de60de101ea982bf7c1d583cb0f56ba4a13cdd43de53f97b6afb2e,4781400.0,SP,0.1978793491492717,0.116866350048218,180.0,47.15,0.6,0.41752,98.0,949.0,0.0,0.0,0.0,0.0,0.0,0.0,0.0,0.0,1.0,Baixo Risco
af4b928076d4e9f70764803a18a2accb1e6ee22507d106b1feddce0fd85e2004,4632003.0,SP,0.8695285695530517,0.9100470348469352,925.0,234.8617021276596,0.96,0.02065,981.0,989.0,0.0,0.0,0.0,0.0,0.0,0.0,0.0,0.0,1.0,Baixo Risco
dcbc831ec6e879e9c738ba28e42a8208a39c616de76b35aed1b9578aff16a883,4771701.0,PR,0.8607243338566478,0.3650952858575727,882.0,172.0888888888889,0.96,0.1496,966.0,988.0,0.0,0.0,0.0,0.0,0.0,0.0,0.0,0.0,1.0,Baixo Risco
ab35f663a960e2c19c6dee899bf57a4b58d4b2999d294728fc54c4e917ca4582,4712100.0,RJ,0.969284617732516,0.9121694911066736,952.0,224.08870967741936,0.96,0.0507,980.0,989.0,0.0,0.0,0.0,0.0,0.0,0.0,0.0,0.0,1.0,Baixo Risco
c40ede394f84ee499ae438920dda3bfa2904c9b8e024d8b72a984c418a97e92f,2319200.0,PR,0.9649253968831716,0.3768430800583247,916.0,248.20833333333331,0.92,0.0,979.0,988.0,5.0,17418.43,17897.04,3.4,0.8,0.0,-478.6100000000001,39.2,1.0,Baixo Risco
c1e7532407cd9b4bbc4c0649da8e281fa9ab64af846e9bf66617736f42355f18,4772500.0,SP,0.9144972833151782,0.8530041727895563,820.0,138.23333333333332,0.89,0.12489,979.0,986.0,0.0,0.0,0.0,0.0,0.0,0.0,0.0,0.0,1.0,Baixo Risco
e7198cb954bf5dfe632032894b762cbb5d0ce87c65e71c172d07cb2e2eb1ec5a,4744001.0,SP,0.9753458616809976,0.9030490910094564,923.0,169.875,0.95,0.0,983.0,988.0,0.0,0.0,0.0,0.0,0.0,0.0,0.0,0.0,1.0,Baixo Risco
ec89e0b0d5ff14253738bfe9007d75c0d0de6ad2742cbab7ae74f95dc26d45bb,4771701.0,SC,0.9863571971537586,0.8530041727895563,963.0,227.4,0.97,0.01169,983.0,988.0,0.0,0.0,0.0,0.0,0.0,0.0,0.0,0.0,1.0,Baixo Risco
06a8b7e26fb7140e3937a840566895c03236f3c0b9264881f7922ed998246088,4649409.0,RJ,0.7532691953666029,0.8072188335236038,773.0,142.22727272727272,0.88,0.06507,983.0,988.0,0.0,0.0,0.0,0.0,0.0,0.0,0.0,0.0,1.0,Baixo Risco
93d267d3beebeba0f9faaafde9db58998868d10b6be82127707c3494c25100c2,4782201.0,RJ,0.8459538326691327,0.8530041727895563,630.0,136.4,0.87,0.13843,194.0,969.0,0.0,0.0,0.0,0.0,0.0,0.0,0.0,0.0,1.0,Baixo Risco
f6b960021caeacfd023f1c04233fa268d879706062f24de09dbffefc634bb774,4691500.0,AC,0.892885587502769,0.7957911017164682,916.0,107.5,0.95,0.0,980.0,988.0,0.0,0.0,0.0,0.0,0.0,0.0,0.0,0.0,1.0,Baixo Risco
4d482c29f94bc5e771fa786b8c6ca67796f41e1c45c300793ea540ebca5c76dc,6920601.0,MG,0.2945022684814518,0.5623409669211196,152.0,162.5,0.36,0.0,122.0,877.0,0.0,0.0,0.0,0.0,0.0,0.0,0.0,0.0,1.0,Baixo Risco
9ad3e19d456729389e4021b1af0e80739a81331403430b4d3cc8e8e453c3db77,4639701.0,RS,0.9118408501935455,0.9352291021017844,911.0,226.65116279069767,0.96,0.0,956.0,986.0,0.0,0.0,0.0,0.0,0.0,0.0,0.0,0.0,1.0,Baixo Risco
a59cd5a1f9a38c9efb6582f5767a3267ed35acf40df764468ee9ed8acd201800,4781400.0,SP,0.9804047370692014,0.8530041727895563,852.0,121.1,0.94,0.04293,939.0,985.0,0.0,0.0,0.0,0.0,0.0,0.0,0.0,0.0,1.0,Baixo Risco
eb7e56f0cf8c1084b9577d239697cd069538b05353bf9cc256dcce48e0c07f06,4679604.0,Sem Info,0.0957844974296398,0.8530041727895563,120.0,75.0,0.05,0.32891,542.0,868.0,2.0,3329.25,3329.25,0.0,0.0,0.0,0.0,45.0,1.0,Baixo Risco
43482b433d6997ad6d84fae41d85ab97a43bf2556d464c6dfa3d3a03e9e16ac2,4731800.0,PR,0.4428990589736852,0.9372887573224464,834.0,159.1,0.88,0.00484,269.0,982.0,9.0,18257.2,18297.96,0.3333333333333333,0.1111111111111111,0.0,-40.75999999999999,6.222222222222222,1.0,Baixo Risco
1d7ab8c9d3d54aaa5bf53a3a6839ff161afbded387aa012d5220d81ade6e3222,4781400.0,GO,0.4607833739064021,0.8530041727895563,68.0,52.16666666666666,0.22,0.01331,53.0,831.0,0.0,0.0,0.0,0.0,0.0,0.0,0.0,0.0,1.0,Baixo Risco
83d9b2f4fc4a72f299519a7abfab458788663e7a22e5832459356567764eb1bf,4644301.0,PE,0.3160057579168016,0.2227142406989424,480.0,185.30645161290323,0.78,0.30724,527.0,964.0,0.0,0.0,0.0,0.0,0.0,0.0,0.0,0.0,1.0,Baixo Risco
c285b0b12e948be9955d354e97600486d3785ac9f8c5a276e3746c6b7f8a2a48,4691500.0,DF,0.9716659726564156,0.8154930665652321,946.0,176.7157894736842,0.95,0.01152,983.0,989.0,0.0,0.0,0.0,0.0,0.0,0.0,0.0,0.0,1.0,Baixo Risco
d59b8285a74335ff742c5003739db0f2307f77fde7074fa50b7fdca936abceae,4691500.0,RN,0.9668645923635264,0.9414987784704918,932.0,198.1919191919192,0.97,0.04554,981.0,986.0,0.0,0.0,0.0,0.0,0.0,0.0,0.0,0.0,1.0,Baixo Risco
5cd412bc646f4c1077179599ff3b502e23876fb0ee9e7ad188f811a2143af053,4781400.0,GO,0.9073965375481344,0.8530041727895563,950.0,285.3636363636364,0.97,0.0,973.0,988.0,0.0,0.0,0.0,0.0,0.0,0.0,0.0,0.0,1.0,Baixo Risco
11afd7d91049e0d46b14f20f8ad6cc384237563d1286349ba6bc70efac96a81d,4642702.0,SC,0.9697859332573951,0.7596084336987974,951.0,258.45454545454544,0.97,0.04199,983.0,989.0,0.0,0.0,0.0,0.0,0.0,0.0,0.0,0.0,1.0,Baixo Risco
7447c082834c49357b7d8b920782d134710ce862459f95dbb29fcbbc259d70be,4781400.0,MG,0.876875443412349,0.8530041727895563,875.0,180.66666666666663,0.94,0.0,950.0,988.0,0.0,0.0,0.0,0.0,0.0,0.0,0.0,0.0,1.0,Baixo Risco
1d389adc1dec8927dcc47df6f39bce7a31ffb7c5c27efd714b365679a6420e90,4930202.0,TO,0.7247137423278184,0.8108480427566991,812.0,124.53061224489797,0.81,0.03691,972.0,986.0,0.0,0.0,0.0,0.0,0.0,0.0,0.0,0.0,1.0,Baixo Risco
f31815dee35e0d0f528cbb69c8f628e0687bddc1bd4f15263939ab626c473596,1412601.0,SC,0.9942327003961128,0.7150318272052947,950.0,241.2941176470588,0.94,0.00479,979.0,988.0,2.0,3982.02,3360.75,3.5,1.0,0.0,621.27,41.0,1.0,Baixo Risco
41435549d50aa9b98150eb4dd24abf2adbded2144285802fd6008463811b6b8d,5611203.0,SP,0.4907814815323502,0.8530041727895563,338.0,123.33333333333331,0.66,0.26145,89.0,922.0,0.0,0.0,0.0,0.0,0.0,0.0,0.0,0.0,1.0,Baixo Risco
18d32ce9c033ae72b5ebe52812dd19903320cfc82390fcd6a48a8400e27f20cc,3101200.0,SC,0.764415024772974,0.7248266904998235,896.0,142.28,0.94,0.0843,977.0,986.0,0.0,0.0,0.0,0.0,0.0,0.0,0.0,0.0,1.0,Baixo Risco
ae7d7c1e6975056ff6eccf078b747ebfef87fe8a084f6d9964b3ee53d0ee739c,4721103.0,PR,1.0,0.906851363183414,940.0,255.59259259259255,0.98,0.0,983.0,988.0,0.0,0.0,0.0,0.0,0.0,0.0,0.0,0.0,1.0,Baixo Risco
5d878e5e5fde6667a80b00fc229683cc1f5482d08f4ac650db02954ec9ad5f85,4771701.0,Sem Info,0.9350421058177476,0.8530041727895563,947.0,199.1764705882353,0.98,0.0207,981.0,988.0,0.0,0.0,0.0,0.0,0.0,0.0,0.0,0.0,1.0,Baixo Risco
b2a7da82daa8c37d0c06894fdbff397284178346c004469475b2121592b42b8e,4644301.0,MG,0.9819783208162868,0.8775138687895573,950.0,188.2692307692308,0.92,0.00457,982.0,988.0,0.0,0.0,0.0,0.0,0.0,0.0,0.0,0.0,1.0,Baixo Risco
d1891882176d6dadf58ad01a5ee387e5eca1ed79a401d51624344f8418700489,4781400.0,MG,0.9564358570628138,0.8530041727895563,950.0,188.33333333333331,0.98,0.13612,979.0,988.0,0.0,0.0,0.0,0.0,0.0,0.0,0.0,0.0,1.0,Baixo Risco
ab67921874e17918b5e045781d8ab015c26be19ff6306fda6db847ed12661e50,4781400.0,ES,1.0,0.8530041727895563,924.0,276.0,0.76,0.0,907.0,985.0,0.0,0.0,0.0,0.0,0.0,0.0,0.0,0.0,1.0,Baixo Risco
bc1750303fc81dd1af9c129168b0805d63fcb9c7c1e900ff3dbaf1d540c51541,4721102.0,SP,0.7085470682018182,0.8530041727895563,748.0,104.42857142857144,0.85,0.0261,235.0,978.0,0.0,0.0,0.0,0.0,0.0,0.0,0.0,0.0,1.0,Baixo Risco
2524bc1db3a156ec8d08082119d869f9e55b63b25130b23d34a84d65abb3f66e,1311100.0,MG,0.8660895248346522,0.8023606440518869,869.0,203.85294117647055,0.95,0.0,981.0,988.0,2.0,4583.0,4675.780000000001,2.0,0.5,0.0,-92.7800000000002,92.0,1.0,Baixo Risco
fa508a82fb3595f9ddc13d8a41ab5b6e37d3666b90e88bc52bcb56d9fe2d4a91,1066000.0,MG,0.1435628479556844,0.8398730473579155,80.0,68.76716653512234,0.41,0.15443,41.0,733.0,4.0,113948.16,113948.16,0.0,0.0,0.0,0.0,16.75,1.0,Baixo Risco
89fe690260c3337a382926dcfdf5737965642cf22d1580f61fa624782de242a0,4744003.0,SP,0.678140779331099,0.833214494422907,674.0,162.0,0.81,0.0,966.0,989.0,0.0,0.0,0.0,0.0,0.0,0.0,0.0,0.0,1.0,Baixo Risco
9169e7beaed13c0b6d28295dd2b270bad5f20c4d2c7fd226728948b18ed17d48,2330303.0,MG,0.8519805959444747,0.9125529693038904,808.0,159.89147286821705,0.93,0.03649,972.0,989.0,0.0,0.0,0.0,0.0,0.0,0.0,0.0,0.0,1.0,Baixo Risco
636e5331f63405a3f9ae8393113d9bc1f6505e45493e0cad41a1c39f133f5d86,4781400.0,MG,0.5844351780943284,0.8530041727895563,646.0,247.8,0.76,0.0,863.0,983.0,0.0,0.0,0.0,0.0,0.0,0.0,0.0,0.0,1.0,Baixo Risco
92e768f0b52020118d1d698e7b0937c38008d65e0a9069b65ad4f9f2d4ae8a17,4639701.0,SP,0.8423406993786661,0.9749746016037012,922.0,218.94505494505492,0.96,0.25035,980.0,988.0,0.0,0.0,0.0,0.0,0.0,0.0,0.0,0.0,1.0,Baixo Risco
ad8091f12937569cdba688d5454da06d78a816b68374e5fc4d01c2d8823a5577,4771701.0,PR,0.5846660002445306,0.8530041727895563,674.0,169.57142857142858,0.92,0.10756,953.0,985.0,0.0,0.0,0.0,0.0,0.0,0.0,0.0,0.0,1.0,Baixo Risco
829351b9d0e6caa315e9224eea2d840a31cade1837afcf51ddcd623aabfb9abc,4712100.0,PR,0.9856567882301076,0.8530041727895563,950.0,214.66666666666663,0.96,0.0075,976.0,988.0,0.0,0.0,0.0,0.0,0.0,0.0,0.0,0.0,1.0,Baixo Risco
91b5ddac095775f8fb2b93857f9147c80872a8239a629478fd1f97a4e3c34ee1,4686902.0,Sem Info,0.5714566664909838,0.05,580.0,140.84615384615384,0.81,0.22743,839.0,985.0,1.0,6666.67,0.0,28.0,1.0,0.0,6666.67,79.0,1.0,Baixo Risco
65a97de5c4e7ddfb2885f6dae245ce39bf8d68d2a2e91e8a9c207cd583ffd302,4782201.0,PR,0.9889553662393497,0.8530041727895563,911.0,233.1904761904762,0.96,0.0,980.0,988.0,0.0,0.0,0.0,0.0,0.0,0.0,0.0,0.0,1.0,Baixo Risco
5e2399ffe07aa7dc39f3a28cd9103cec3a4b4c5fa12029cc64b64013d2576d00,5611201.0,MG,0.6176877853263969,0.8530041727895563,362.0,130.0,0.83,0.08653,185.0,981.0,0.0,0.0,0.0,0.0,0.0,0.0,0.0,0.0,1.0,Baixo Risco
9bf0d232ba61f7e9874ab5fcfbcebbc8b10b26a87c4ffb25bee4d641045e77a5,4771701.0,PR,0.9689821332184752,0.8530041727895563,951.0,226.8125,0.96,0.01313,983.0,986.0,0.0,0.0,0.0,0.0,0.0,0.0,0.0,0.0,1.0,Baixo Risco
a744714dc5c62434fdab5f65002ceb82fba000b42bf06f7dc800af070740b8c5,4637199.0,SP,0.9690935356693884,0.8932738966680893,917.0,177.0,0.96,0.0,976.0,988.0,0.0,0.0,0.0,0.0,0.0,0.0,0.0,0.0,1.0,Baixo Risco
60c2d96cf5a404b003c8099d16e346f4bf77ab2814f9774c6dd7bfcbb50fc7f4,4781400.0,RS,0.7105207823384067,0.8530041727895563,847.0,121.23076923076924,0.73,0.45208,907.0,986.0,0.0,0.0,0.0,0.0,0.0,0.0,0.0,0.0,1.0,Baixo Risco
eaf03a4082d29b4ff5da300d24d13bb133dac5033a7ac135b67ff6e2836c3bdf,4744099.0,CE,0.7826185525993403,0.8530041727895563,713.0,137.45454545454547,0.85,0.13605,698.0,981.0,0.0,0.0,0.0,0.0,0.0,0.0,0.0,0.0,1.0,Baixo Risco
0d0064cfe5b8da69435d89b9e0e60f8434cfdb47a9d42c028999e074dab0836a,4789005.0,ES,0.8691573013929843,0.5404264566318102,794.0,136.17241379310346,0.93,0.00706,602.0,987.0,3.0,4477.08,3773.0,0.3333333333333333,0.3333333333333333,0.0,704.08,27.333333333333332,1.0,Baixo Risco
d12c79ccbfc1c9acc215e39d80331a335bac4d956f09b2a1f8378995281ac81b,4771701.0,PR,0.994651396082346,1.0,951.0,241.5,0.99,0.01343,983.0,988.0,0.0,0.0,0.0,0.0,0.0,0.0,0.0,0.0,1.0,Baixo Risco
433b7d84052302f7f5ff027ca6097e944c533c398d31c09f3cef3540ea5b0e93,4711302.0,RJ,0.937143392407197,0.8530041727895563,953.0,218.49068322981367,0.97,0.00088,982.0,988.0,0.0,0.0,0.0,0.0,0.0,0.0,0.0,0.0,1.0,Baixo Risco
80e954a8b305179e4cf85eaa186bfb59e3a9c26fdb9fecbee66ee6c7770844ed,4623109.0,Sem Info,0.9951950372174584,0.8530041727895563,926.0,297.5,0.98,0.0,983.0,988.0,0.0,0.0,0.0,0.0,0.0,0.0,0.0,0.0,1.0,Baixo Risco
a4cf03ad8c0c46f85461a031d75b16b79624509333f73b07ae08edaacbee8054,4771701.0,PR,0.9862147125667784,0.8530041727895563,950.0,0.0,0.98,0.0,981.0,989.0,0.0,0.0,0.0,0.0,0.0,0.0,0.0,0.0,1.0,Baixo Risco
08343c77a6ecec911a405a336dfb031f607da736eb6c585de90fd1559778eb74,2099199.0,Sem Info,0.552799099526193,0.1233480653360928,165.0,83.60714285714286,0.62,0.10593,50.0,893.0,1.0,63000.0,63000.0,1.0,1.0,0.0,0.0,67.0,1.0,Baixo Risco
37b768e46e89ff270c6a15eafa2b027670c3018391e6b2fa4c4225456f83cfe3,4686902.0,GO,0.8783411740145679,0.7535297083670928,548.0,260.7647058823529,0.9,0.0,731.0,983.0,0.0,0.0,0.0,0.0,0.0,0.0,0.0,0.0,1.0,Baixo Risco
735feb40c7fdd5ce14dbab0b472575789df7b0a9eb49d2f55a2d8339849d4bb7,2790299.0,SP,0.5749755729990087,0.9243508064518025,685.0,42.47826086956522,0.7,0.43258,716.0,972.0,0.0,0.0,0.0,0.0,0.0,0.0,0.0,0.0,1.0,Baixo Risco
bf1d711cc7447a1dd1695d36432f2bf92b56a99ba2047748918abf441e87dbcf,4782201.0,SP,0.2196205296723225,0.8530041727895563,440.0,140.8876404494382,0.77,0.33951,705.0,984.0,1.0,7873.25,7873.25,0.0,0.0,0.0,0.0,25.0,1.0,Baixo Risco
d430cef4135a36a7e4c5a12eabf179d15eca6ceac1ea85eed6a1291ad82fa89c,4930202.0,SP,0.2572314050624146,0.8530041727895563,123.0,40.38461538461539,0.32,0.41863,44.0,733.0,0.0,0.0,0.0,0.0,0.0,0.0,0.0,0.0,1.0,Baixo Risco
541d52d6a96efd42bee44edade68f725bd114cead6f3b934d103d27f8bfa0068,1540800.0,Sem Info,0.576836221755989,0.8530041727895563,389.0,138.8695652173913,0.76,0.26031,195.0,957.0,5.0,18963.12,18963.12,1.0,0.6,0.0,0.0,51.6,1.0,Baixo Risco
d45f04c4f8e6b8725b0649a9907cb0bea0f8f3d1edc2596f50d0110e0772718d,1412601.0,SP,0.8673250268049618,0.7181657279132874,950.0,232.65753424657532,0.97,0.00098,978.0,988.0,1.0,27000.0,27000.0,0.0,0.0,0.0,0.0,99.0,1.0,Baixo Risco
a711fb1183bc159fdcb672d61f9e052cda50f9e0a76e68cc82996df92c2296fc,2732500.0,SP,0.99702097254749,0.995428856755629,946.0,215.75,0.97,0.0,973.0,988.0,4.0,22349.32,22349.32,0.75,0.5,0.0,0.0,53.5,1.0,Baixo Risco
cc833cdc736aa169870b9a717892fb5e4bc251813b4dd9ffe6c176c5f9632967,9529104.0,SC,0.2642991562213018,0.8530041727895563,224.0,60.75,0.71,0.04607,73.0,876.0,0.0,0.0,0.0,0.0,0.0,0.0,0.0,0.0,1.0,Baixo Risco
f05300348c7ea89f82b828f711c534c5477a8a58c6dde2015eff89634c5d8245,4781400.0,RS,0.9926305385299554,0.05,949.0,232.4375,0.97,0.0,981.0,988.0,0.0,0.0,0.0,0.0,0.0,0.0,0.0,0.0,1.0,Baixo Risco
0b89b9385625b398f7c2623e41b06ea4ca584ea98d9f3573807e9496be522156,4729699.0,SP,0.9969741787892809,0.8530041727895563,956.0,215.06666666666663,0.97,0.01478,971.0,988.0,0.0,0.0,0.0,0.0,0.0,0.0,0.0,0.0,1.0,Baixo Risco
6130e852cc5145ff8a85af96d55eed1678ab96f391a8dcdbcb69e5ed300d8277,4651601.0,RJ,0.356938453881566,0.8530041727895563,758.0,106.0,0.85,0.42494,942.0,988.0,0.0,0.0,0.0,0.0,0.0,0.0,0.0,0.0,1.0,Baixo Risco
6c65d8cd4aec88d855e0fed4734b78003480966754f8b00cff7dd50e1514795c,4686902.0,BA,0.6098912789922397,0.8530041727895563,619.0,186.25,0.93,0.0,593.0,984.0,0.0,0.0,0.0,0.0,0.0,0.0,0.0,0.0,1.0,Baixo Risco
ac1dd3b95aa133e02633bc04a8303abb95ad132482ca7c4f84a4fe17bcf15c28,4669999.0,SP,0.9917329894978282,0.9178342431452412,964.0,268.5,0.98,0.0,979.0,987.0,0.0,0.0,0.0,0.0,0.0,0.0,0.0,0.0,1.0,Baixo Risco
4f6563bbc50ba50252a51e01797deac3b35ab5e70e26eda444a0066b82bcb2a6,5611201.0,GO,0.948197743463031,0.8530041727895563,799.0,275.0,0.91,0.0,914.0,986.0,0.0,0.0,0.0,0.0,0.0,0.0,0.0,0.0,1.0,Baixo Risco
c235a729bf2c32ef6d3ec712471cc2cd723239d4ef2d78270e6bb8aa6122b10a,2721000.0,Sem Info,0.9324055446416852,0.8085147286646927,773.0,205.83333333333331,0.87,0.0,965.0,987.0,1.0,9138.3,9138.3,2.0,1.0,0.0,0.0,91.0,1.0,Baixo Risco
625769ccc8062952256acd35b49ef438a6ffe3b1e3f8150d4036dc4149b2c11f,4789099.0,PR,0.6857615890392176,0.8530041727895563,853.0,186.64285714285717,0.84,0.34904,963.0,988.0,0.0,0.0,0.0,0.0,0.0,0.0,0.0,0.0,1.0,Baixo Risco
b4c139a987c568a3bc0c8e2a70f198a8ced71c2e6af4edc5dcf2193e2fcf57e2,4520001.0,SP,0.939058661887368,0.9175079232261828,927.0,208.8181818181818,0.97,0.21119,971.0,989.0,0.0,0.0,0.0,0.0,0.0,0.0,0.0,0.0,1.0,Baixo Risco
2ec213b761ca340ef51d76bc44cbaa6e74fb0254edcd58970799c7da2597049b,4754702.0,GO,0.3668568372373936,0.8530041727895563,493.0,87.66666666666667,0.8,0.474,137.0,963.0,0.0,0.0,0.0,0.0,0.0,0.0,0.0,0.0,1.0,Baixo Risco
38356beee7b8ee0591c8d449847a7e557b6f95541f7942b70133e8fe1bfbd1ba,2063100.0,RJ,0.123923593287031,1.0,647.0,184.0606060606061,0.82,0.22611,143.0,782.0,1.0,1062.66,1104.54,6.0,1.0,0.0,-41.87999999999988,48.0,1.0,Baixo Risco
6076b24018954c8a4ba963e3e38f70cf9a546e092fb4a1a0b4a31c9c83b8a07c,1122401.0,SP,0.8832025508348025,0.8530041727895563,924.0,245.11627906976744,0.98,0.10184,982.0,989.0,0.0,0.0,0.0,0.0,0.0,0.0,0.0,0.0,1.0,Baixo Risco
e6efcf3d71dd26ebb7b0042b7e7348c01c247299a6e3b716e880745c72a43f1c,4712100.0,SC,0.974114963975312,0.8530041727895563,963.0,249.33333333333331,0.93,0.0,980.0,989.0,0.0,0.0,0.0,0.0,0.0,0.0,0.0,0.0,1.0,Baixo Risco
3d4c0c76c844ea0f3c52e0f8425f63b5a363b6e7e154f0f04e34f2c7c67ccff5,6499999.0,Sem Info,0.6034580006212958,0.4976998955811249,756.0,70.7956204379562,0.7,0.00881,904.0,989.0,1.0,509.8,0.0,62.0,1.0,0.0,509.8,70.0,1.0,Baixo Risco
75543f8afe1841200fa242569702444d8660986c877abda398048b464d7c8ca5,4789004.0,BA,0.520367617707348,0.8530041727895563,605.0,156.66666666666666,0.94,0.31351,184.0,955.0,0.0,0.0,0.0,0.0,0.0,0.0,0.0,0.0,1.0,Baixo Risco
577311e4bd7e7db311ff5d28547c20870631dc4b62b56dfa560235100c1ea9e1,4530703.0,GO,1.0,0.1245101560164018,768.0,0.0,0.8,0.0,717.0,970.0,0.0,0.0,0.0,0.0,0.0,0.0,0.0,0.0,1.0,Baixo Risco
b41e9459a035269fe3025934d129ba929c027dfd220674e7ff300b9a378dbfa3,2229302.0,SP,0.99607191340834,0.990737821622546,928.0,268.1388888888889,0.97,0.0,968.0,988.0,0.0,0.0,0.0,0.0,0.0,0.0,0.0,0.0,1.0,Baixo Risco
ff2f2d8aee7a380b6c94fbd9c41f0324482f53d82eac9c5f1cc6d9738598f766,4771701.0,PR,0.9990036228444676,0.8530041727895563,955.0,240.78048780487805,0.99,0.0,984.0,988.0,0.0,0.0,0.0,0.0,0.0,0.0,0.0,0.0,1.0,Baixo Risco
cf6bbc34e1aea04d715db437fbb33153e2314f4a980934dddf5eb791ea7cfceb,4711302.0,ES,0.9344692992780772,0.4930608519877346,877.0,219.6344827586207,0.96,0.19614,531.0,988.0,0.0,0.0,0.0,0.0,0.0,0.0,0.0,0.0,1.0,Baixo Risco
3d90a87b2137e89579bee450117f5a692d1bd8c65411e2953e415938c2794561,4781400.0,SP,0.910975997212635,0.8530041727895563,763.0,237.625,0.88,0.0,961.0,987.0,0.0,0.0,0.0,0.0,0.0,0.0,0.0,0.0,1.0,Baixo Risco
a9b669459cbbf6b00c4b6e92684b8d60dd12f87f057fe0429fcc77f24d98442e,4781400.0,MA,0.905521247929562,0.8530041727895563,931.0,163.5,0.98,0.0,912.0,984.0,0.0,0.0,0.0,0.0,0.0,0.0,0.0,0.0,1.0,Baixo Risco
ae0aaf502050e44806007d32e30d0c90fa90803257979299e3fea0ee60cb1eb0,2862300.0,SC,0.2146584024199919,0.05,109.0,152.82835820895522,0.52,0.09526,57.0,846.0,1.0,4620.0,4620.0,0.0,0.0,0.0,0.0,60.0,1.0,Baixo Risco
c71e0fe00f726251404cd57d035a78a562de08684680a316db27ee72bbe2f20e,4771701.0,PR,0.991217095626676,0.8530041727895563,963.0,93.625,0.97,0.04271,974.0,988.0,0.0,0.0,0.0,0.0,0.0,0.0,0.0,0.0,1.0,Baixo Risco
f1b4032e3795521b7132fb810f754dcb0bc2b9a3054e721cfb87313376f68c0b,2212900.0,MG,0.6966127270349523,0.549010207901081,902.0,130.5,0.93,0.0,491.0,985.0,0.0,0.0,0.0,0.0,0.0,0.0,0.0,0.0,1.0,Baixo Risco
080d4ae06b193da7ab27c1d0679c8d3e2e35d3f15a1d4ef79786888c76ee53d8,2229303.0,MG,0.5590182209693769,0.764982590598388,597.0,106.44594594594597,0.84,0.22901,251.0,981.0,1.0,1012.59,0.0,0.0,0.0,0.0,1012.59,40.0,1.0,Baixo Risco
504d091b46cb55219a719e79e62cae0250f497520062b60472ed9b2da92a1c4d,4781400.0,TO,0.9494306115511306,0.2374557604033153,933.0,97.33333333333331,1.0,0.01278,982.0,988.0,0.0,0.0,0.0,0.0,0.0,0.0,0.0,0.0,1.0,Baixo Risco
eca2911d5a5373c386284cf221b328bf3ab1c71721ed996cef5560c6ef73182f,4637106.0,GO,0.7391213934127198,0.8530041727895563,700.0,118.77777777777776,0.66,0.03471,885.0,988.0,4.0,7154.889999999999,6940.24,0.5,0.5,0.0,214.64999999999986,26.0,1.0,Baixo Risco
587959fab0298d12c6bae2aa9a58837bed8897103241ef73546cdf9b6828f9bf,4721102.0,SP,0.9568296701257596,0.8530041727895563,966.0,220.7741935483871,0.96,0.0,981.0,988.0,0.0,0.0,0.0,0.0,0.0,0.0,0.0,0.0,1.0,Baixo Risco
6c7e72baf9effeb9547a02e2d9c23df1d42bc19deb59e5d6c3f16171d0370b2c,4644301.0,CE,0.9200059467813114,0.7983709914587294,823.0,111.08108108108108,0.93,0.22492,974.0,986.0,0.0,0.0,0.0,0.0,0.0,0.0,0.0,0.0,1.0,Baixo Risco
f7fcd0fe30fbfa2cde035739a96fc28074013fad4a805e8fd8b02af396b43a7a,4663000.0,SC,0.9055857771188716,0.8530041727895563,946.0,203.625,0.89,0.10147,969.0,989.0,0.0,0.0,0.0,0.0,0.0,0.0,0.0,0.0,1.0,Baixo Risco
79ce2a7fcf69241860a81982ea5aadcc51e2c468e3d930eb9dba84ea75217e9b,4645101.0,BA,0.2170714746532799,0.1052657292747878,165.0,135.0810810810811,0.74,0.31612,183.0,964.0,0.0,0.0,0.0,0.0,0.0,0.0,0.0,0.0,1.0,Baixo Risco
5e2773f8bfd6aeb05d8934ac6d443e7f60177bd2afddbe0b59e03e404c43f356,4782201.0,PR,0.9497181294747812,0.8530041727895563,934.0,278.0,0.97,0.0,973.0,988.0,0.0,0.0,0.0,0.0,0.0,0.0,0.0,0.0,1.0,Baixo Risco
2e81b9b28e732731d4706e85fd478d30a270a01eba713c38b2239181b66713d4,4781400.0,SC,0.9904960155738308,0.8530041727895563,914.0,154.0,0.97,0.0,974.0,988.0,0.0,0.0,0.0,0.0,0.0,0.0,0.0,0.0,1.0,Baixo Risco
6663cfbc54120cb71b7428119e0e3eb6c816b8826dfada2013d00b04017fbd62,4712100.0,MS,1.0,0.8530041727895563,939.0,188.5,0.93,0.0,958.0,988.0,0.0,0.0,0.0,0.0,0.0,0.0,0.0,0.0,1.0,Baixo Risco
c9ac99a5df49da3cc1af180768107e690a0389ba3d789da0e9f591288e49fac8,4646001.0,SP,0.9683249012803464,0.7723528415726831,934.0,183.625,0.95,0.01306,979.0,989.0,1.0,1397.71,1421.75,4.0,1.0,0.0,-24.039999999999964,42.0,1.0,Baixo Risco
4a6f76acd853864857dce814d021e677e9e900bf3361133b57f1357b2d1a80d0,4751201.0,SP,0.1703395118255768,0.8965518154471509,61.0,59.142857142857146,0.26,0.15717,43.0,147.0,1.0,19335.6,0.0,2.0,1.0,0.0,19335.6,30.0,1.0,Baixo Risco
efdff0512dfea3691c16f26bbb180063514e9709cdb26be3fc7d53235e96b0bf,4742300.0,SC,0.9641885145034208,0.975655147409573,962.0,264.875,0.96,0.0,983.0,987.0,0.0,0.0,0.0,0.0,0.0,0.0,0.0,0.0,1.0,Baixo Risco
f712041de72800d6e29febc4b16551ae4b0c469f72719ddad71f24f42d2a4c57,4782201.0,PE,0.8566592035425039,0.8530041727895563,948.0,264.8,0.98,0.0,972.0,986.0,0.0,0.0,0.0,0.0,0.0,0.0,0.0,0.0,1.0,Baixo Risco
e9300d1d30f0e0c3e6946f4490b508472c8b8e1a3bd7f23ad3d720f7b5f558a4,1413401.0,PR,0.9482238785972286,1.0,961.0,215.23529411764707,0.94,0.0,982.0,988.0,0.0,0.0,0.0,0.0,0.0,0.0,0.0,0.0,1.0,Baixo Risco
2035195d44218a45db3fb167f836d088b635fbd468dd4640fba1f5bdf8f3bdb6,4713004.0,TO,0.9816573537250476,0.8530041727895563,951.0,229.8125,0.99,0.0429,981.0,988.0,0.0,0.0,0.0,0.0,0.0,0.0,0.0,0.0,1.0,Baixo Risco
defc98abd9aa2f3204a94d1316af30e879f5f9976d10961984f288f3ea771cbd,1321900.0,SP,0.9730171745967924,0.8923296439624473,940.0,228.59615384615384,0.89,0.04996,980.0,989.0,0.0,0.0,0.0,0.0,0.0,0.0,0.0,0.0,1.0,Baixo Risco
d9d36f0e7215498ee57f1af077be5e6a25b184a4c15f51d8a36bfb9b0798a927,4922101.0,SP,0.989477126084267,0.8530041727895563,783.0,151.5,0.96,0.00357,965.0,989.0,0.0,0.0,0.0,0.0,0.0,0.0,0.0,0.0,1.0,Baixo Risco
47114c06ccc2311a8a32f7ea87b7bc994992fe3f456cd72bb7f67f9ebb8779ba,4782201.0,SC,0.959213543894612,0.8530041727895563,695.0,128.75,0.81,0.17782,892.0,982.0,0.0,0.0,0.0,0.0,0.0,0.0,0.0,0.0,1.0,Baixo Risco
661f43db1a7dfdb071fa33a5afe76e82a5d6b11b7a1e859af7ae063c47f06876,4712100.0,SP,0.984147350174804,0.8530041727895563,963.0,205.73809523809524,0.95,0.01586,978.0,986.0,0.0,0.0,0.0,0.0,0.0,0.0,0.0,0.0,1.0,Baixo Risco
5b86538441e398bcb8c4be21af15daf6cf2107a5c32e34fe7934e683bc111f4d,4789099.0,SP,0.736745522688559,0.3924848065581962,227.0,141.4,0.71,0.02603,168.0,959.0,1.0,733.99,733.99,0.0,0.0,0.0,0.0,60.0,1.0,Baixo Risco
bf71a92d4f9f73c64c8a69bd8b38cd561b819b0741e77d52622f01d266656ff9,1099601.0,SP,0.3153980239162612,0.8530041727895563,115.0,90.76896551724138,0.51,0.18452,104.0,985.0,1.0,1720.54,1720.54,0.0,0.0,0.0,0.0,49.0,1.0,Baixo Risco
d373fbd45f728abcbb18bc3c7034d67dcd749a0c6ad2e65ae18f7409265d0353,4755501.0,PA,0.9545405516130934,0.8530041727895563,933.0,227.4333333333333,0.98,0.0,980.0,988.0,0.0,0.0,0.0,0.0,0.0,0.0,0.0,0.0,1.0,Baixo Risco
3a728c2f24df52b74e7233461a74f5ff0922e82f5d3a759ff8ac00f9eb365192,2813500.0,SP,0.8666346043871488,0.923437976538984,883.0,197.05454545454543,0.93,0.08541,961.0,987.0,0.0,0.0,0.0,0.0,0.0,0.0,0.0,0.0,1.0,Baixo Risco
b6942e7fd3c6558724ac843aa1ae64be86c36eba3e82f322b53640ba17f8a8e0,4686902.0,PB,0.963741277809972,0.3303809109250705,918.0,237.53488372093025,0.91,0.0,981.0,989.0,0.0,0.0,0.0,0.0,0.0,0.0,0.0,0.0,1.0,Baixo Risco
976fc4a69fd7e84337c5c915df0cec01a24b17959beb0ce8e7380041cea7cad2,5611201.0,GO,1.0,0.8530041727895563,815.0,0.0,1.0,0.0,760.0,965.0,0.0,0.0,0.0,0.0,0.0,0.0,0.0,0.0,1.0,Baixo Risco
43ee8b2f31ce25880272f576edea966440adf0e7725674b59efdce6ce3f38929,6463800.0,SP,0.05,0.4044313146233382,61.0,149.0,0.21,0.0,776.0,834.0,7.0,22559.0,22636.15,1.2857142857142858,0.42857142857142855,0.0,-77.15000000000055,32.42857142857143,1.0,Baixo Risco
2c577bf7a86d1eb53868613a3e92760c8211cf35b69397e721f78aa09b60e8e9,1011201.0,SP,0.7410983061647376,0.3827983761491741,694.0,139.1875,0.91,0.32104,862.0,986.0,1.0,4895.94,4895.94,0.0,0.0,0.0,0.0,21.0,1.0,Baixo Risco
101fe19be1495d0ae96667cce3e58b4ea689f8b61fb6d931929b3b8fd74c8be7,4711302.0,PR,0.9613473503554276,0.8530041727895563,954.0,238.4193548387097,0.96,0.00888,973.0,989.0,0.0,0.0,0.0,0.0,0.0,0.0,0.0,0.0,1.0,Baixo Risco
5f02b0482280f8227c7aab92cc0a94d88ce95c2f876bde301ecf7ff03b2ceab6,4729699.0,PR,0.9381950371928202,0.9151209501234648,752.0,133.42857142857142,0.81,0.0,951.0,988.0,0.0,0.0,0.0,0.0,0.0,0.0,0.0,0.0,1.0,Baixo Risco
c3ec18c3bc2c16f900adabdef4253f485a6eb5dbf472ccdd2be920236fedf9ba,4789099.0,PB,0.1097734404188202,0.8530041727895563,228.0,87.76470588235294,0.36,0.40076,75.0,893.0,0.0,0.0,0.0,0.0,0.0,0.0,0.0,0.0,1.0,Baixo Risco
f032f140ec44df3b384d08b914abff823c42b894cb66630857fbc4c07ad1e39e,2219600.0,SP,0.3810537065599404,1.0,754.0,156.0625,0.71,0.0,939.0,983.0,2.0,3056.79,3096.08,1.5,0.5,0.0,-39.289999999999964,33.5,1.0,Baixo Risco
9cfb90739cc07da8c5f7f0ac7ae7128cdea15c92bd6d26c62e346a46fcaf6b4c,4623199.0,MS,0.4577989804618683,0.8530041727895563,286.0,33.08695652173913,0.61,0.13082,266.0,962.0,0.0,0.0,0.0,0.0,0.0,0.0,0.0,0.0,1.0,Baixo Risco
bacdd4fd80392a9a75ba02beafd2ef3de52552cea7591b774331a2350d3faad5,4685100.0,SC,0.734773558434497,0.8604004978371468,766.0,193.5,0.71,0.0,974.0,989.0,2.0,105849.20999999999,101825.04000000001,1.0,0.5,0.0,4024.1699999999983,31.0,1.0,Baixo Risco
2825c6468f0784fa56c1de788377c216aa0404a7cb75abc5c9c62a6f873beb67,4722901.0,SP,0.9557951110840603,0.8530041727895563,899.0,144.0,0.91,0.05296,935.0,988.0,0.0,0.0,0.0,0.0,0.0,0.0,0.0,0.0,1.0,Baixo Risco
2a07f403e91ab467ed7a0ba36c56678fadbb28c26a9108a597ae932e4cd5c1be,2790299.0,PR,0.7738190069389111,0.569574779594194,938.0,222.47727272727272,0.94,0.22692,980.0,989.0,1.0,1233.93,1233.93,0.0,0.0,0.0,0.0,27.0,1.0,Baixo Risco
b423f79fe44557fe3638eec257ebb935ae13c1531528e68eabf31a6304283e29,4782201.0,SP,0.9780818645780932,0.8530041727895563,888.0,235.7,0.85,0.0,905.0,988.0,0.0,0.0,0.0,0.0,0.0,0.0,0.0,0.0,1.0,Baixo Risco
db1bfea643c0f2bcbb860a7414573c8715fc19f966568b5f075bc0acd87b181b,4744001.0,SP,0.975979869557756,0.879238948713357,933.0,160.5,0.95,0.0,981.0,988.0,0.0,0.0,0.0,0.0,0.0,0.0,0.0,0.0,1.0,Baixo Risco
c7f5a7674a047f7bfd311051ae918c3e5a90e3d3c9e4bf84882b1e079f2cd406,1093702.0,SP,0.8608136856118381,0.8530041727895563,956.0,240.6986301369863,0.95,0.00136,973.0,986.0,1.0,1650.42,1650.42,1.0,1.0,0.0,0.0,49.0,1.0,Baixo Risco
9468fb2377dd370bbbf85a5d2d0024610fa6e2b277c04ab15626ab052a9e76cb,1330800.0,SP,0.9296560091526066,0.8530041727895563,923.0,207.93805309734512,0.96,0.0,982.0,988.0,0.0,0.0,0.0,0.0,0.0,0.0,0.0,0.0,1.0,Baixo Risco
ba03e6dca4e23da6ffe91677ddc2f313f07492228dc41e555062554882d4c9b1,3104700.0,SP,0.354629583346363,0.8530041727895563,376.0,118.7322033898305,0.81,0.10613,600.0,981.0,8.0,172299.05,172299.05,0.125,0.125,0.0,0.0,26.75,1.0,Baixo Risco
46db4eb6d32ad9e79f829758ff6dc2ef148c5bcc4c9b166e5575bf2d189d61cf,1031700.0,SP,0.7745213824090883,1.0,877.0,152.41095890410958,0.94,0.16701,982.0,988.0,1.0,12747.0,12747.0,2.0,1.0,0.0,0.0,41.0,1.0,Baixo Risco
ec7b4467788c66ea64adc30757d8c109103b6781acb17af8ea115a62dc8d65d0,2833000.0,SP,0.9443253323998028,0.8932307453442885,953.0,257.10593220338984,0.93,0.0011,982.0,989.0,6.0,39732.94,39732.94,0.0,0.0,0.0,0.0,57.0,1.0,Baixo Risco
a2e4401dfccbda9d4696254980b40b86506a50bb98b95f50a555132d5b085067,4781400.0,MG,0.8339071712244909,0.8530041727895563,951.0,176.8,0.94,0.65289,975.0,988.0,0.0,0.0,0.0,0.0,0.0,0.0,0.0,0.0,1.0,Baixo Risco
1b05bf7dfa32e4a3d662bd216f595aabd89538f2fa7be12f5c98f9fb6127da9c,4684201.0,SP,0.9839111027845072,0.9235319795902668,944.0,203.72727272727272,0.96,0.00023,980.0,988.0,115.0,2911733.84,2823629.63,0.2,0.06086956521739131,0.0,88104.20999999999,56.03478260869565,1.0,Baixo Risco
78195b0711518eb7c545f67a1594056882fa587a7f69202d567ccb1a2dedb99f,4771701.0,PR,0.9193434904762408,0.05,929.0,212.62025316455697,0.97,0.02669,978.0,987.0,0.0,0.0,0.0,0.0,0.0,0.0,0.0,0.0,1.0,Baixo Risco
9b2c37a64adbdf9ffa95635011224f47204a58642be8e6c328b721304a14dad2,4711302.0,SC,0.9868645749702424,0.8530041727895563,952.0,227.53164556962025,0.98,0.00278,979.0,988.0,0.0,0.0,0.0,0.0,0.0,0.0,0.0,0.0,1.0,Baixo Risco
f93b21d4123ede87f908e286b0812d900a9fbf5fa0d2d7ef57b6593dafec41bc,4647801.0,SP,0.8478993293543539,0.961294534967832,955.0,152.6,0.96,0.32094,981.0,988.0,0.0,0.0,0.0,0.0,0.0,0.0,0.0,0.0,1.0,Baixo Risco
28b2ea23a695d699780281c8d7d67f4b162c81db4047a7b74b5ab48382e24437,2391502.0,ES,0.8657606500468982,0.685794548636666,711.0,162.13333333333333,0.93,0.08731,273.0,983.0,1.0,3435.52,3435.52,0.0,0.0,0.0,0.0,90.0,1.0,Baixo Risco
7ea60d735c0f104ec15f4fa4ca74eeb1eeb566995d13aace8d83e91c19540110,4781400.0,SC,1.0,0.8530041727895563,687.0,305.0,0.96,0.0,925.0,986.0,0.0,0.0,0.0,0.0,0.0,0.0,0.0,0.0,1.0,Baixo Risco
8511d2c885e01a8612a069d27106e2e4d5e6d87acf7925a70915007d6a9b9c55,4782201.0,BA,0.9643468608625,0.8530041727895563,954.0,139.72727272727272,0.99,0.0,967.0,988.0,0.0,0.0,0.0,0.0,0.0,0.0,0.0,0.0,1.0,Baixo Risco
d73f13d7ee2dd5fc2a8d1d2334bc28a1115c56d810e92e3a8af845f1e7c9dd46,4742300.0,SC,0.9852748638073284,0.8283649783342133,950.0,269.3636363636364,0.97,0.0,984.0,988.0,0.0,0.0,0.0,0.0,0.0,0.0,0.0,0.0,1.0,Baixo Risco
40c37ecda6577b972e8de0f073afdc00c22154914a79c05d7184a667eecf161f,4771701.0,PR,0.8795674122647843,0.743576788474315,951.0,236.24242424242425,0.97,0.08367,980.0,987.0,0.0,0.0,0.0,0.0,0.0,0.0,0.0,0.0,1.0,Baixo Risco
792ce59fe377fd1aff9e5e6801641ad48ff0f5526bce503e4b59b82da807bdec,4771701.0,PR,0.8848799260723523,0.8530041727895563,964.0,262.42857142857144,0.97,0.0,982.0,989.0,0.0,0.0,0.0,0.0,0.0,0.0,0.0,0.0,1.0,Baixo Risco
2449bcfa58c237ac0c1816577908dd1654b91b7ee6303c3c340069ff3ddf0a99,4633801.0,SP,0.9477147856846329,0.8795990209228497,939.0,210.2394366197183,0.98,0.00489,982.0,988.0,0.0,0.0,0.0,0.0,0.0,0.0,0.0,0.0,1.0,Baixo Risco
45780a1d64f812cca9432c59a8b83e3b21ac9a5523ebbf9431e474aad0e7ced9,2229302.0,SP,0.949111133107276,0.9973170495006464,933.0,203.2926829268293,0.98,0.00049,979.0,988.0,1.0,15119.46,15119.46,0.0,0.0,0.0,0.0,45.0,1.0,Baixo Risco
1ecbc223014e1f39b5fefd39ae8835b029aebf36bd968eb424fefcf73a55e2a2,3250707.0,SP,0.20225057845098,0.8530041727895563,880.0,229.0,0.91,0.0,972.0,988.0,1.0,644.98,644.98,0.0,0.0,0.0,0.0,165.0,1.0,Baixo Risco
bac79201394d871c63ffcef8c4ca3dc67ee5cfb60e0fea372aaee91859c54965,4781400.0,SP,0.9998895879536448,0.8530041727895563,959.0,266.2,0.96,0.0,971.0,988.0,0.0,0.0,0.0,0.0,0.0,0.0,0.0,0.0,1.0,Baixo Risco
8bcaf10186ee193bb11e2e8901247d1ab5344d35faf2871c34531847fb602fc9,4781400.0,BA,1.0,0.8530041727895563,960.0,282.93939393939394,0.95,0.0,976.0,988.0,0.0,0.0,0.0,0.0,0.0,0.0,0.0,0.0,1.0,Baixo Risco
25095b7e712c2639f139306fa87579be677b56b4bccc1cd9eb2577be327cc069,4781400.0,SP,0.9997163174897518,0.8530041727895563,949.0,215.4375,0.98,0.0,984.0,989.0,0.0,0.0,0.0,0.0,0.0,0.0,0.0,0.0,1.0,Baixo Risco
cb5b1b81b69517f6b73ad41deb4ae62e794b41fbebcd81dce7c5a0279590163c,1412601.0,SP,0.9266336290752252,0.8530041727895563,823.0,283.4,0.93,0.0,972.0,986.0,0.0,0.0,0.0,0.0,0.0,0.0,0.0,0.0,1.0,Baixo Risco
982b95a80bb7cc35732d84833472777ed9c0ddabc09f8ca5c7545b9838eef97e,1052000.0,Sem Info,0.6989399849148253,0.9419899309574562,430.0,146.57894736842104,0.84,0.21524,928.0,986.0,1.0,105080.0,105080.0,0.0,0.0,0.0,0.0,28.0,1.0,Baixo Risco
d906ecd3e8e689e97357b4ebb1fb6f6fc15b083605ad7abca2cbbbc7b2e25c03,4646001.0,MG,0.5755199105198592,0.6754556593100306,171.0,110.74285714285716,0.72,0.06164,462.0,984.0,0.0,0.0,0.0,0.0,0.0,0.0,0.0,0.0,1.0,Baixo Risco
1c214b55ef365513aad39a17b8967ea0b6b629fb663a05478969ab01997ff7d2,1052000.0,RN,0.91620249384802,0.8530041727895563,784.0,124.25,0.92,0.16923,970.0,987.0,0.0,0.0,0.0,0.0,0.0,0.0,0.0,0.0,1.0,Baixo Risco
37d31fe0db23db7cb613ebc7d5faa41b81ea4c443012982917173fd22cf23aa6,4782201.0,PR,0.9757317357392008,0.8530041727895563,914.0,258.2,0.86,0.0,879.0,987.0,0.0,0.0,0.0,0.0,0.0,0.0,0.0,0.0,1.0,Baixo Risco
681b7bb41b1d5d7a42807090bd87b417a19813e8b5f6e2a825ca46d981e0a351,4771701.0,PR,0.7819717076309451,0.8530041727895563,841.0,212.8235294117647,0.95,0.0,841.0,980.0,0.0,0.0,0.0,0.0,0.0,0.0,0.0,0.0,1.0,Baixo Risco
11a59be8916975c87b2efe8543728bed2f86d46a78ed6e42680ccf29b7d1b598,4771701.0,PR,0.7890648668449557,0.05,768.0,189.42142857142855,0.89,0.02548,80.0,981.0,0.0,0.0,0.0,0.0,0.0,0.0,0.0,0.0,1.0,Baixo Risco
dd7acd1c8cd5890058024583043b9fdfde5f0177d6548f483bb77cec6e1a651d,4771701.0,PR,0.991153568503782,1.0,950.0,247.8,0.99,0.01285,983.0,988.0,0.0,0.0,0.0,0.0,0.0,0.0,0.0,0.0,1.0,Baixo Risco
015be28a2c4155e8505ed25c32b0fddc61f3e130754a71d4b997313f615838f3,4771701.0,PR,0.9910266983032088,0.8881851755798716,958.0,250.24528301886792,0.98,0.00092,983.0,988.0,0.0,0.0,0.0,0.0,0.0,0.0,0.0,0.0,1.0,Baixo Risco
d46ca9e7ad1ee7bda748e5f7e958fec8314a52b91f97f06d1519878a19b477f0,2099199.0,SP,0.947241398295729,0.7336030748703571,955.0,227.86315789473684,0.96,0.00486,981.0,989.0,5.0,126627.54000000001,99244.74,0.0,0.0,0.0,27382.8,19.8,1.0,Baixo Risco
61c0de24513f4073b0162a227a4af16bb061713203ef0a2413800a41f9c2888b,4679699.0,PR,0.9801274398899248,0.9321734385437316,960.0,258.525,0.96,0.0,982.0,988.0,0.0,0.0,0.0,0.0,0.0,0.0,0.0,0.0,1.0,Baixo Risco
cde2731f1584d23a6e1fb186e259738fe879e8415bae3860e2f42070bd6d0c4b,2733300.0,SP,0.4880822560091426,0.7402935709482584,812.0,145.11940298507463,0.91,0.1214,977.0,988.0,1.0,3925.35,3925.35,0.0,0.0,0.0,0.0,29.0,1.0,Baixo Risco
363cf707b9f3f7103fe4e2a9e4e76a60aedbfe858cd55cb0a9d8498e04da7f72,1012101.0,Sem Info,0.506853816408323,0.8542082491521038,817.0,184.0628272251309,0.91,0.15092,956.0,983.0,2.0,4713.42,4713.42,0.0,0.0,0.0,0.0,20.0,1.0,Baixo Risco
757098873b0dcb07631ee8d71eb33f0613e04dbea8773c780d9187fd438c3b62,4771701.0,PR,0.9855325893011098,0.8530041727895563,926.0,250.5,0.99,0.0,986.0,989.0,0.0,0.0,0.0,0.0,0.0,0.0,0.0,0.0,1.0,Baixo Risco
10c4322356ef02a0bedc6f3f02a369c50bbd5f7dc11bd1c92bb903a35f09a488,3101200.0,PR,0.1380527962091274,0.6192924858212815,145.0,123.82857142857142,0.6,0.20074,72.0,977.0,1.0,304.58,315.55,4.0,1.0,0.0,-10.970000000000027,39.0,1.0,Baixo Risco
c2d7fd2958a02a0ec7704111548aecc0e72978f68c738cf21c891223920af68d,4771701.0,PR,0.9914562200724436,0.8530041727895563,950.0,220.46153846153845,0.99,0.0,985.0,988.0,0.0,0.0,0.0,0.0,0.0,0.0,0.0,0.0,1.0,Baixo Risco
248fe1eca1af9b474ac4dc60d4734c451afb533673b56dd2735da55cf844a793,4781400.0,SC,0.9040717947098816,0.8530041727895563,935.0,184.5,0.94,0.0,973.0,989.0,0.0,0.0,0.0,0.0,0.0,0.0,0.0,0.0,1.0,Baixo Risco
601f29e1f978c3cde132f16b45385c95df91fed20085c1552ef1dee3e9fb6494,2212900.0,Sem Info,0.3056688735602681,0.8628233326000477,152.0,98.88260869565218,0.67,0.11777,95.0,980.0,2.0,2308.66,2308.66,0.5,0.5,0.0,0.0,45.0,1.0,Baixo Risco
235ad4efaba71afe384247ea0362e2c933c148b37136b2f4ece77a64a2d6a107,1412601.0,SP,0.0566324919771654,0.543477297859497,57.0,129.69677419354838,0.27,0.06157,84.0,842.0,1.0,566.4,566.4,0.0,0.0,0.0,0.0,102.0,1.0,Baixo Risco
b6c8aaf76ad61c70056ba2d2ed02821c84314ce6b5e8161d7c59eeca7a5e61ac,4771701.0,PR,0.8523118737526136,1.0,963.0,233.77142857142857,0.97,0.0,983.0,989.0,0.0,0.0,0.0,0.0,0.0,0.0,0.0,0.0,1.0,Baixo Risco
ef47f1762b8806720704d75ac2afc1494f980fb21eba8d9845b5ddd4f1d5bfd2,4741500.0,RJ,0.9264732095598834,0.7194258976701912,921.0,218.14285714285717,0.83,0.0,934.0,988.0,0.0,0.0,0.0,0.0,0.0,0.0,0.0,0.0,1.0,Baixo Risco
e6e1b0eba9d9a35bfb68ee6ed35ce49fe8aed936deb042e2131482a29fd8f9ae,4771701.0,PR,0.9779977842351614,0.8530041727895563,964.0,220.7142857142857,0.99,0.0,981.0,988.0,0.0,0.0,0.0,0.0,0.0,0.0,0.0,0.0,1.0,Baixo Risco
9de1038143138273d15530b01e2095ed8a0a22b7b47e4a4ffc172b695be4a0a2,4782201.0,SC,0.9562387711318432,0.8530041727895563,780.0,200.45833333333331,0.97,0.19291,979.0,989.0,0.0,0.0,0.0,0.0,0.0,0.0,0.0,0.0,1.0,Baixo Risco
58e289b3ff0b1a821fa81b8b1d0ce133543b8d061ac96db1ba4f369ec3e44de1,4744005.0,SC,0.9812504704418316,0.6398251591974767,951.0,206.625,0.92,0.0,980.0,989.0,0.0,0.0,0.0,0.0,0.0,0.0,0.0,0.0,1.0,Baixo Risco
a5676b1b857a8e0532ff2b37f539846e4f44d3cd5480a3914940a22c0231b24a,4771701.0,PR,0.9486059223697072,0.8530041727895563,950.0,241.375,0.96,0.0,975.0,988.0,0.0,0.0,0.0,0.0,0.0,0.0,0.0,0.0,1.0,Baixo Risco
06494fadb889416aba60253f27333b27c4fb1db85e7e2975785f527b2cb7058b,4753900.0,SC,0.8937632499850714,0.6983009388729975,858.0,84.44444444444444,0.97,0.05159,982.0,988.0,0.0,0.0,0.0,0.0,0.0,0.0,0.0,0.0,1.0,Baixo Risco
0703f0625cbfd61214c8e56a25186399b0424256ea06f75b946f44a3bced17ac,2733300.0,SP,0.8687475500850763,0.7193904455122456,939.0,194.68965517241375,0.94,0.34911,957.0,988.0,0.0,0.0,0.0,0.0,0.0,0.0,0.0,0.0,1.0,Baixo Risco
e112846d7bf7a405b6d79bb4c9e5bbdd6145f1f142fb7448a79fdc93fa97d55b,2592601.0,SP,0.8769290533175305,0.8940606887118898,915.0,229.04166666666663,0.93,0.0,980.0,989.0,1.0,1985.46,1985.46,0.0,0.0,0.0,0.0,56.0,1.0,Baixo Risco
b476cba2e47ac61e7bd29c47321aecf098ffd1cdfd9f1f1500af78eeb15a187a,4771701.0,PR,0.9757067018466136,0.8530041727895563,951.0,189.0,0.99,0.0,981.0,989.0,0.0,0.0,0.0,0.0,0.0,0.0,0.0,0.0,1.0,Baixo Risco
5b2374867804b96c3c6b436ce3d6ce783a257532276c9d5cf875cc426543a072,2391503.0,PA,0.6876615531468313,1.0,555.0,157.5,0.85,0.24722,937.0,987.0,0.0,0.0,0.0,0.0,0.0,0.0,0.0,0.0,1.0,Baixo Risco
cd195a519db2e68b525ce763b1bdad78cf89cdf0962c3c878e2d312c28d5cfe6,4685100.0,SP,0.446523052919656,0.8530041727895563,87.0,159.125,0.52,0.0,43.0,423.0,46.0,107985.28,107985.28,0.0,0.0,0.0,0.0,44.67391304347826,1.0,Baixo Risco
a92f64b739f44998deea24f118f84655f5b2cbcbb4d4304c46ed789931cb5c7f,4781400.0,RS,0.9857455560504472,1.0,910.0,118.33333333333331,0.97,0.0,978.0,988.0,0.0,0.0,0.0,0.0,0.0,0.0,0.0,0.0,1.0,Baixo Risco
4ccabfff17ea0cf0e7bd5c6d8c75f7b6f6ca79f33688b58fb69aa8c08c3bd32e,4771701.0,SC,0.9960536238401052,0.8530041727895563,954.0,248.25641025641025,0.99,0.01246,972.0,988.0,0.0,0.0,0.0,0.0,0.0,0.0,0.0,0.0,1.0,Baixo Risco
cdb6884f2b93f9c26d237985b04a12f767032714852006f49ff551c5c3e42175,4781400.0,SC,0.9764330392377722,0.8530041727895563,961.0,304.0,0.96,0.0,985.0,989.0,0.0,0.0,0.0,0.0,0.0,0.0,0.0,0.0,1.0,Baixo Risco
2027fdc4af56a197ccb691da3e2d0c4ac7ad4c873b52c48ab8efbd63ef887d1f,4639701.0,BA,0.9769792734860776,0.9385000792985816,921.0,74.6,0.93,0.05284,981.0,988.0,0.0,0.0,0.0,0.0,0.0,0.0,0.0,0.0,1.0,Baixo Risco
df12860814bb633c5333dc553cb2356b6309f9453b8badcf39688b6b74d71052,4771701.0,PR,0.8982414310855056,0.8530041727895563,927.0,245.14814814814812,0.96,0.0,979.0,989.0,0.0,0.0,0.0,0.0,0.0,0.0,0.0,0.0,1.0,Baixo Risco
1b99e1c7128a42981df10088c2775ade1409c8c312447aff79bef5e3e99a4d5e,6110801.0,SP,0.9346103304624548,0.7584594731896197,878.0,145.25,0.93,0.0,979.0,988.0,0.0,0.0,0.0,0.0,0.0,0.0,0.0,0.0,1.0,Baixo Risco
af577301b66b1d96dbc656e9f910323bf84575d678144876c702336afb3ea483,4930202.0,Sem Info,0.5002911431233084,0.705523808515935,147.0,116.5744680851064,0.46,0.06848,63.0,960.0,2.0,32583.010000000002,32583.010000000002,1.0,1.0,0.0,0.0,36.0,1.0,Baixo Risco
df939004f71bf1c34bacdc49b41863f9a46867f409c1067da87825f69e67069a,4639701.0,SP,0.3050862533323608,0.8529841478783682,746.0,75.0,0.74,0.0,887.0,971.0,0.0,0.0,0.0,0.0,0.0,0.0,0.0,0.0,1.0,Baixo Risco
512cbc11e55b78783f4dfde83d9de1f775edef6518158313abb8059afec9e612,4755503.0,SC,0.3578618152907966,0.4178903971158132,163.0,180.16666666666663,0.48,0.0,41.0,915.0,2.0,7990.6,8270.279999999999,4.5,1.0,0.0,-279.6799999999994,43.0,1.0,Baixo Risco
d17ffcbeed88a720e7e8f1fa7cbdaafd8902881c2d4ceb9c66caae4c13584bdc,4781400.0,PE,0.7565314055715284,0.8530041727895563,935.0,200.0,0.92,0.0,884.0,986.0,0.0,0.0,0.0,0.0,0.0,0.0,0.0,0.0,1.0,Baixo Risco
3e650656990d8b0663d08d2528e969bbe0fa031eedf276af88c234bd47e1a242,4530703.0,RS,0.9968391472675264,0.8884005921861371,958.0,230.25,0.93,0.01501,973.0,987.0,0.0,0.0,0.0,0.0,0.0,0.0,0.0,0.0,1.0,Baixo Risco
585e179133a8ec9ba551054efdb1affde9c3bda26b96779a8920cdb85c2ccd06,4771701.0,PR,0.9820671590372854,0.8530041727895563,950.0,221.29032258064515,0.99,0.0,982.0,988.0,0.0,0.0,0.0,0.0,0.0,0.0,0.0,0.0,1.0,Baixo Risco
eaeaa7fd3e27b44c090e130ff91a7f79185730230d57a237430590aff287dba5,2733300.0,RS,0.9947848631599604,0.9969769431192684,952.0,237.9777777777778,0.97,0.0034,981.0,989.0,0.0,0.0,0.0,0.0,0.0,0.0,0.0,0.0,1.0,Baixo Risco
cfd4ef09a02151e808864ca23d89fccdf473ff4dfdab8b2d86c94b7f9135d439,4711302.0,RS,0.9334092188732032,0.9939242330933016,957.0,219.80927835051543,0.96,0.0,980.0,988.0,0.0,0.0,0.0,0.0,0.0,0.0,0.0,0.0,1.0,Baixo Risco
862c7ca2b458fd3e3ce4880ca9602df926406475a73db70bb024ae0c151006f2,4930202.0,SP,0.9146624293609994,0.8530041727895563,757.0,191.58823529411765,0.81,0.02305,950.0,987.0,0.0,0.0,0.0,0.0,0.0,0.0,0.0,0.0,1.0,Baixo Risco
d38112f6f13a10698f4bd7362d723fa348f72498e03df1be3b83900b6cd93c5d,2599399.0,RS,0.8861068823523215,0.9538604688942612,958.0,125.33333333333331,0.99,0.21923,982.0,988.0,0.0,0.0,0.0,0.0,0.0,0.0,0.0,0.0,1.0,Baixo Risco
537f13a2a09794084dfb9edab5419121df3b55ae6b6e1a2916ae1e91684ba3ef,4530702.0,SP,0.5352223915665102,0.9138304228637332,924.0,111.90756302521008,0.98,0.33435,983.0,989.0,1.0,306.0,306.0,0.0,0.0,0.0,0.0,42.0,1.0,Baixo Risco
0b5161737356a80d60469584763d3b6c95fe542e0e48b16bc95767b9c2c1a205,2621300.0,RJ,0.9419861455740004,0.8530041727895563,941.0,37.44444444444444,0.92,0.78881,972.0,989.0,2.0,135763.99,135763.99,0.0,0.0,0.0,0.0,60.0,1.0,Baixo Risco
d5be12a774ddf1782b9cfa817b6e057c5393ba1901514b788f1e5581f7452b40,4781400.0,BA,0.9909415483118172,0.8530041727895563,822.0,31.0,1.0,0.0,906.0,984.0,0.0,0.0,0.0,0.0,0.0,0.0,0.0,0.0,1.0,Baixo Risco
9096df14ee1e2d83fe0c92526b94e0150bfcc05a38b5291fa4c7c95b18aaa7f1,4754701.0,SC,0.8571960454032899,0.9576837140718896,943.0,45.0,0.97,0.0,974.0,988.0,0.0,0.0,0.0,0.0,0.0,0.0,0.0,0.0,1.0,Baixo Risco
4c06de351f2071004c323933770c371245186ca9f68199d20d36e47f5ad04115,4711302.0,SC,0.8952266689312393,0.8530041727895563,930.0,196.54166666666663,0.94,0.1617,978.0,989.0,0.0,0.0,0.0,0.0,0.0,0.0,0.0,0.0,1.0,Baixo Risco
c6f58f96d236b64e3977b1b3e2fe61224775b1a59cde5a350e9588b5d6105c68,4645101.0,PB,0.9571428060137444,0.7401025478526791,824.0,133.3,0.92,0.0911,972.0,988.0,0.0,0.0,0.0,0.0,0.0,0.0,0.0,0.0,1.0,Baixo Risco
e813f465edfba786c4e503d1a5384fcc358832ef81e0edd06c40ebee3b94d1aa,4771701.0,PR,0.2141612697181952,0.8530041727895563,137.0,96.39189189189187,0.56,0.15498,32.0,896.0,0.0,0.0,0.0,0.0,0.0,0.0,0.0,0.0,1.0,Baixo Risco
9156cd8df170fb3486525eb5fe0fad43561d214b51012b846c91335503c959af,4744001.0,RS,0.1740519198683028,0.1823790842534454,158.0,152.0949494949495,0.69,0.13752,75.0,883.0,1.0,706.75,706.75,0.0,0.0,0.0,0.0,27.0,1.0,Baixo Risco
6df6138c233feb2711db1f85fa6ca76506d9f97b07c8e4f14ef9bea7e54dade2,2063100.0,SP,0.902897326412886,0.882038271714146,946.0,216.28985507246375,0.96,0.00627,972.0,988.0,3.0,20522.05,20875.62,2.3333333333333335,0.3333333333333333,0.0,-353.5699999999997,57.0,1.0,Baixo Risco
2342f5cdee08a0605d7376f947103eb92a55d5c51df8ee5ca38a8d4cb75f88f3,4781400.0,RS,0.9043119122356316,0.8530041727895563,949.0,219.77777777777777,0.98,0.02927,982.0,988.0,0.0,0.0,0.0,0.0,0.0,0.0,0.0,0.0,1.0,Baixo Risco
831c5a661b2d7ad035636a800feace77cdc5c8808822c5bf509d5f70c082175a,4693100.0,SP,0.9978294322138104,0.935261488588884,958.0,256.8,0.95,0.0,973.0,987.0,0.0,0.0,0.0,0.0,0.0,0.0,0.0,0.0,1.0,Baixo Risco
b31a6c6bf3b980cd9ea10c5d4fac16327578a7e65aa75050594bd1192f3872a5,4753900.0,MG,0.9819019905884604,0.8530041727895563,957.0,110.25,0.94,0.03326,981.0,988.0,0.0,0.0,0.0,0.0,0.0,0.0,0.0,0.0,1.0,Baixo Risco
3c611c79519999c88b4f9189e2892388dccf8265f129978209c64c314501ed82,4711302.0,CE,0.8032791317596355,0.7626072955817205,931.0,205.86428571428573,0.93,0.01974,972.0,986.0,0.0,0.0,0.0,0.0,0.0,0.0,0.0,0.0,1.0,Baixo Risco
380d46612cd3478af75e0c44b8dde7a233afd6987c4e42c9f26d2bb448f9d4a5,4771701.0,PR,0.9638096689508916,0.8530041727895563,941.0,215.73076923076923,0.95,0.04811,970.0,989.0,0.0,0.0,0.0,0.0,0.0,0.0,0.0,0.0,1.0,Baixo Risco
d0bd36ca0f7984458e322d819cc6661868fbd3923f651d3efb944a73a3dd9f95,1069400.0,GO,0.8859265301470522,0.8530041727895563,876.0,194.98275862068965,0.91,0.02115,961.0,986.0,0.0,0.0,0.0,0.0,0.0,0.0,0.0,0.0,1.0,Baixo Risco
c6c0738b0f7d43680dd381193ac19d0d1c7cf709839db72a66c355d6cd663e57,4771701.0,PR,0.9305355458583644,0.8530041727895563,789.0,61.77272727272727,0.86,0.0,944.0,986.0,0.0,0.0,0.0,0.0,0.0,0.0,0.0,0.0,1.0,Baixo Risco
90702b9ba4b450875024b0ce24cf20b22c47e7df6358d85c6549b3a6977acb69,4754702.0,PR,0.7624703232758384,0.6675353037958317,836.0,229.625,0.83,0.0,966.0,988.0,0.0,0.0,0.0,0.0,0.0,0.0,0.0,0.0,1.0,Baixo Risco
7b438fd81d0870abfbc2f247578b95372f5894018fd001201d6deed05a6695fe,4744001.0,RS,0.8676725069851963,0.8931662325488824,927.0,251.0,0.94,0.0,975.0,988.0,0.0,0.0,0.0,0.0,0.0,0.0,0.0,0.0,1.0,Baixo Risco
221b8e0c5be8e0139b29ec373e972c6d7c92140fb89d4656a7dc2413a11543e9,4771701.0,PR,0.9807908041209844,0.8530041727895563,950.0,237.04761904761904,0.97,0.04866,980.0,989.0,0.0,0.0,0.0,0.0,0.0,0.0,0.0,0.0,1.0,Baixo Risco
b2e74cc0960ab5679da0d304bbdc9614bc7abfbbd852a8f12aa00784ed29e037,4661300.0,MT,0.8074914892981744,0.8070809543070866,852.0,98.2109375,0.95,0.09414,979.0,988.0,0.0,0.0,0.0,0.0,0.0,0.0,0.0,0.0,1.0,Baixo Risco
164e1eba6ccdf29ea63f1ab61e47dc31f080848b05b81a3e5444d81f59c5bd66,4644301.0,SP,0.8765620679676733,0.9141010375914272,916.0,131.0952380952381,0.96,0.00294,979.0,988.0,0.0,0.0,0.0,0.0,0.0,0.0,0.0,0.0,1.0,Baixo Risco
743b0d9c43a64cb55e41eb4e68af2125fc58f7bbe1d31ea07db7272556f3922e,2330305.0,AL,0.994250800545517,0.6918534687048153,948.0,244.0,0.95,0.01781,971.0,988.0,1.0,1959.78,2051.21,8.0,1.0,0.0,-91.43000000000006,37.0,1.0,Baixo Risco
5f5475ec5bc1f3d5f115765e811f801e21e148970e21f6935877da06cbc4d00e,7319099.0,SP,0.5483301072447516,0.8530041727895563,475.0,83.34615384615384,0.64,0.24113,716.0,985.0,0.0,0.0,0.0,0.0,0.0,0.0,0.0,0.0,1.0,Baixo Risco
f618694ac43d81f84c8f8cbf12d07a0f7320a4bf03f08632787693c9ce068f66,4781400.0,PE,1.0,0.8530041727895563,843.0,0.0,1.0,0.0,871.0,959.0,0.0,0.0,0.0,0.0,0.0,0.0,0.0,0.0,1.0,Baixo Risco
59d41fec2f2a6032e5e1b4f4a1db445fb0783ec45ee681e9119adc71696a9c4d,4711302.0,SP,0.9545998463771386,0.8530041727895563,942.0,168.6551724137931,0.98,0.11638,983.0,988.0,0.0,0.0,0.0,0.0,0.0,0.0,0.0,0.0,1.0,Baixo Risco
835306731ad416e9c2bcff9d1fbdf1ccb9142828b8ccf30fa5e8ab9de782977e,4646001.0,Sem Info,0.6681415538053735,0.6739049288605685,737.0,200.35365853658536,0.85,0.01463,979.0,989.0,1.0,2000.0,2000.0,0.0,0.0,0.0,0.0,26.0,1.0,Baixo Risco
20939a3f14af2ff48fb6d55c17f279f4858fbf8bab8f904f49717e65caae0b48,4712100.0,GO,0.9797449316267708,0.8530041727895563,948.0,246.8947368421053,0.96,0.00925,955.0,986.0,0.0,0.0,0.0,0.0,0.0,0.0,0.0,0.0,1.0,Baixo Risco
4893e199cf120e94326bb6abd7da71942d88f19c517f386cd55627cce4dd16bc,4755503.0,BA,1.0,0.8530041727895563,956.0,266.6666666666667,0.99,0.0,970.0,988.0,0.0,0.0,0.0,0.0,0.0,0.0,0.0,0.0,1.0,Baixo Risco
8030e998294e5b125cd0246c6a382cfda96601cebfd9aece522a5008574ae757,1412601.0,RN,0.979725056471342,0.8530041727895563,928.0,275.0,0.94,0.0,935.0,986.0,0.0,0.0,0.0,0.0,0.0,0.0,0.0,0.0,1.0,Baixo Risco
b428749ddaa46e65a13b44e0edc7179516ed380333d9d7cb87452d2f9deb6a3b,1412601.0,MG,0.6574398231252617,0.816726714408807,889.0,210.6,0.89,0.00029,977.0,988.0,0.0,0.0,0.0,0.0,0.0,0.0,0.0,0.0,1.0,Baixo Risco
f41c10c19f6ddbe370c114dbfc1f10ee9228d7756aadf051d9ee21186378165d,2592602.0,SC,0.9991111451824344,0.9703099599574908,943.0,181.7,0.95,0.00069,971.0,989.0,0.0,0.0,0.0,0.0,0.0,0.0,0.0,0.0,1.0,Baixo Risco
57c7a5adbaf11799e6d9b9a9d42384191d2cc847a6e9a877dbe9f2439e1de0ec,4782201.0,SP,0.8414100884042904,0.8530041727895563,929.0,116.66666666666669,0.8,0.62867,952.0,988.0,0.0,0.0,0.0,0.0,0.0,0.0,0.0,0.0,1.0,Baixo Risco
d00190636dab371fb377c2436c4a2f87ddc7ac076ff196f2b1f2308468cd2bef,4763601.0,SP,0.3211815448234772,0.8530041727895563,904.0,97.27083333333331,0.94,0.40278,980.0,986.0,0.0,0.0,0.0,0.0,0.0,0.0,0.0,0.0,1.0,Baixo Risco
1405988018437fdb009882c2b9f39e924443746175899f2b8f3f5651725134d6,4663000.0,Sem Info,0.6485026817820791,0.05,876.0,148.04166666666666,0.92,0.01009,948.0,985.0,1.0,2900.0,2900.0,0.0,0.0,0.0,0.0,45.0,1.0,Baixo Risco
93b14c96fbf21a421408a4d623cf33e3acc9d0157a5e249b28becb2327206bbc,4781400.0,MG,0.9519448821880168,0.8530041727895563,815.0,153.0,0.97,0.39595,971.0,988.0,0.0,0.0,0.0,0.0,0.0,0.0,0.0,0.0,1.0,Baixo Risco
18c235d164d57099ce739915ecf887ddbdb3ed5ff6d16942e8fdef6cd10b390f,4771701.0,PR,0.6582453523303904,0.8530041727895563,796.0,87.0,0.96,0.17828,122.0,940.0,0.0,0.0,0.0,0.0,0.0,0.0,0.0,0.0,1.0,Baixo Risco
96682329c88ed7dc0ade11ed4e7fc1b9c80e8efbb4e9fb9e83bb7df3cafa772d,1099699.0,MG,0.564983838714031,0.7787174595603629,189.0,99.04081632653062,0.53,0.0102,48.0,957.0,2.0,106500.0,106500.0,0.0,0.0,0.0,0.0,56.0,1.0,Baixo Risco
6bf6c314009df0ac7be5adaee4b57045695184f05ed34d485ec519ab93860f1c,161003.0,SP,0.6198429028425044,0.8530041727895563,397.0,119.6,0.89,0.0,551.0,977.0,0.0,0.0,0.0,0.0,0.0,0.0,0.0,0.0,1.0,Baixo Risco
6d516726815c1a55a33a79bc37baa1052f522e012c348646e193eb1e9b92d296,4930202.0,BA,0.4930753044525519,0.8530041727895563,198.0,115.89433962264152,0.69,0.23882,151.0,984.0,3.0,436734.37,227996.76,6.333333333333333,0.3333333333333333,0.0,208737.61,17.333333333333332,1.0,Baixo Risco
d4bc85b904b70a8aa1434a33b2a3ef96eaa3af97bb4307e92446f87ec86481dc,4761003.0,MG,0.8044334044979187,1.0,964.0,0.0,0.98,0.0,981.0,988.0,0.0,0.0,0.0,0.0,0.0,0.0,0.0,0.0,1.0,Baixo Risco
c16ae69bab6318bd497b3449b5b856ba8008827026e9fc4ebe6173b38243c9a4,4647801.0,DF,0.7304003500452327,0.957226454209728,380.0,235.0,0.53,0.0,959.0,988.0,0.0,0.0,0.0,0.0,0.0,0.0,0.0,0.0,1.0,Baixo Risco
6f3440f7be91143d0e24b438bec97a25941ac50b3facf011b5a6cc559fc95500,4731800.0,BA,0.995479706207542,0.7545782123895015,956.0,245.3548387096774,0.95,0.0,978.0,987.0,0.0,0.0,0.0,0.0,0.0,0.0,0.0,0.0,1.0,Baixo Risco
9f000ab3e9d5d6903b617fca71f7448bf466097b73d48f8a218ab47a5bae0d4d,4781400.0,PR,0.8997248859193835,0.8530041727895563,797.0,190.91666666666663,0.83,0.19551,974.0,989.0,0.0,0.0,0.0,0.0,0.0,0.0,0.0,0.0,1.0,Baixo Risco
8e5a9033d93087783ecb9c75e42b210b1fc52716a77251a7b4aafa81cc29158d,2062200.0,SC,0.9685469883081734,0.9149465201843257,955.0,242.59375,0.96,0.0,979.0,988.0,1.0,1441.0,1441.0,2.0,1.0,0.0,0.0,62.0,1.0,Baixo Risco
f8b085586559a6e43c3b9fc03da84af42f8e3e75408e13b13d13f845e8cc53d3,2731700.0,SC,0.9497174946163516,0.7958640386531429,948.0,237.23684210526315,0.96,0.26819,982.0,989.0,0.0,0.0,0.0,0.0,0.0,0.0,0.0,0.0,1.0,Baixo Risco
1444f73a311519f53cf89b14a74cc90eba160805c60b996187344dfb23643f81,4679604.0,Sem Info,0.05,0.8530041727895563,203.0,0.0,0.05,0.0,659.0,699.0,1.0,28517.56,28517.56,0.0,0.0,0.0,0.0,114.0,1.0,Baixo Risco
8aaaf534b99ebff72c874d3a7fc2ecfff1d34c19e0fd6b498ccb037675cbe6b7,5611203.0,DF,0.9893818955982449,0.8530041727895563,896.0,156.5,0.91,0.0,919.0,987.0,0.0,0.0,0.0,0.0,0.0,0.0,0.0,0.0,1.0,Baixo Risco
ce57dcbeff0878d6be85d66e53f56047dfd9f438ab7fcd563fce96ffe0a9f75d,2099199.0,Sem Info,0.5752736166305048,0.700433883380722,474.0,139.61764705882354,0.87,0.24686,799.0,986.0,3.0,4558.33,4558.33,0.3333333333333333,0.3333333333333333,0.0,0.0,39.333333333333336,1.0,Baixo Risco
8dea1f36dc932e31f565221b9ab7e2d865725d09bc48761aafc659d950a55dad,4639701.0,BA,0.5917912518038333,0.6121366562562293,520.0,152.9591836734694,0.88,0.10494,800.0,984.0,0.0,0.0,0.0,0.0,0.0,0.0,0.0,0.0,1.0,Baixo Risco
a92433d487ac99b0eb2062bf8b78c9b2fe20800b0af8886413102bf022de7e1b,9601703.0,RJ,0.70969536448142,0.4630866671152642,574.0,125.58333333333331,0.89,0.35618,945.0,986.0,0.0,0.0,0.0,0.0,0.0,0.0,0.0,0.0,1.0,Baixo Risco
32b882b0514e33ae4ffbf608156485b5e1cda7a7b9fe8a8c832988a819834a4b,2949299.0,Sem Info,0.73547762483105,0.7982131501269016,423.0,246.7844827586207,0.82,0.0,917.0,987.0,2.0,1257.6399999999999,1257.6399999999999,0.0,0.0,0.0,0.0,39.0,1.0,Baixo Risco
821b4869226c1e284e25b6a859e81a41117d9282aee90f55b6f94b3d85902000,4771701.0,PR,0.932923478345314,0.8530041727895563,922.0,170.95454545454547,0.96,0.11641,982.0,988.0,0.0,0.0,0.0,0.0,0.0,0.0,0.0,0.0,1.0,Baixo Risco
6b00aa76e8b33917821a6c05bbfa17d7ef37d0316a7b8b26c5fb361375a1f6f4,6920601.0,RJ,0.1309690384805207,0.8530041727895563,226.0,195.5,0.5,0.04783,265.0,840.0,0.0,0.0,0.0,0.0,0.0,0.0,0.0,0.0,1.0,Baixo Risco
0e94ea94c81ccd1b2898cc05875e27084fadd677347959b6c21b9cfa48646c82,2943300.0,SP,0.9413082290588932,0.9739288492398486,960.0,195.8421052631579,0.98,0.01507,979.0,988.0,0.0,0.0,0.0,0.0,0.0,0.0,0.0,0.0,1.0,Baixo Risco
20eb37521df91ad97f23bd4007734768d3ffe5afde1013dd7fad2c60a9ad5322,4771701.0,PR,0.9131700005418264,0.05,964.0,255.7586206896552,0.98,0.20313,981.0,989.0,0.0,0.0,0.0,0.0,0.0,0.0,0.0,0.0,1.0,Baixo Risco
b20f33ff76137034b742c21f09fad4d10ddb32e832237d1c6123ef48df7adc7d,1321900.0,Sem Info,0.5464560421238343,0.6716546412631917,360.0,147.36979166666666,0.82,0.09094,654.0,985.0,1.0,39783.65,0.0,22.0,1.0,0.0,39783.65,89.0,1.0,Baixo Risco
6736cb554e3aef2954779991c29c8b55d004acd60a4b9f017b340325d58d1f7c,4646001.0,Sem Info,0.8037035997500729,0.577304364483133,956.0,133.8744394618834,0.94,0.0552,979.0,986.0,5.0,10549.6,4547.4400000000005,0.4,0.2,0.0,6002.16,39.2,1.0,Baixo Risco
20d099aef72663aa7310978582ddf8c6d5e5d45dfdb0bc937d392fd4c1c2d02d,4661300.0,RS,0.5254592215746418,0.7400395351038823,534.0,123.0909090909091,0.8,0.00652,751.0,946.0,0.0,0.0,0.0,0.0,0.0,0.0,0.0,0.0,1.0,Baixo Risco
06baeff25e03c94b14559d2d3dee794edf3777a8a3b6b3702fcf131c9f0bf66d,4686902.0,Sem Info,0.8615186978737546,0.9655823570638186,925.0,198.125,0.96,0.23462,978.0,988.0,0.0,0.0,0.0,0.0,0.0,0.0,0.0,0.0,1.0,Baixo Risco
f3f3d6e8bb55158989f2bc10fe99f375fe3d53c105a5d78809f81ffdb35ef4df,1020101.0,SP,0.7498848563887252,0.8877343925599068,684.0,149.09375,0.92,0.13,747.0,986.0,4.0,7798.41,6346.139999999999,0.75,0.5,0.0,1452.27,37.5,1.0,Baixo Risco
fb18b1a92339e5933167e864cfd8153b3848d38a8f8b294dbd3da7d7a6d8ca8c,4781400.0,SP,0.9551168616538496,0.8530041727895563,949.0,243.8947368421053,0.98,0.04044,981.0,987.0,0.0,0.0,0.0,0.0,0.0,0.0,0.0,0.0,1.0,Baixo Risco
d75ebb8c91b5515a7c87778c60c3a8399e5d510cf920a3c41f21c4d56f5faae1,5620104.0,SP,0.8834582534519644,0.8530041727895563,781.0,247.4,0.91,0.0,894.0,983.0,0.0,0.0,0.0,0.0,0.0,0.0,0.0,0.0,1.0,Baixo Risco
8bf47f0dd60eac18dd33808dbaf6bfcce1c8c1d8251bff2c5918e991af73b4bc,4781400.0,RS,0.8366920453007624,0.8530041727895563,770.0,195.42857142857144,0.97,0.18217,970.0,989.0,0.0,0.0,0.0,0.0,0.0,0.0,0.0,0.0,1.0,Baixo Risco
46ecd74c970e00adb8da9e82cbb2127564ba0c43f448936314da89adf1125ce6,4771701.0,PR,0.9913687986424176,0.8530041727895563,847.0,65.22222222222223,0.98,0.00202,964.0,986.0,0.0,0.0,0.0,0.0,0.0,0.0,0.0,0.0,1.0,Baixo Risco
c3439a302c9fbbd14306230e9fe13ce18c9c19bf1cbf422f30915fc8823a5743,4789099.0,SC,0.9874621420804196,0.7670597449537448,962.0,20.0,0.91,0.0,977.0,988.0,0.0,0.0,0.0,0.0,0.0,0.0,0.0,0.0,1.0,Baixo Risco
773039da891b6e63c494c46bd26b90aa8617d133653b3faa4ebcb4b09537e9bb,4669999.0,RS,0.9759461626830472,0.8058069286866997,377.0,123.07142857142856,0.65,0.0,424.0,968.0,0.0,0.0,0.0,0.0,0.0,0.0,0.0,0.0,1.0,Baixo Risco
1bd3535743b740d09c4f25e958efa4d5740bec78f377331072a49a9b6bb5d24a,4771701.0,PR,0.993698269419822,0.8530041727895563,938.0,200.5,0.96,0.25439,974.0,989.0,0.0,0.0,0.0,0.0,0.0,0.0,0.0,0.0,1.0,Baixo Risco
26408636f1668bc3f34dd76e8ec935d409b8e5a011943dde5360797569fd2bbd,4744099.0,SC,0.9216814912371292,0.8530041727895563,935.0,199.31578947368425,0.97,0.07898,967.0,989.0,0.0,0.0,0.0,0.0,0.0,0.0,0.0,0.0,1.0,Baixo Risco
e9f76c104a6c984557e8c78c992e25a638ed4003772b42bf5b9b7896ac2a957e,4781400.0,MG,0.9758321342287916,0.8530041727895563,847.0,197.2,0.96,0.0,975.0,988.0,0.0,0.0,0.0,0.0,0.0,0.0,0.0,0.0,1.0,Baixo Risco
b2eeb2bd7a1fb684c2d9b259370dbfb882bed2407fe798b807528f759c325e7e,4649406.0,CE,0.1379475122515097,0.9913183714514908,169.0,108.17021276595744,0.65,0.2306,62.0,779.0,4.0,346981.5,121231.49,36.0,0.75,0.0,225750.01,131.25,1.0,Baixo Risco
76d9ba19e1e7c5752cc3881108560905fae8adc79ed35f7596628ef66913c1b3,7740300.0,PR,0.0776359600517836,0.05,60.0,123.57758620689656,0.32,0.0027,71.0,844.0,1.0,50000.0,0.0,57.0,1.0,0.0,50000.0,387.0,1.0,Baixo Risco
45aa6cbf18fb40daebbec5764d5b8a9e22efb9813f51c33372e822c400aa9a2a,2311700.0,SP,0.3502419485241034,0.7638550269358458,170.0,151.2,0.55,0.00096,402.0,956.0,2.0,2138.88,2138.88,0.0,0.0,0.0,0.0,53.0,1.0,Baixo Risco
b8efa3d27119a0cd65f0e36798654e563be4ac93b8ec9a92917d9ddff06c8148,4755502.0,BA,0.3908184718864963,0.8530041727895563,252.0,22.25,0.86,0.52985,711.0,986.0,0.0,0.0,0.0,0.0,0.0,0.0,0.0,0.0,1.0,Baixo Risco
9e051640c274223d6efc31a5cab79bb3a9d1c6a34e585f8b8608a17f7dbd7ebc,1061901.0,TO,0.3614826950551615,0.8530041727895563,494.0,199.66666666666663,0.84,0.35278,159.0,842.0,0.0,0.0,0.0,0.0,0.0,0.0,0.0,0.0,1.0,Baixo Risco
54bc8e76f7a9d0b1c9f2853b4ebd3be807dc208c70991bad3d8308fb6e9ff6b7,2071100.0,GO,0.9361935013399684,0.7336589600632205,902.0,0.0,0.96,0.0,978.0,986.0,0.0,0.0,0.0,0.0,0.0,0.0,0.0,0.0,1.0,Baixo Risco
6765b9a197bf244972564283d78e62bb161247499304cfa081ad0cdd35a6f220,4754702.0,SP,1.0,0.680780346114948,962.0,246.66666666666663,0.95,0.0,978.0,989.0,0.0,0.0,0.0,0.0,0.0,0.0,0.0,0.0,1.0,Baixo Risco
7bc60f912712a3b628c1feb1265616729b22117ddf7e6933e4354de1fc529038,4729699.0,RJ,0.8911496836271284,1.0,910.0,219.25,0.94,0.0,964.0,987.0,0.0,0.0,0.0,0.0,0.0,0.0,0.0,0.0,1.0,Baixo Risco
57a4da7eaaf6771a2df12181c4653e8e191e6dfc5a53e44ff202f1454e906cc7,4781400.0,MS,0.989129078712244,0.8530041727895563,929.0,178.25,0.95,0.08107,892.0,985.0,0.0,0.0,0.0,0.0,0.0,0.0,0.0,0.0,1.0,Baixo Risco
e8a6b42811c8cc1a35009ad4ecd14bfe3d597f2e3bf7aa16bd40b9b26b63f67e,8610102.0,PR,0.8034982541790354,0.8530041727895563,911.0,150.9041095890411,0.95,0.32208,965.0,987.0,0.0,0.0,0.0,0.0,0.0,0.0,0.0,0.0,1.0,Baixo Risco
aec3801d8596ad03bdfbbb49bb3263a6c46dadaaccfbadfc7ad7baf7f8ed4f2b,4110700.0,RS,0.7614365908036129,0.8530041727895563,620.0,164.65,0.8,0.02424,953.0,989.0,0.0,0.0,0.0,0.0,0.0,0.0,0.0,0.0,1.0,Baixo Risco
adf1420fdc57bc0fe9650e6e34fc626775c329d36c7ba58ef8bf2096654bd7a0,4530701.0,MG,0.9241061626945568,0.8721964433835564,923.0,118.31396438612931,0.91,0.05099,983.0,989.0,14.0,6559.82,5330.97,0.6428571428571429,0.14285714285714285,0.07142857142857142,1228.85,48.285714285714285,1.0,Baixo Risco
6fb780c0b53c6fc0307e3c8731d02e8b2b4b871b8ac852af3db15bf7bb19ee3f,4663000.0,MG,0.8784632442227825,0.908358873731478,946.0,126.98048780487804,0.95,0.29737,974.0,987.0,0.0,0.0,0.0,0.0,0.0,0.0,0.0,0.0,1.0,Baixo Risco
103f8ce7f6ced5ae7d75dc9ca1713a3c522da0c1cd9942cf64af4717812d81cf,4781400.0,SP,0.7028619605688395,0.6555594804685886,900.0,231.77777777777777,0.95,0.0,978.0,989.0,0.0,0.0,0.0,0.0,0.0,0.0,0.0,0.0,1.0,Baixo Risco
d1ff1e72c311707904aacceb9fd198d90bb1767074f865fc5e03fd81299053cd,4771701.0,PR,0.9651905218332298,0.8849772308901398,951.0,243.44,0.99,0.02155,982.0,988.0,0.0,0.0,0.0,0.0,0.0,0.0,0.0,0.0,1.0,Baixo Risco
d510a11aca53d82f6fb9bf563f7686616b69dccf23613f8dcefd2df7a11d413c,4771701.0,PR,0.984346765416496,0.8530041727895563,951.0,252.325,0.98,0.10131,983.0,989.0,0.0,0.0,0.0,0.0,0.0,0.0,0.0,0.0,1.0,Baixo Risco
b01951ce4fd724a6e8aabfb55d35155834e97fa59ff5b6d46b23aa8138207160,4781400.0,GO,0.9531902671044512,0.8530041727895563,895.0,136.66666666666666,0.98,0.0,888.0,984.0,0.0,0.0,0.0,0.0,0.0,0.0,0.0,0.0,1.0,Baixo Risco
caa09567507152e2fb0f22dfc64f1b90b298254b771a01b177d561a7c5f0d5e0,4669999.0,SP,0.8042349530609813,0.7295047190211201,885.0,161.58333333333334,0.89,0.00615,946.0,988.0,0.0,0.0,0.0,0.0,0.0,0.0,0.0,0.0,1.0,Baixo Risco
dc76a8d653eb58e42994de75176d05145b6c981b134b3278451695cf002dbf7d,4649406.0,SP,0.05,0.8530041727895563,330.0,160.04166666666666,0.76,0.61179,201.0,831.0,0.0,0.0,0.0,0.0,0.0,0.0,0.0,0.0,1.0,Baixo Risco
48b6c0f3744aea4dc47e6c681f655fa06add7cbeafb64dbdcd9bf888d9044432,4781400.0,PI,0.6504457218655503,0.8530041727895563,634.0,42.76056338028169,0.91,0.23392,982.0,988.0,0.0,0.0,0.0,0.0,0.0,0.0,0.0,0.0,1.0,Baixo Risco
7f29a1d70097c85156af420b91a45c90890718d1802e12a15b77f21e98d84584,4711302.0,BA,0.602506748055518,0.8530041727895563,439.0,140.04651162790697,0.87,0.06922,649.0,982.0,0.0,0.0,0.0,0.0,0.0,0.0,0.0,0.0,1.0,Baixo Risco
b8105b175871df4dbb4a6b2c7293612e5f7979c982906229937cf9d0e3e34bf3,4930201.0,Sem Info,0.1670210801206212,0.8530041727895563,118.0,142.54545454545453,0.32,0.08131,110.0,956.0,3.0,6397.59,6397.59,0.0,0.0,0.0,0.0,18.0,1.0,Baixo Risco
65bf84ad7fb792be4c4b30925f119dc0c6e929a3c909fa0b79ca82827e0aab01,1733800.0,RJ,0.8542914158591414,0.7879911167392295,654.0,175.53703703703704,0.91,0.06163,953.0,988.0,4.0,78239.26999999999,78239.26999999999,0.0,0.0,0.0,0.0,30.5,1.0,Baixo Risco
c46fcea7c8bca240a7e577cddc02987300c2b8622f5da41883a5244d64e2d564,1721400.0,MG,0.8265063903764803,0.8530041727895563,698.0,217.26568265682656,0.93,0.02065,978.0,988.0,1.0,6194.6,6194.6,0.0,0.0,0.0,0.0,39.0,1.0,Baixo Risco
c5fbb6b55803b3f44b26b016df085ab2c95afdbbe86583979f25fff18929d8ef,4744099.0,MS,0.0613753583094805,0.568619746496821,102.0,93.25,0.54,0.20763,22.0,482.0,0.0,0.0,0.0,0.0,0.0,0.0,0.0,0.0,1.0,Baixo Risco
cbe321c2cdab401f3cc6c4febfa0714e1e5b2229e7037870212bb2fa5d1c7c13,8219999.0,SP,0.4798575052831705,0.6366638258707277,258.0,91.38823529411764,0.51,0.0276,68.0,952.0,2.0,8013.94,8013.94,0.0,0.0,0.0,0.0,17.5,1.0,Baixo Risco
d6baabdce224d7faa41823c342b73dbbec43076e39249daf266a7c81aad8c34f,4711302.0,SP,0.9487654565372016,0.8530041727895563,929.0,183.7974683544304,0.95,0.06401,978.0,988.0,0.0,0.0,0.0,0.0,0.0,0.0,0.0,0.0,1.0,Baixo Risco
723a2dcf6076b386c8277c8807b677e036549ae4feda1f5f9e9d0c99201722b1,4771701.0,PR,0.9321828869291042,0.8530041727895563,935.0,240.5,1.0,0.0,968.0,987.0,0.0,0.0,0.0,0.0,0.0,0.0,0.0,0.0,1.0,Baixo Risco
df0a8068c10978ad1cd8553a190bce8dec38e577afc6f83debecba22d186936d,4639701.0,SP,0.948477926501824,0.7909792720469068,924.0,178.11111111111111,0.95,0.08256,972.0,988.0,0.0,0.0,0.0,0.0,0.0,0.0,0.0,0.0,1.0,Baixo Risco
7dee8a2dbfc5fed9b4579e9a2e2fd3a873fe696fa623fcfa3a1900b82ca9b206,4772500.0,SP,0.379959840416778,0.5058222591837985,783.0,183.25,0.67,0.20296,859.0,970.0,1.0,2001.17,2113.23,3.0,1.0,0.0,-112.05999999999995,35.0,1.0,Baixo Risco
67f8e87f7753a7f8b57329e90fd533fc6d7b8c85dd733f89e40420d724bd146a,4646001.0,SP,0.9785392033716646,0.9453877450729103,733.0,165.61111111111111,0.88,0.10967,983.0,988.0,1.0,1001.28,1001.28,0.0,0.0,0.0,0.0,42.0,1.0,Baixo Risco
48db299e2d459f993b60bf092d9da08f42b8e7901e749481ccfc37d0aef946d6,2710402.0,SP,0.9806233612671532,0.8928363139358141,963.0,147.25,0.96,0.0,982.0,988.0,0.0,0.0,0.0,0.0,0.0,0.0,0.0,0.0,1.0,Baixo Risco
41524bafb33e589daae26c9c3944df9eab7da26ac8a1687b82b15e725d4e2fbc,2062200.0,PR,0.9169019763590432,1.0,923.0,271.7142857142857,0.94,0.0,973.0,988.0,1.0,136170.0,136170.0,0.0,0.0,0.0,0.0,30.0,1.0,Baixo Risco
7b43815f66016d89d373696a5fd6bc0d662cde0883724363d10f37ac4bb5654f,1413401.0,RJ,0.9972257707848052,0.5047200441077299,929.0,209.5,0.9,0.0,978.0,986.0,0.0,0.0,0.0,0.0,0.0,0.0,0.0,0.0,1.0,Baixo Risco
bb921d3ba7f4a04af6bd618808de55202ed71f863a63a7abb2f3aef0cf4fc698,4782201.0,RS,0.87253276204567,0.7232012723718964,940.0,252.6950354609929,0.97,0.0434,981.0,989.0,1.0,1091.87,1091.87,0.0,0.0,0.0,0.0,59.0,1.0,Baixo Risco
c1cd2f183be83d13f486d386e85a85c2ba7e94212826f0b7154d2c726dac4c42,4742300.0,SC,0.6794589421562541,0.518654789120416,669.0,228.85294117647055,0.93,0.0,158.0,970.0,0.0,0.0,0.0,0.0,0.0,0.0,0.0,0.0,1.0,Baixo Risco
b5a18da5bcd9ddd56f1c3eafb369952faf7e8b29e53cb9a14f8e4706b81e8f26,2731700.0,SP,0.6304628167597135,0.5881728738215302,680.0,172.06666666666666,0.83,0.31917,168.0,982.0,1.0,2100.0,2100.0,0.0,0.0,0.0,0.0,28.0,1.0,Baixo Risco
9c06a585d9f9cfbd3d0f02ef8f310105b9b100230734c35c1eb21e56910c4290,4712100.0,BA,0.0761080761033892,0.8530041727895563,110.0,53.833333333333336,0.52,0.31329,44.0,638.0,0.0,0.0,0.0,0.0,0.0,0.0,0.0,0.0,1.0,Baixo Risco
ed4dd760d7c1978b724aa2c1cbd1bdb137002ac17afc7f9d383c98e4f269528f,4789005.0,SC,0.9222945079136884,0.6791375605786819,895.0,171.52631578947367,0.94,0.20199,964.0,986.0,0.0,0.0,0.0,0.0,0.0,0.0,0.0,0.0,1.0,Baixo Risco
8444660e9b6bd6e6f8a15fd547e14b93bf1151164a579de733afd7c426e368cf,1330800.0,RS,0.921608327156217,0.536750551570607,349.0,155.02083333333334,0.77,0.02107,208.0,924.0,2.0,1487.28,1487.28,0.0,0.0,0.0,0.0,28.0,1.0,Baixo Risco
c66f581ee7f801f47a6d021b52041a30bab793a9c0c1bc68a0967c2d8518af6f,2063100.0,RJ,0.7203350615962913,1.0,891.0,194.38709677419357,0.89,0.02906,962.0,988.0,1.0,1673.16,1673.16,0.0,0.0,0.0,0.0,46.0,1.0,Baixo Risco
894ef1b23074717c66c5396a0982cc0796248d72a616f08ed6d56ce314dbe5d6,1013902.0,MG,0.0562924252344765,0.05,603.0,240.8,0.76,0.58966,385.0,956.0,1.0,39798.0,39798.0,0.0,0.0,0.0,0.0,42.0,1.0,Baixo Risco
b0958240c852a49eb3bfcf77b0f0d0cec8a7f6a2196b03655a5b7787801916cd,4782201.0,MT,0.3817970524611131,0.8530041727895563,158.0,87.08,0.72,0.28756,139.0,965.0,0.0,0.0,0.0,0.0,0.0,0.0,0.0,0.0,1.0,Baixo Risco
0512b1c476b79d0cc80457db88a159cb60d5ebf62ea97d9b3ffab7d73cf9962c,2219600.0,Sem Info,0.6363928992353933,0.05,167.0,135.72881355932202,0.53,0.26385,69.0,983.0,1.0,2650.09,2650.09,0.0,0.0,0.0,0.0,112.0,1.0,Baixo Risco
9de3cfb70b641a97c49e089f1f6777d34e2d6b2e8e341da02f3c4c9effc45c7e,8112500.0,CE,0.6049380487908002,0.8530041727895563,860.0,197.0,0.88,0.0,943.0,987.0,0.0,0.0,0.0,0.0,0.0,0.0,0.0,0.0,1.0,Baixo Risco
85b5b6f0c601777d649f27b044a7a75e734fbc716f202316d435b77fd85d7e63,3250705.0,Sem Info,0.3641882105333336,0.8918222111025753,176.0,117.66310160427808,0.61,0.21331,95.0,980.0,1.0,3200.0,3200.0,0.0,0.0,0.0,0.0,46.0,1.0,Baixo Risco
694b625b8064b25561cc41ddb3064adf054d6698e714c84be2ed50b5294debfc,1413401.0,MG,0.9566150298818028,0.8880924699716328,921.0,275.90909090909093,0.96,0.0,982.0,988.0,0.0,0.0,0.0,0.0,0.0,0.0,0.0,0.0,1.0,Baixo Risco
be484b07471fd6baeed1d7a54f6485f2cb7741820ef70c2e5796551fa897f1d4,4742300.0,GO,0.9761618978430426,0.7334304671267092,933.0,191.33333333333331,0.93,0.0,966.0,988.0,0.0,0.0,0.0,0.0,0.0,0.0,0.0,0.0,1.0,Baixo Risco
8b7dc596734ca9828b2c24486f1d484f6f85b0e33a6dcae2108299478ddb7748,4530705.0,MA,1.0,0.7515527950310559,942.0,347.1666666666667,0.88,0.0,967.0,988.0,0.0,0.0,0.0,0.0,0.0,0.0,0.0,0.0,1.0,Baixo Risco
c49e86c046999c02473d8fb512e3d8cf4b2255577cb7ebf3d645ebd3fc66971c,4313400.0,SC,0.3970061168730063,0.6908860448951221,122.0,112.88571428571429,0.4,0.09186,98.0,979.0,0.0,0.0,0.0,0.0,0.0,0.0,0.0,0.0,1.0,Baixo Risco
48691a44b78138762d15cf135f210c1a74a31211eb7100c621f79acbcf04ee55,4771701.0,PR,0.886349967294418,0.8530041727895563,785.0,19.25,0.7,0.20958,865.0,986.0,0.0,0.0,0.0,0.0,0.0,0.0,0.0,0.0,1.0,Baixo Risco
e8381d936e7a1d0cea27e30103fe07ddb46c806e66f6f46470ce87afd2b56689,6619399.0,RS,0.8173375755204966,0.05,928.0,243.0,0.96,0.0,979.0,988.0,1.0,142579.2,142579.2,2.0,1.0,0.0,0.0,160.0,1.0,Baixo Risco
cf95452190451444c4a6cee3b6cbcbeaa6d14e0e640229f143cb31dcdb126c55,1412601.0,ES,0.8577683100838954,0.744614391476934,758.0,184.25,0.85,0.0,956.0,987.0,0.0,0.0,0.0,0.0,0.0,0.0,0.0,0.0,1.0,Baixo Risco
58ef1ceb22bec7ec95154f7a62cb5375a4ba6e02d6b3d1bcbd006ec806404695,4741500.0,GO,0.860673558361944,0.9270789348250238,914.0,220.20833333333331,0.95,0.04655,757.0,986.0,0.0,0.0,0.0,0.0,0.0,0.0,0.0,0.0,1.0,Baixo Risco
671de95e183c09d580a28d7649a805178c8560a4015f15da39adfc9fac8dfe12,4772500.0,SP,0.5392864130590929,0.8530041727895563,807.0,290.6666666666667,0.88,0.0,884.0,988.0,0.0,0.0,0.0,0.0,0.0,0.0,0.0,0.0,1.0,Baixo Risco
5a2d91f208ac25533808cbaeff898621191ed21e83a3a00b38ddb8e848bdb024,9511800.0,SC,0.4028629028548401,0.8530041727895563,346.0,156.0,0.88,0.09936,268.0,935.0,0.0,0.0,0.0,0.0,0.0,0.0,0.0,0.0,1.0,Baixo Risco
e45ed7624cbbdc2e0e2e2a1d0af743ecd002a385b48dc6f00f46cfd8f1f3173b,4541206.0,SP,0.919599845290318,0.9503240676494767,951.0,221.7333333333333,0.98,0.04945,980.0,988.0,0.0,0.0,0.0,0.0,0.0,0.0,0.0,0.0,1.0,Baixo Risco
a9a088b774022ce436f0bd33f34b821389cfdad497c07bbc6749047f274df690,4761003.0,PR,0.9872235726286762,0.7965127269906436,948.0,173.0,0.97,0.04917,966.0,988.0,0.0,0.0,0.0,0.0,0.0,0.0,0.0,0.0,1.0,Baixo Risco
b3c5df716df9157e641804524702d3572f8c0fc9b9c6429425888eaaabb722c1,4930202.0,Sem Info,0.9902850580098088,0.7558200331905993,916.0,190.0,0.93,0.0,968.0,987.0,1.0,917.7,917.7,0.0,0.0,0.0,0.0,22.0,1.0,Baixo Risco
8028548893b24d8f232b1d9fa5d5568ab4404bde095096dc1c92355a00e695b4,4781400.0,PE,0.992749549186248,0.8530041727895563,966.0,125.5,0.96,0.07629,961.0,989.0,0.0,0.0,0.0,0.0,0.0,0.0,0.0,0.0,1.0,Baixo Risco
3f932e9c3baf02499f483d823ddd896107fcef8313ed754a19fee0a714328acc,3832700.0,Sem Info,0.2875583922067268,1.0,99.0,84.8,0.65,0.28153,103.0,912.0,1.0,8666.67,0.0,0.0,0.0,1.0,8666.67,0.0,1.0,Baixo Risco
46d2e7f1b88e26e9194e3490b5a794beb9e80348966300e10e66d1b2015fb72f,4744099.0,CE,0.9041929980721386,0.8530041727895563,498.0,278.0,0.92,0.0,909.0,987.0,0.0,0.0,0.0,0.0,0.0,0.0,0.0,0.0,1.0,Baixo Risco
ee48836b86abd5c2e49585969ef8fc1bee6ece0ec044b296da4909a359b4b0e5,4721103.0,BA,0.7537317019824179,0.8530041727895563,464.0,129.0,0.74,0.16916,145.0,930.0,0.0,0.0,0.0,0.0,0.0,0.0,0.0,0.0,1.0,Baixo Risco
9e2a6f01d5a0537f2c7d247dceef2ffad5b43cbb1a362ccbd1300c4d8c763ee2,4771701.0,SP,0.5541234778293066,0.8530041727895563,437.0,176.91304347826087,0.86,0.15256,680.0,983.0,0.0,0.0,0.0,0.0,0.0,0.0,0.0,0.0,1.0,Baixo Risco
2a403089cb712c5e6edea9b70cb440257d9cccb57463746df9af9617e68d3d87,4649408.0,MG,0.8276452255350848,0.8530041727895563,378.0,117.11111111111111,0.85,0.04587,892.0,985.0,0.0,0.0,0.0,0.0,0.0,0.0,0.0,0.0,1.0,Baixo Risco
856164ea964f335f960534523d4974e16793acfed5bb3aff381cfb2ed464b8b3,4781400.0,MS,0.7702282978096389,0.8530041727895563,907.0,63.0,0.94,0.81125,884.0,986.0,0.0,0.0,0.0,0.0,0.0,0.0,0.0,0.0,1.0,Baixo Risco
a59c8ca03814bffcf6f07214aba569529afca6a6e6ad545a20be765d44eac585,4930202.0,SP,0.2237522403290681,1.0,327.0,132.58333333333334,0.58,0.22208,433.0,977.0,0.0,0.0,0.0,0.0,0.0,0.0,0.0,0.0,1.0,Baixo Risco
7c308a507f94fa2a87e80f556955f2d87a44f39f5349b3aecba299637b1b5407,4771701.0,SC,0.9532018663225956,0.8530041727895563,943.0,249.875,0.99,0.0,983.0,987.0,0.0,0.0,0.0,0.0,0.0,0.0,0.0,0.0,1.0,Baixo Risco
2a1bc74e8117f4972867b297c813cfd94dedb854bb7b99bc5dcb3d8f6978ddbc,4639701.0,RJ,0.1457969066713736,0.8852912087789,452.0,116.17391304347828,0.84,0.39035,69.0,882.0,2.0,1869.4499999999998,1876.81,0.5,0.5,0.0,-7.360000000000014,13.5,1.0,Baixo Risco
149bf01fdd846136c881563ec8944a4cde1dd56735b21c682c6be027728188dc,6920601.0,RJ,0.3816636917493988,0.8530041727895563,226.0,33.2,0.6,0.31744,737.0,951.0,0.0,0.0,0.0,0.0,0.0,0.0,0.0,0.0,1.0,Baixo Risco
13b631b76bf57caa9e78223b12362a86d415a6dd3d1e9440a00cd72626d90d3a,4711302.0,BA,0.8760396693954557,0.5000472261147407,915.0,185.84615384615384,0.93,0.14253,978.0,988.0,0.0,0.0,0.0,0.0,0.0,0.0,0.0,0.0,1.0,Baixo Risco
2854ed75737f3a9ff11d1d2ecbd0efa6a7e508f07f1a268db1d86644fbc87173,4771701.0,PR,0.9876992418887576,0.8530041727895563,966.0,230.0731707317073,0.99,0.08851,982.0,989.0,0.0,0.0,0.0,0.0,0.0,0.0,0.0,0.0,1.0,Baixo Risco
c37f6b0f5931faf293c9eadff45a1d99e5c701ae6deff85e5973504ce431a3ac,2229301.0,SP,0.966343251444759,0.8644494391365631,958.0,226.45945945945945,0.97,0.02761,977.0,988.0,0.0,0.0,0.0,0.0,0.0,0.0,0.0,0.0,1.0,Baixo Risco
362a68131f90f06546afc128fea70e638f504eef058bb9c02050d7bb0fc7a748,4771701.0,PR,0.906734752134621,0.8530041727895563,963.0,216.6206896551724,0.97,0.11938,982.0,989.0,0.0,0.0,0.0,0.0,0.0,0.0,0.0,0.0,1.0,Baixo Risco
40eebe4d3f3ca3d74d91d97cc52fa75900e5dea5a029cad43dac6671cc9f6541,5611201.0,GO,0.8511565043244806,0.8530041727895563,904.0,210.5,0.93,0.0,920.0,988.0,0.0,0.0,0.0,0.0,0.0,0.0,0.0,0.0,1.0,Baixo Risco
3e79742c0f823bfe184ae2806cc72af4c4ee9086e8588a514cef0db697627c33,2061400.0,SP,0.1059676508508696,0.9121694913669064,101.0,87.89304347826086,0.27,0.04997,122.0,985.0,0.0,0.0,0.0,0.0,0.0,0.0,0.0,0.0,1.0,Baixo Risco
0965c0bedea2d573d8e535352c7c0fed57716197e546260c3e79be5628a09519,1412601.0,SP,0.9258756070982468,0.8530041727895563,895.0,205.0,0.94,0.0,978.0,989.0,1.0,2448.0,2448.0,1.0,1.0,0.0,0.0,38.0,1.0,Baixo Risco
54faaf86aca014ec153184b0ad42e9902477fa57fc5b965daaa21c5d245e357f,2732500.0,PR,0.6665104347861283,0.934329401121531,952.0,223.32692307692307,0.95,0.00023,979.0,985.0,0.0,0.0,0.0,0.0,0.0,0.0,0.0,0.0,1.0,Baixo Risco
b0efa9ae14560bdf0ced2093e4f55806b9e2cc307a77312ff0f3659806ddbcdc,2229303.0,SP,0.9903859209445944,0.8845140551934244,921.0,197.24,0.97,0.00467,977.0,988.0,0.0,0.0,0.0,0.0,0.0,0.0,0.0,0.0,1.0,Baixo Risco
5ab18c8fd92195d8adae22ad356c92a7d45aecb1b5d1f0d2139f804ea852a916,4771701.0,PR,0.98201079219238,0.8530041727895563,954.0,250.35135135135133,0.99,0.02951,975.0,988.0,0.0,0.0,0.0,0.0,0.0,0.0,0.0,0.0,1.0,Baixo Risco
ca36ffdee51d972eaf58e09ecda9a929b036af046e0bc154b68a64593abdbfba,8211300.0,SP,0.8977589776758825,0.4343388861283969,789.0,241.0,0.89,0.0,929.0,987.0,1.0,5550.0,0.0,4.0,1.0,0.0,5550.0,35.0,1.0,Baixo Risco
b6ea1c5f18f54945087435627a17fc3207951a6b9d29830078e9e8cbce046d0c,5611203.0,SP,0.7023494703144905,0.8530041727895563,574.0,112.0952380952381,0.63,0.09464,619.0,981.0,0.0,0.0,0.0,0.0,0.0,0.0,0.0,0.0,1.0,Baixo Risco
75b936ad933a7b45483fb6ddc8231c88832437e6c0d9db10d2ab130c57d018fe,2441501.0,SP,0.9795090456712342,0.959935371557251,929.0,205.8636363636364,0.93,0.0007,979.0,988.0,0.0,0.0,0.0,0.0,0.0,0.0,0.0,0.0,1.0,Baixo Risco
1d2cfd891303bf1d6ec0923e4ff09bc3afefffa6360be41b5bb2609a7e527a93,4781400.0,RS,1.0,0.8530041727895563,870.0,214.0,0.93,0.0,980.0,988.0,0.0,0.0,0.0,0.0,0.0,0.0,0.0,0.0,1.0,Baixo Risco
8259e880b27e506decd0ef015d3d5888a6a29af2be6a602f3c0ed7527afc18af,4642701.0,SP,0.6058869395723044,0.5191607498004347,897.0,216.0,0.88,0.0,971.0,988.0,0.0,0.0,0.0,0.0,0.0,0.0,0.0,0.0,1.0,Baixo Risco
cb13e464ca80f403d6532d2482be01cb0726bfdc5f38207d385b5efae54aa11c,4644301.0,Sem Info,0.8693721502688303,0.7679483911843644,837.0,158.71428571428572,0.95,0.13713,976.0,985.0,0.0,0.0,0.0,0.0,0.0,0.0,0.0,0.0,1.0,Baixo Risco
71879a6961f481cd8d623a49344a4ab15b6f68d5f696eea53437c78a5cc16aab,4644301.0,Sem Info,0.768173386847613,0.926492946677528,770.0,202.38938053097343,0.87,0.03406,978.0,989.0,8.0,526.17,475.68,4.25,0.375,0.0,50.49,42.625,1.0,Baixo Risco
6e7a46fb1d76d2b381bf27e71134fa5aad3e5b484bc170022de1a1aa2c554dff,2941700.0,SP,0.9063627479846446,0.9563462705127604,858.0,221.44444444444449,0.93,0.04228,951.0,988.0,0.0,0.0,0.0,0.0,0.0,0.0,0.0,0.0,1.0,Baixo Risco
80c40edd0ff4ef183dea619f776dccdc6076c568c75ef008c4ad2c39b10cc682,2640000.0,Sem Info,0.0882941653643225,0.1766428746711901,156.0,150.9025974025974,0.55,0.03664,61.0,927.0,1.0,949.25,972.03,1.0,1.0,0.0,-22.779999999999973,57.0,1.0,Baixo Risco
6d98e5abdef2c00fda790b67f7b4df9f26e6b3cb2e19c17c544dc2a76bb5407d,4781400.0,ES,0.7767672778881936,0.8530041727895563,716.0,156.27659574468086,0.93,0.13443,894.0,982.0,0.0,0.0,0.0,0.0,0.0,0.0,0.0,0.0,1.0,Baixo Risco
2f82f1a5d3ad182dde4b13e39204eea7e31195ccf9420c1457948c099e61b481,4930203.0,SP,0.6602420172142084,0.7522081712057473,631.0,132.99222797927462,0.87,0.04023,979.0,989.0,0.0,0.0,0.0,0.0,0.0,0.0,0.0,0.0,1.0,Baixo Risco
a6ecb8dc32c18df818cd4de2e30f0df87ab9367372a000ab4d1860cdc8a02d68,4639702.0,SP,0.8959815723875523,0.9076614911297778,928.0,195.87562189054725,0.95,0.0057,983.0,988.0,0.0,0.0,0.0,0.0,0.0,0.0,0.0,0.0,1.0,Baixo Risco
488219f58d46c6f07446c424045963e70df399d97b265d67589e0c15181a979e,4782201.0,MT,0.9367932114322156,0.8530041727895563,469.0,46.0,0.67,0.12804,741.0,978.0,0.0,0.0,0.0,0.0,0.0,0.0,0.0,0.0,1.0,Baixo Risco
1522462dc5c7c3bc2c5f0f2b50cefc3f6fc9568305e4f1bb27b1dc10b92e5e99,2062200.0,Sem Info,0.2002868460393984,0.917229561329156,155.0,55.93103448275862,0.52,0.19074,136.0,950.0,2.0,18737.18,0.0,28.0,1.0,0.0,18737.18,63.0,1.0,Baixo Risco
4aaca27b652287ce827e59edff04b07a2e4cd8adf20a9b983068da49752cea9e,4644301.0,ES,0.4941871299118899,0.340607401361325,926.0,181.875,0.86,0.0,958.0,989.0,1.0,730.0,765.88,7.0,1.0,0.0,-35.879999999999995,35.0,1.0,Baixo Risco
68b73b4c16da011e8b19347e354acac2d431cdb20edfc664d307e73d3ebddda9,4635499.0,PR,0.906856312874575,0.8530041727895563,661.0,22.5,0.85,0.0,632.0,977.0,3.0,1378.8600000000001,1378.8600000000001,0.0,0.0,0.0,0.0,24.666666666666668,1.0,Baixo Risco
add2be138f1bf7ac9b569859451db14b3af64b2d528628dd78359b54fa0b5503,4711302.0,AL,0.951307073828558,0.8530041727895563,948.0,219.0078125,0.97,0.04626,983.0,989.0,0.0,0.0,0.0,0.0,0.0,0.0,0.0,0.0,1.0,Baixo Risco
e9fb0fe667d4032a934c8ad1bdc1aed24d7c2679c79282b0361d13ad4d704f5a,4771701.0,PR,0.991161616470836,0.8530041727895563,966.0,240.7894736842105,0.98,0.0,979.0,989.0,0.0,0.0,0.0,0.0,0.0,0.0,0.0,0.0,1.0,Baixo Risco
59ea2363b349f7d956a4d26b8ccd50ef0bd0708d9b3ad380f804ff4ad1b9bd81,4781400.0,PI,0.8293486637065347,0.8530041727895563,693.0,278.0,0.92,0.0,878.0,984.0,0.0,0.0,0.0,0.0,0.0,0.0,0.0,0.0,1.0,Baixo Risco
8d54e42fc7397385fe5c08ae255d1ef1be400657a3a0355bf6b4d6bac9637f92,2592601.0,SP,0.9152523746832788,0.891761037791169,741.0,120.85714285714286,0.91,0.0,952.0,988.0,0.0,0.0,0.0,0.0,0.0,0.0,0.0,0.0,1.0,Baixo Risco
eea0e665a44275f0d88d08a53a35ee62c91574f8c04127e1ae31c2972e15ba74,4781400.0,SP,0.9372610534857404,0.8530041727895563,876.0,233.63636363636363,0.93,0.0,973.0,988.0,0.0,0.0,0.0,0.0,0.0,0.0,0.0,0.0,1.0,Baixo Risco
fb92dafb5de282d82320ac287d2ea7f6741a3f6b41754f099d28ce82acc41682,4782201.0,SP,0.05,0.8530041727895563,100.0,21.58333333333333,0.22,0.45216,34.0,144.0,0.0,0.0,0.0,0.0,0.0,0.0,0.0,0.0,1.0,Baixo Risco
73d711ca764aa952b24b8fa3c10b87f363587a1a5bd2452d9983acd647bc82bb,4771701.0,RS,0.8290553259220663,0.8530041727895563,907.0,97.77922077922078,0.93,0.08603,924.0,985.0,0.0,0.0,0.0,0.0,0.0,0.0,0.0,0.0,1.0,Baixo Risco
c4aa31d68a96d303e139a15492b6722ae0cb380c02614e81469161edb228d0d5,2099199.0,RJ,0.9594186780232248,0.6962657114855444,915.0,212.6153846153846,0.88,0.0,973.0,988.0,23.0,286952.33999999997,78406.69,0.9565217391304348,0.043478260869565216,0.0,208545.65,32.34782608695652,1.0,Baixo Risco
3bbdf4fad617dea0e347faabac86f63ad924a8a50617e411885e0cd45cc26440,4754702.0,SP,0.8949457306047979,0.5212661377006234,927.0,175.83529411764707,0.91,0.10139,978.0,989.0,0.0,0.0,0.0,0.0,0.0,0.0,0.0,0.0,1.0,Baixo Risco
77a353b1b992c8eeff45c4bddbf87e3d2654c8ac5cb2ec2dab4d0db0e570d2b9,4774100.0,PR,0.7837915431479983,0.7187598305563203,813.0,90.5,0.56,0.77268,839.0,976.0,0.0,0.0,0.0,0.0,0.0,0.0,0.0,0.0,1.0,Baixo Risco
b94b047e93a890879c724b1bd0c92426bb1cdbe0cedafebe0f86f1d84f96919b,2219600.0,SP,0.5382019495822581,0.9514679815613538,683.0,138.9262295081967,0.87,0.03489,693.0,985.0,1.0,15124.49,15124.49,0.0,0.0,0.0,0.0,8.0,1.0,Baixo Risco
db0905577fad42ddf871a37d3dce2d38c83fa11b8a7587d6c34458238a056c93,2599399.0,SP,0.9095578690788416,0.7987360184476453,888.0,158.9022988505747,0.93,0.01556,971.0,989.0,3.0,8788.08,8858.380000000001,0.3333333333333333,0.3333333333333333,0.0,-70.30000000000018,46.0,1.0,Baixo Risco
b779b1c4fcb25487bab7ce278e8ce1f650d94443fefed8c8de37efd2a3e48a11,4781400.0,PA,0.9682994135248224,0.8530041727895563,830.0,212.0,0.82,0.0,925.0,986.0,0.0,0.0,0.0,0.0,0.0,0.0,0.0,0.0,1.0,Baixo Risco
7555178f2f81395332ad054d457f9c897e792a1f3fba162374fc69b6e14b7663,4646001.0,PR,0.9965739850900128,0.05,910.0,220.5,0.98,0.00138,977.0,988.0,1.0,315.26,315.26,0.0,0.0,0.0,0.0,33.0,1.0,Baixo Risco
ae18a7c469bbc64b27ffcfa31407b1b5b9e4051b31af36e9f1b9cfbc5c7152cd,6462000.0,SP,0.9998105382734273,1.0,662.0,210.28571428571428,0.77,0.0,969.0,988.0,2.0,580000.0,580000.0,0.0,0.0,0.0,0.0,81.0,1.0,Baixo Risco
2d2504ab9d25f3f4bcfa14124878784e4e62b98a7a334b278d21952960e00731,4781400.0,MG,0.9670352774919068,0.8530041727895563,887.0,201.7333333333333,0.97,0.0,973.0,985.0,0.0,0.0,0.0,0.0,0.0,0.0,0.0,0.0,1.0,Baixo Risco
ac2043421c02a7e11fcf3d1afd62f7cbc7f68af333ac743ed86e83068c243fb7,2071100.0,PR,0.8470527741958389,0.9478053176371602,964.0,223.1578947368421,0.96,0.01873,982.0,988.0,0.0,0.0,0.0,0.0,0.0,0.0,0.0,0.0,1.0,Baixo Risco
8ea848e07473eebf5e99d30f3a7b58ac3d4823d2bc0a6f6fb50e8640d7d1b0af,4781400.0,BA,0.05,0.8530041727895563,52.0,54.0,0.82,0.0,83.0,319.0,0.0,0.0,0.0,0.0,0.0,0.0,0.0,0.0,1.0,Baixo Risco
9592d77603cce3bf01c05d03bc720a28809e9b88b51200648ef23075ac3626db,4771701.0,SC,0.919587184121991,0.8530041727895563,920.0,137.77777777777777,0.89,0.0,965.0,986.0,0.0,0.0,0.0,0.0,0.0,0.0,0.0,0.0,1.0,Baixo Risco
ee2233e58dbe12bf670e7d8b2e10257e412275a3fb5206419b14b2757ecc372e,2592602.0,SP,0.8846205004978549,0.05,916.0,173.34782608695653,0.93,0.00507,968.0,989.0,2.0,73515.45999999999,73515.45999999999,0.0,0.0,0.0,0.0,33.5,1.0,Baixo Risco
7a3075518e48d3327fbb5cb20ccbdcd3d5029d0885929c7219463a8c681bc2e2,4771701.0,PR,0.2442874914600984,0.8530041727895563,502.0,87.6484375,0.82,0.25171,79.0,954.0,0.0,0.0,0.0,0.0,0.0,0.0,0.0,0.0,1.0,Baixo Risco
4ee4cd17acce5d74e63e4d51b875fddbfd3c059aded2b0361868ab9048cf1fa6,4771701.0,PR,0.421076437700508,0.8530041727895563,416.0,89.29213483146067,0.67,0.11188,88.0,981.0,0.0,0.0,0.0,0.0,0.0,0.0,0.0,0.0,1.0,Baixo Risco
1e0245e9deaf82f2544c2e13a9a2e95292ad60cec2be329b504000e998e2b136,2391503.0,Sem Info,0.9353137305002326,0.7549049383852885,945.0,211.36697247706425,0.94,0.00315,983.0,988.0,3.0,4279.24,4354.41,2.0,0.6666666666666666,0.0,-75.16999999999985,52.0,1.0,Baixo Risco
5edeb34080fb1f19553af80c8584b772781d7741c97f7c92f1034ace6c480aa5,4511101.0,PR,0.8954515801929832,0.8621363514174123,945.0,228.38297872340425,0.91,0.00076,979.0,989.0,0.0,0.0,0.0,0.0,0.0,0.0,0.0,0.0,1.0,Baixo Risco
7b38e04c1c41e7ac4477d120b6b8348c95b2554bc4ebad59f7b0f923c5844091,4711302.0,PR,0.7800450796144687,0.9527413053205523,915.0,204.8181818181818,0.78,0.02135,977.0,988.0,0.0,0.0,0.0,0.0,0.0,0.0,0.0,0.0,1.0,Baixo Risco
91d288c7a967c2403008c063632b3fa981f11fdb1c2a33d843c3489dfd2140a5,2759799.0,RJ,0.05,0.8530041727895563,60.0,86.7,0.07,0.04899,80.0,435.0,3.0,447.57000000000005,447.57000000000005,0.0,0.0,0.0,0.0,34.333333333333336,1.0,Baixo Risco
0def6f17b8fa1491bfe69ccb94db294bd65d5a6bea1fea1fd9d17139b1e93c21,2062200.0,SP,0.7340790299052311,0.8257426293190867,739.0,152.4189189189189,0.89,0.08266,328.0,963.0,8.0,13589.6,12015.5,1.125,0.125,0.0,1574.1,36.875,1.0,Baixo Risco
1055ea665fb5ef3ae0af302cbd6a647588838a14cabc4a106466d8e00cca87da,4711302.0,PR,0.9670395591205336,0.9283968646162392,958.0,214.63636363636363,0.96,0.0812,979.0,989.0,0.0,0.0,0.0,0.0,0.0,0.0,0.0,0.0,1.0,Baixo Risco
a0692ca2a666683ff908a1784bc37844c1b56a7cec3e2b4ebaa196b99328a8f1,4753900.0,SC,0.5309121794731927,0.7118435400870855,332.0,142.48387096774192,0.71,0.00371,531.0,987.0,3.0,961.46,962.45,1.0,0.3333333333333333,0.0,-0.9899999999999807,55.666666666666664,1.0,Baixo Risco
fec679be7604eb6032b06069f00bd78af486b0bb9c8987d87227ac1a8609a925,1422300.0,Sem Info,0.9780694517184526,0.8811227905657888,964.0,285.38666666666666,0.98,0.01313,980.0,988.0,1.0,699.46,0.0,68.0,1.0,0.0,699.46,238.0,1.0,Baixo Risco
3dcd3bfc6434a453b97c0ba569119cf051225c56cd1c15f1b930d828b4bc3986,1099699.0,SC,0.9095000940503464,0.8530041727895563,628.0,192.4090909090909,0.84,0.01024,586.0,983.0,0.0,0.0,0.0,0.0,0.0,0.0,0.0,0.0,1.0,Baixo Risco
87a93b0a82ef8ec4c757e84a7bd9f33993fff4709fa44f3f5ebba59822b9be04,4771701.0,PR,0.9941673511183612,0.8530041727895563,944.0,192.0,0.98,0.0386,972.0,988.0,0.0,0.0,0.0,0.0,0.0,0.0,0.0,0.0,1.0,Baixo Risco
bcabf35647cf13ee4bae844e93e376d3ff270300e4fdd60d76aa09187e660952,2222600.0,SC,0.976989110897058,0.8472184075822837,950.0,196.3972602739726,0.94,0.12464,979.0,989.0,7.0,54315.38,54315.38,0.0,0.0,0.0,0.0,15.428571428571429,1.0,Baixo Risco
8c8a529128f2f816860b4753e02c5bc7d28070863ff8d259398aafb8ef54fa0c,4742300.0,SC,0.95602157978145,0.7962564896899855,886.0,24.75,0.95,0.48683,975.0,988.0,0.0,0.0,0.0,0.0,0.0,0.0,0.0,0.0,1.0,Baixo Risco
4d93ea7f5b00b949695dcff5ef7f29080779996a06ca99e89437e81791ceadc9,4930202.0,SC,0.7695633471751032,0.685806216994891,925.0,25.0,0.97,0.0,974.0,988.0,1.0,392.0,392.0,0.0,0.0,0.0,0.0,30.0,1.0,Baixo Risco
b6c58f81f4d53cd9d6e4d3c163ad500af3ef9378e744307175a4a430b39ae2ba,4712100.0,PR,0.9821388716757988,0.1959533864757783,964.0,221.5566037735849,0.98,0.03446,983.0,988.0,0.0,0.0,0.0,0.0,0.0,0.0,0.0,0.0,1.0,Baixo Risco
31362d843afad017bb9671cbef186794ce875e49aa5cc2661fb4e2afd66da75b,2229302.0,PR,0.4562773401450747,0.9539055020116552,570.0,177.74311926605503,0.88,0.24669,189.0,975.0,0.0,0.0,0.0,0.0,0.0,0.0,0.0,0.0,1.0,Baixo Risco
878b209d95889743a26f17112dcd890c6c53b9d430a6aabaee494f6ca3cff4b5,4930202.0,Sem Info,0.05,0.8630992543955468,64.0,100.14473684210526,0.06,0.12492,67.0,280.0,1.0,862.35,882.9,1.0,1.0,0.0,-20.549999999999955,15.0,1.0,Baixo Risco
7f2f4f4e1728cb979db6178c55adbf95732a2ed899f598827e7461f1fc19bde7,4755503.0,SC,0.9964069371169028,1.0,925.0,276.0,0.98,0.0,965.0,988.0,0.0,0.0,0.0,0.0,0.0,0.0,0.0,0.0,1.0,Baixo Risco
67f2a93d9c5b9d56018aab752f6925f0e761e7525c7069e94ded90fa8e8e9b4d,4771701.0,SC,0.8567680641817784,0.7278074057309587,945.0,191.1375,0.98,0.00043,981.0,987.0,0.0,0.0,0.0,0.0,0.0,0.0,0.0,0.0,1.0,Baixo Risco
6e8caa73515619b0a5c54cbf9a8149f4d6ab5fb573f02484a1021578038de70b,1340502.0,SC,0.991418406547226,0.9475084255061368,954.0,244.22222222222223,0.97,0.0,980.0,989.0,0.0,0.0,0.0,0.0,0.0,0.0,0.0,0.0,1.0,Baixo Risco
95ccc5cbb1df620294efc31c65bde42307f38ce103b029f6c46eb4f1024d4df1,4711302.0,PR,0.9604256826427512,0.8530041727895563,930.0,227.75757575757572,0.96,0.00764,983.0,989.0,0.0,0.0,0.0,0.0,0.0,0.0,0.0,0.0,1.0,Baixo Risco
b0aca11d8c18725c3edec20af4ef96ac499a106478834422a58df9d96cec503c,4771701.0,PR,0.9944642533072612,0.8530041727895563,955.0,211.05882352941177,0.99,0.0,980.0,988.0,0.0,0.0,0.0,0.0,0.0,0.0,0.0,0.0,1.0,Baixo Risco
bb0003af91f27fb3a25085580f4d34042f10bdd1b88d98d3307793191cdc53c7,4530703.0,SP,0.9876731369753624,1.0,929.0,258.7142857142857,0.96,0.0,971.0,986.0,0.0,0.0,0.0,0.0,0.0,0.0,0.0,0.0,1.0,Baixo Risco
49332f28cf245b36574a85b89685a0abe165a0ff2560af997a5bb2c8a2e5b338,4754702.0,PR,0.6196669709701558,1.0,915.0,98.78571428571428,0.91,0.23096,965.0,988.0,0.0,0.0,0.0,0.0,0.0,0.0,0.0,0.0,1.0,Baixo Risco
769635fd975dc18e9cd204095ea0c5c44a61bc24a71e21c0ebb7e1218c7d157a,4781400.0,MT,0.9625094787754708,0.8530041727895563,950.0,199.38888888888889,0.96,0.1527,983.0,989.0,0.0,0.0,0.0,0.0,0.0,0.0,0.0,0.0,1.0,Baixo Risco
e98bf9d0cd1385db34fae5b3b3b6f2cb07a4aa3dba393a8615ab366a38dda49d,4771701.0,PR,0.93594678322392,0.8530041727895563,921.0,176.68421052631578,0.99,0.0,979.0,986.0,0.0,0.0,0.0,0.0,0.0,0.0,0.0,0.0,1.0,Baixo Risco
0c2f4c8d22d572cf22e332ba94a42fdd1bd2b8604599d147fc92af3695cdbc9d,2441502.0,PR,0.9544351648903148,1.0,960.0,205.92307692307693,0.96,0.00529,984.0,989.0,12.0,16155.880000000001,16155.880000000001,0.08333333333333333,0.08333333333333333,0.0,0.0,49.416666666666664,1.0,Baixo Risco
a8f1cf8619a8eb89b1cfd74bebec8aa3af2b67b67e3b144dc95e81a53d8fe944,4711302.0,RS,0.9300642321276864,0.8530041727895563,707.0,87.83467741935483,0.85,0.04314,964.0,989.0,0.0,0.0,0.0,0.0,0.0,0.0,0.0,0.0,1.0,Baixo Risco
c0c0141ab52f14f56b7493692c23e8dba0c560ba5ddcc50c81be209c4d7384ae,4781400.0,PR,0.8321218792696365,0.8530041727895563,909.0,108.77777777777776,0.89,0.22413,962.0,988.0,0.0,0.0,0.0,0.0,0.0,0.0,0.0,0.0,1.0,Baixo Risco
ea8178100d72fb4adf61fb99bfa3b3fcaba358a44820d293b810ed14c3d57923,115600.0,SP,1.0,0.8530041727895563,911.0,275.0,0.9,0.0,873.0,986.0,0.0,0.0,0.0,0.0,0.0,0.0,0.0,0.0,1.0,Baixo Risco
bca4c4e370c94a21fb5a3a89000d3d57d997de66619f60c36b92515ce721be1f,4771701.0,PR,0.9731212851388782,1.0,924.0,244.92079207920796,0.96,0.0,972.0,989.0,0.0,0.0,0.0,0.0,0.0,0.0,0.0,0.0,1.0,Baixo Risco
e9852f45e96905e6b045a5199951f0e89b7d0f04f4bfd8e055d12831971d9734,4755501.0,MA,0.3505334209269716,0.8530041727895563,144.0,78.29411764705883,0.46,0.2945,46.0,835.0,0.0,0.0,0.0,0.0,0.0,0.0,0.0,0.0,1.0,Baixo Risco
566b956e287edea803ec3f9d8ec8dca49d981f55c56db156c4a845f9c04ea53a,4771701.0,PR,0.8965626882979112,0.8530041727895563,905.0,213.63636363636363,0.96,0.05337,982.0,988.0,0.0,0.0,0.0,0.0,0.0,0.0,0.0,0.0,1.0,Baixo Risco
bc3781cc867425982b260a384bc4a6e5d33ee898f018abe1e0b7e870b26eb262,4781400.0,MG,0.7168973257161447,0.8530041727895563,907.0,149.0,0.88,0.0,802.0,985.0,0.0,0.0,0.0,0.0,0.0,0.0,0.0,0.0,1.0,Baixo Risco
cc1ebf787be036f818bcf5aa66ae9a19a717efa9051382d392dffa0ce4a35647,4712100.0,SP,0.8551616758875394,0.8530041727895563,950.0,194.35365853658536,0.96,0.08336,978.0,987.0,0.0,0.0,0.0,0.0,0.0,0.0,0.0,0.0,1.0,Baixo Risco
9f8479fd0ae66de70d1759eea73813e5232ad31b30b70daadd02668ffbb3829a,4771701.0,PR,0.9663734745316772,0.8530041727895563,944.0,214.075,0.98,0.02884,980.0,988.0,0.0,0.0,0.0,0.0,0.0,0.0,0.0,0.0,1.0,Baixo Risco
9860f300cf0ec2e97a6db8857a1d1394df42ce941a9547ee41d717b5a265c353,4781400.0,SP,0.910792093613028,0.8530041727895563,913.0,239.54166666666663,0.96,0.01909,970.0,989.0,0.0,0.0,0.0,0.0,0.0,0.0,0.0,0.0,1.0,Baixo Risco
1dffb98e9cf5c598f021315846bab8aede43f64dc248fe7e64444ae585e3cca2,4530701.0,PR,0.7172763668673804,0.760139338143113,742.0,170.58333333333334,0.96,0.02403,863.0,983.0,1.0,652.76,675.24,8.0,1.0,0.0,-22.480000000000018,64.0,1.0,Baixo Risco
c7b39020c1513523310bbb49d9f08548c2c45abc2668cb0274c7b861b03c6179,4771701.0,PR,0.968983484519564,0.8530041727895563,961.0,284.2,0.99,0.0,984.0,988.0,0.0,0.0,0.0,0.0,0.0,0.0,0.0,0.0,1.0,Baixo Risco
6918bba417f0ccca033e92f5ebc9ed6c0d7ce5bb1352beda8812d4b02daf952e,4771701.0,PR,0.9898636711302836,0.8530041727895563,944.0,245.94805194805195,0.98,0.02425,983.0,988.0,0.0,0.0,0.0,0.0,0.0,0.0,0.0,0.0,1.0,Baixo Risco
406cba4fbdf4771720eba796eedab549807d919fbae663620097e5cdfce396fe,4754702.0,SC,0.9478599411139542,0.8530041727895563,922.0,166.625,0.95,0.0,981.0,988.0,0.0,0.0,0.0,0.0,0.0,0.0,0.0,0.0,1.0,Baixo Risco
f01ac7aace3ab47a017d4cd79cbb9424c96f314b91c4f31f1ea2201ec99ecf07,4771701.0,PR,0.9493583690652742,0.8530041727895563,946.0,218.6833333333333,0.97,0.1382,973.0,987.0,0.0,0.0,0.0,0.0,0.0,0.0,0.0,0.0,1.0,Baixo Risco
04f814dc80e433898a79fbd2106d1c8e4a678f4167fa210dfbb5f96674b7137a,4712100.0,SC,0.9889928925362428,0.8530041727895563,965.0,237.8709677419355,0.96,0.00883,977.0,989.0,0.0,0.0,0.0,0.0,0.0,0.0,0.0,0.0,1.0,Baixo Risco
0f2e255421d01b83ed08baf93e29a04caad6314e4c61aaf905960bb00da9c695,4541202.0,CE,0.9406947325719436,0.7980348590282161,936.0,217.17469879518072,0.94,0.02241,982.0,989.0,3.0,2037.1399999999999,2095.94,8.333333333333334,1.0,0.0,-58.80000000000007,76.66666666666667,1.0,Baixo Risco
c81f4cde0e6b1e6c92d1ad17c110da2513448f6472b57fc5c81c402f0f3d6a87,2592601.0,SP,0.8459019643779296,0.8530041727895563,800.0,132.6153846153846,0.92,0.14696,975.0,989.0,1.0,872.12,872.12,0.0,0.0,0.0,0.0,28.0,1.0,Baixo Risco
732416fba8df42ce0d7a275bacf7959eb897efe2112e955e1a366534018923d1,4771701.0,PR,0.9891624181587771,0.7894211198012827,959.0,190.84615384615384,0.95,0.06568,980.0,989.0,0.0,0.0,0.0,0.0,0.0,0.0,0.0,0.0,1.0,Baixo Risco
da5f8820f01631b4903c95302d8386ea175f10648c60552b8a628bf68d89f380,4781400.0,SP,0.8304193156940709,0.8530041727895563,966.0,165.9,0.95,0.0,976.0,988.0,0.0,0.0,0.0,0.0,0.0,0.0,0.0,0.0,1.0,Baixo Risco
03032d5545d03d6a80c2c0c7a246cd21ee99220c88185ede3e61147637522414,6920601.0,DF,0.9069255817888978,0.8530041727895563,606.0,21.0,0.57,0.0,609.0,936.0,0.0,0.0,0.0,0.0,0.0,0.0,0.0,0.0,1.0,Baixo Risco
c2efc56ce7e190b2e3b34acc00d2ffb98defad7decfb722bedaf2e38b42d537a,4631100.0,RS,0.9797112985617868,0.9229589032327324,937.0,230.43965517241375,0.98,0.01744,975.0,988.0,0.0,0.0,0.0,0.0,0.0,0.0,0.0,0.0,1.0,Baixo Risco
5f63978016d32d996648a9ae6a203592ca300fa13f812eea607f9521e9d35067,2211100.0,RJ,0.3988445586062473,0.8641164037549832,255.0,98.85344827586206,0.73,0.0547,858.0,987.0,3.0,61042.770000000004,61042.770000000004,0.0,0.0,0.0,0.0,54.666666666666664,1.0,Baixo Risco
480bb31e21e043c9baf03858c8053a864dce397e8728637c5dfa511139aec94d,4782201.0,SC,0.4219666157264077,0.8530041727895563,126.0,100.22222222222224,0.76,0.20201,727.0,984.0,0.0,0.0,0.0,0.0,0.0,0.0,0.0,0.0,1.0,Baixo Risco
89e5479589e7cef63fc7155990fa55ee7dbcee5d7cbe2e02e74549b1595a68db,4754701.0,PE,0.9495433823618252,0.5593685779258304,804.0,131.85416666666666,0.96,0.04869,960.0,987.0,0.0,0.0,0.0,0.0,0.0,0.0,0.0,0.0,1.0,Baixo Risco
53278d3cd8c340d3152b6904ea5e4cffc838f09f913e285cbc12b2185aa17d45,4781400.0,RS,0.7709297841000662,0.8530041727895563,530.0,132.42857142857142,0.92,0.15169,932.0,988.0,0.0,0.0,0.0,0.0,0.0,0.0,0.0,0.0,1.0,Baixo Risco
8cc75a559d02f95a609424f1326c9dd1b9122494204a39f654391739c8540f96,4663000.0,SC,0.8588477961844058,0.6632388972960472,726.0,154.1578947368421,0.91,0.04121,855.0,986.0,0.0,0.0,0.0,0.0,0.0,0.0,0.0,0.0,1.0,Baixo Risco
3f537a7e384a3ec827dbfa08e3c16e3f8d347e09256897732ec1f215e01fc9b0,1011201.0,RS,0.96096891056456,0.087719298245614,659.0,144.0677966101695,0.83,0.00601,964.0,988.0,7.0,34608.229999999996,34785.4,1.1428571428571428,0.2857142857142857,0.0,-177.17000000000098,24.714285714285715,1.0,Baixo Risco
b5ee403cd60b67b2ca7b8dbc69875f8c94e520d7a6df3b50f18ee1654212c770,2592601.0,SC,0.971913918792458,0.5949998131530086,953.0,257.55,0.94,0.0,974.0,989.0,0.0,0.0,0.0,0.0,0.0,0.0,0.0,0.0,1.0,Baixo Risco
2cbab7ceb37b87c5cce99cbe02f8ef10a66a3ff3c8c2613de08b1d4cd2b772ab,4771701.0,PR,0.365179077432204,0.8530041727895563,332.0,135.75,0.81,0.27823,24.0,543.0,0.0,0.0,0.0,0.0,0.0,0.0,0.0,0.0,1.0,Baixo Risco
eb2931f1546010899be531fcd5dab839a560e89204c8516b54737c8a4eb380c4,4930203.0,GO,0.8758466412092037,1.0,933.0,255.62555066079292,0.87,0.05401,978.0,988.0,0.0,0.0,0.0,0.0,0.0,0.0,0.0,0.0,1.0,Baixo Risco
4b35a4528c8ee4c4c889c80c5d7565a159352115af50e42471bb0814354bfb73,4639701.0,SP,0.2562511939306675,0.7540055429646296,83.0,175.875,0.38,0.04242,70.0,741.0,0.0,0.0,0.0,0.0,0.0,0.0,0.0,0.0,1.0,Baixo Risco
0d2b47df11104e98fb9752a96d7a80f5271251d2bfacefd98198a420878de282,119903.0,SP,0.906291894679266,0.8530041727895563,467.0,46.35714285714285,0.88,0.0,756.0,984.0,0.0,0.0,0.0,0.0,0.0,0.0,0.0,0.0,1.0,Baixo Risco
4a83e4dad23754fd93298d391f6a1a59919c6e0404e4fc0f548467bf24de78f3,4712100.0,PR,0.9585378410813596,0.8947358543126435,944.0,227.6238532110092,0.97,0.01368,977.0,989.0,0.0,0.0,0.0,0.0,0.0,0.0,0.0,0.0,1.0,Baixo Risco
0788ebb591b4ddb3f358817df7563de94e68c61e39f127e145e81ade180f9349,3313901.0,SP,0.9463336145159847,0.9062995858935696,960.0,249.89830508474577,0.96,0.0,980.0,989.0,0.0,0.0,0.0,0.0,0.0,0.0,0.0,0.0,1.0,Baixo Risco
104cebb4dc7af12cb3654285887bf0b2dbd00cbe02275f46f2a1d66031319c03,4771701.0,PR,0.9536395098852732,0.8530041727895563,934.0,220.6195652173913,0.97,0.02172,967.0,988.0,0.0,0.0,0.0,0.0,0.0,0.0,0.0,0.0,1.0,Baixo Risco
aecc9fac099f4fbfc21a166054b79d0c1722460bee8eca07e38faaca3f4c8c38,4781400.0,MG,0.9890232063233207,0.8530041727895563,873.0,17.0,0.95,0.0,977.0,989.0,0.0,0.0,0.0,0.0,0.0,0.0,0.0,0.0,1.0,Baixo Risco
f642ec85eb9b06d5d9dda783e8e037bc9a46407abc57ef001a7d73fa5d23153e,4771701.0,SC,0.8851876046354002,0.8530041727895563,881.0,232.0,0.97,0.27076,981.0,986.0,0.0,0.0,0.0,0.0,0.0,0.0,0.0,0.0,1.0,Baixo Risco
3bd39cf6349e34474e27018aa55af9a78ae8ee56d68b0833b3854937fe4b908f,2330305.0,SE,0.8510999914074154,0.8820194077596804,960.0,127.28571428571428,0.96,0.62844,974.0,988.0,0.0,0.0,0.0,0.0,0.0,0.0,0.0,0.0,1.0,Baixo Risco
40309374ff73c753b7f49452a1796cbc28de4155e5b1478b13754cf179441d2a,4711302.0,MG,0.9025528768111568,0.8788850098040644,918.0,155.73456790123456,0.95,0.04999,978.0,988.0,0.0,0.0,0.0,0.0,0.0,0.0,0.0,0.0,1.0,Baixo Risco
1810d8a15d0fd6da7bf574f3afeda842e04829b5e972b4dd486699e6b50a4de7,4771701.0,PR,0.9386570689855414,0.8530041727895563,937.0,217.80769230769232,0.99,0.02745,967.0,989.0,0.0,0.0,0.0,0.0,0.0,0.0,0.0,0.0,1.0,Baixo Risco
5f379e12024743967149b77d4cce21772ccba7a3fc51e91024f3b7767f1dfafa,2222600.0,RJ,0.9695346997134042,0.918239911638704,957.0,203.0952380952381,0.96,0.00406,980.0,988.0,0.0,0.0,0.0,0.0,0.0,0.0,0.0,0.0,1.0,Baixo Risco
8599bb4ad8530925eed8969cac7d1f752328003bfbac03bb56336572a4ae6dfb,2222600.0,SC,0.7526625885213669,0.9814338877936584,961.0,243.64102564102564,0.97,0.0,982.0,988.0,0.0,0.0,0.0,0.0,0.0,0.0,0.0,0.0,1.0,Baixo Risco
f7f005f208cd73d0f3f9d41ff4cf782af59e8107174c2c5f4e1838752b858503,4644301.0,PR,0.5015115231594117,0.7894801012759366,341.0,95.96907216494846,0.84,0.12122,206.0,983.0,0.0,0.0,0.0,0.0,0.0,0.0,0.0,0.0,1.0,Baixo Risco
0909eeeb484eb6e9831571b23b89030ef1dbdf5707f01e8653bc46915646b2c8,4731800.0,PR,0.4590548364268403,0.975137731381192,737.0,186.08333333333331,0.9,0.00489,365.0,958.0,3.0,8059.22,8059.22,0.0,0.0,0.0,0.0,6.333333333333333,1.0,Baixo Risco
d0256b95246e4981b9160048c679866fa29100d2224a45ab3b24d491cc225e2e,4781400.0,RS,0.9443763289286586,0.8530041727895563,924.0,273.3684210526316,0.98,0.0,978.0,988.0,0.0,0.0,0.0,0.0,0.0,0.0,0.0,0.0,1.0,Baixo Risco
3b7ca30b4d227939285494e51a1e5523957403f70b3518ede45adbc454e07b9c,4651601.0,RJ,0.9300171021085956,0.895991723566727,753.0,125.95419847328245,0.78,0.0129,934.0,987.0,3.0,592666.33,12366.33,0.3333333333333333,0.3333333333333333,0.0,580300.0,54.666666666666664,1.0,Baixo Risco
025a48d9c8d4a2c968f87676d479ed8647ac6499c7cb21a936a4328a4dc8a975,4639701.0,Sem Info,0.9441178175418034,0.9385007352241056,927.0,175.66129032258064,0.94,0.01784,978.0,987.0,0.0,0.0,0.0,0.0,0.0,0.0,0.0,0.0,1.0,Baixo Risco
a324558e55a221f6834b47219af786ecf0485569440657f3bd7785249c644e8c,4781400.0,MG,0.9089427023953508,0.8530041727895563,663.0,149.875,0.96,0.09665,963.0,986.0,0.0,0.0,0.0,0.0,0.0,0.0,0.0,0.0,1.0,Baixo Risco
2377983c3f34bd024f440092c44952af45d6fc278577bc9d15ae26f0fcb19501,4930202.0,MG,0.9399269084598868,0.9927429615069776,949.0,121.875,0.95,0.18264,981.0,988.0,0.0,0.0,0.0,0.0,0.0,0.0,0.0,0.0,1.0,Baixo Risco
2dc21aeec055785f663a15da894bd0606225a118cb6d1798bc68819b668105a6,4781400.0,MA,0.6784386676779672,0.8530041727895563,633.0,79.41379310344827,0.98,0.26768,955.0,987.0,0.0,0.0,0.0,0.0,0.0,0.0,0.0,0.0,1.0,Baixo Risco
967a88d59d14ccfdf772cee9f38e147b0849f546898b5098346654c6a4937e67,4771701.0,PR,0.9815375526750434,0.7859581024172879,963.0,200.725,0.99,0.04239,979.0,988.0,0.0,0.0,0.0,0.0,0.0,0.0,0.0,0.0,1.0,Baixo Risco
81bd8efe2b2d2c31936b6e6ffd483e9e9cee1d459944f0aae6ffa783572d5e97,4744099.0,SC,0.966193970894654,0.7571375019207722,924.0,269.2142857142857,0.96,0.0,974.0,987.0,0.0,0.0,0.0,0.0,0.0,0.0,0.0,0.0,1.0,Baixo Risco
2ecefe1fb69e2f1951e1e94653cd2e1ffc9563a2e33e49570a1a55f04d7dfd9b,4530703.0,SP,0.9653477367218044,0.9284818663189972,933.0,251.09375,0.97,0.24184,978.0,987.0,0.0,0.0,0.0,0.0,0.0,0.0,0.0,0.0,1.0,Baixo Risco
3ef9adbc792abac1ae94feced5577e4118e854f31839197dc22805a5f802abdc,4781400.0,PA,0.8912576629659175,0.8530041727895563,808.0,168.0,0.94,0.0,978.0,988.0,0.0,0.0,0.0,0.0,0.0,0.0,0.0,0.0,1.0,Baixo Risco
bf12a3fb9e2c4acba3239869eb65506f3f549dfd28a66f2b69f379c08e36d0c0,4744001.0,PR,0.5460582327744249,0.8530041727895563,825.0,119.875,0.93,0.11399,978.0,988.0,0.0,0.0,0.0,0.0,0.0,0.0,0.0,0.0,1.0,Baixo Risco
3becd2ba0186a1974bfa07c3e03b80f6cd7fea522e5278e7ff5c20e7066c9887,4686902.0,PR,0.8295922415739472,0.7304140867575332,869.0,128.25,0.94,0.0,968.0,987.0,0.0,0.0,0.0,0.0,0.0,0.0,0.0,0.0,1.0,Baixo Risco
2809de01b9b11222fb89c5c0c4a855589fd70a11d695b660ffdd8eb46dfd4600,4691500.0,MA,0.4058677049602475,0.8584030799567701,310.0,92.53617021276597,0.6,0.26599,839.0,986.0,0.0,0.0,0.0,0.0,0.0,0.0,0.0,0.0,1.0,Baixo Risco
7f3269a666673b74c97a518c76decf77468b0e657ed4e9c4fb9c3c319b6d1cc6,2330302.0,RS,0.5653681569939444,0.8530041727895563,178.0,131.23809523809524,0.73,0.05077,307.0,969.0,0.0,0.0,0.0,0.0,0.0,0.0,0.0,0.0,1.0,Baixo Risco
549a95f26cc9102ae681a532deb5f6865314cd7cbeca9707096a068cf2088eec,1052000.0,PR,0.8634881886522094,1.0,922.0,96.8,0.91,0.0,980.0,988.0,0.0,0.0,0.0,0.0,0.0,0.0,0.0,0.0,1.0,Baixo Risco
8fc438f7e3a38b04771c996c300d0f66f19a89c910bf6160948de3ed2f6c9e18,4781400.0,SC,0.946662324646131,0.8530041727895563,926.0,172.2,0.92,0.0,965.0,988.0,0.0,0.0,0.0,0.0,0.0,0.0,0.0,0.0,1.0,Baixo Risco
a6aec6e6820120bd39fb7ecd079e7ca17555cd014e58188fa8107da67172bc22,4744001.0,MG,0.885095512047207,0.9532871303217216,914.0,125.0,0.88,0.0,982.0,988.0,0.0,0.0,0.0,0.0,0.0,0.0,0.0,0.0,1.0,Baixo Risco
a7ba89e86dcce3efb3e722e7c3d09d37f0ebbd230d84421e189d88c9fd729a7d,163600.0,SC,0.1592643731163415,0.9245476682268522,380.0,94.71428571428572,0.67,0.54308,734.0,969.0,0.0,0.0,0.0,0.0,0.0,0.0,0.0,0.0,1.0,Baixo Risco
9b9589c5aca009cc77d731298e02fee04a0a6ad4826cc753c4cedaf4e8a81f09,134200.0,SP,0.9589452944480424,0.8530041727895563,896.0,105.5,0.95,0.0,968.0,983.0,0.0,0.0,0.0,0.0,0.0,0.0,0.0,0.0,1.0,Baixo Risco
e87abcfff9d8e972875eb037921792a2e28c8c1cc60fc80a4652209a152d8c3b,4782201.0,MA,0.9750600761159745,0.8530041727895563,944.0,153.9090909090909,0.99,0.14004,982.0,988.0,0.0,0.0,0.0,0.0,0.0,0.0,0.0,0.0,1.0,Baixo Risco
8cc5f8b6cb1bd864e5e03ccf8fcd8c0980519e0c0642c629be6fa4f65ef49f9b,4781400.0,SP,0.9696828051033634,0.8530041727895563,937.0,182.23076923076923,0.98,0.0,974.0,989.0,0.0,0.0,0.0,0.0,0.0,0.0,0.0,0.0,1.0,Baixo Risco
af5f6b1d2792a5650b4ec7b79277085df76e370882a5bed59e5cdf3499c01265,4685100.0,SP,0.8403927022351635,0.5693396320715788,874.0,185.26666666666668,0.94,0.24728,972.0,986.0,1.0,1670.0,1670.0,0.0,0.0,0.0,0.0,45.0,1.0,Baixo Risco
2e9b9c287a6040468c45ab5d116bd479749b33797631bb6ae10c49c2324d218d,4771701.0,PR,0.8557171560177831,1.0,915.0,30.75,0.94,0.76139,975.0,989.0,0.0,0.0,0.0,0.0,0.0,0.0,0.0,0.0,1.0,Baixo Risco
7a76ebd45b906716c5b65d98b369c91134e7f2d7ee6cc81adbdd104b2055a1c3,4712100.0,RJ,0.8541836754106129,0.8530041727895563,806.0,131.77777777777777,0.92,0.06072,976.0,989.0,0.0,0.0,0.0,0.0,0.0,0.0,0.0,0.0,1.0,Baixo Risco
ce623d7ebefd51a2b2b12927ef46832f69f4df1e0d4e1b3eeb971dbcba572c52,6810202.0,SP,0.8384200480398388,0.8484455588230515,190.0,182.1829268292683,0.83,0.00865,738.0,905.0,1.0,237778.25,237778.25,0.0,0.0,0.0,0.0,151.0,1.0,Baixo Risco
b5f3b3b58f678c8e15718c0317a49ddb3251e046cc459c0f7e6de151bed61e33,4742300.0,SC,0.9819587064053238,0.9159714433213564,936.0,241.0,0.93,0.0,983.0,989.0,0.0,0.0,0.0,0.0,0.0,0.0,0.0,0.0,1.0,Baixo Risco
966d083c44f7d5f84e55f5b765819650effe58e68301f6f56b9024bae381cdc9,6920601.0,RJ,0.8207105967149432,0.8530041727895563,707.0,37.333333333333336,0.43,0.0,325.0,857.0,0.0,0.0,0.0,0.0,0.0,0.0,0.0,0.0,1.0,Baixo Risco
7ee4ac8f95578d7b778efd7a64e16ffce5c514c510b6db2914b8f41a3035221e,4673700.0,SP,0.986505760371344,0.8158274336976837,942.0,223.9,0.97,0.00068,984.0,989.0,1.0,1079.75,1079.75,0.0,0.0,0.0,0.0,49.0,1.0,Baixo Risco
2612fe8a41bf8e29ba97cc088fb838587244d61f74ed29e0bccf39b90b85b7f6,4782201.0,CE,0.07240688524996,0.8530041727895563,101.0,68.75167785234899,0.44,0.22082,66.0,779.0,0.0,0.0,0.0,0.0,0.0,0.0,0.0,0.0,1.0,Baixo Risco
e1173e8235130adfdb49dbec1c54a818374cc61fe6d87d108a82d44396f68f04,4711302.0,Sem Info,0.95774496329131,0.4074950085648511,927.0,235.52272727272728,0.96,0.02934,963.0,987.0,0.0,0.0,0.0,0.0,0.0,0.0,0.0,0.0,1.0,Baixo Risco
dc4ca9bc05b9631e33384db7f3b6202af2476b5012be74a7bae77af9c0e2e7fd,2311700.0,SP,0.9526731501017754,0.8530041727895563,820.0,226.1346153846154,0.91,0.01482,971.0,986.0,0.0,0.0,0.0,0.0,0.0,0.0,0.0,0.0,1.0,Baixo Risco
282ab788e93c25cba35a544ef11e2c92e48d5bce1f71f8f01ecbdb8d43101b08,4771701.0,PR,0.9598980647874278,0.8530041727895563,963.0,252.16,0.97,0.0,983.0,989.0,0.0,0.0,0.0,0.0,0.0,0.0,0.0,0.0,1.0,Baixo Risco
67915282ecd97b99c2ae2315014df3d9389b2314963e82adb5bd7c8763a872e0,2733300.0,SP,0.9760227601217758,0.6843140620496695,949.0,232.4742268041237,0.96,0.0,972.0,988.0,0.0,0.0,0.0,0.0,0.0,0.0,0.0,0.0,1.0,Baixo Risco
b167878dc2cbabbee30d2dc54082cb452b2bd821630cd243d3fb52ab26d73784,4753900.0,SP,0.7186850042003928,0.1296971739590137,459.0,107.6086956521739,0.79,0.0,949.0,983.0,1.0,818.64,818.64,1.0,1.0,0.0,0.0,60.0,1.0,Baixo Risco
c967fa866009c5521ff7039941998dc74ac63d532830eab4d494bc4f83f40f24,4771701.0,PR,0.9903342114568494,0.8530041727895563,899.0,250.86666666666667,0.98,0.20606,965.0,988.0,0.0,0.0,0.0,0.0,0.0,0.0,0.0,0.0,1.0,Baixo Risco
b77cb329f9cfee6a9a2d5f42d52541c81d91ac58a888d4ec4b2c9da72caddb46,4771701.0,PR,0.9202492657420972,0.8530041727895563,955.0,71.6,0.99,0.63438,974.0,989.0,0.0,0.0,0.0,0.0,0.0,0.0,0.0,0.0,1.0,Baixo Risco
003df5a54c2be4b5ba1a0fe1fa22dfa791d9ce8893061783b3df0822d52ac759,4782201.0,BA,1.0,0.8530041727895563,881.0,305.0,1.0,0.0,811.0,943.0,0.0,0.0,0.0,0.0,0.0,0.0,0.0,0.0,1.0,Baixo Risco
17b24fa12ecfec84cc9e33832eea4c7799d9bd0ee66ff1c6b8263c469ae66172,1330800.0,SC,0.5977794553182573,0.1237546914625515,759.0,120.36764705882354,0.94,0.18059,882.0,985.0,1.0,5949.9,5949.9,0.0,0.0,0.0,0.0,45.0,1.0,Baixo Risco
9cd0785730b4ae1369843c1882e8908045b8b91be44711c94cabb5009e6e34ae,4713004.0,RJ,0.9516438017425216,0.8530041727895563,941.0,178.99115044247787,0.97,0.10616,982.0,989.0,0.0,0.0,0.0,0.0,0.0,0.0,0.0,0.0,1.0,Baixo Risco
79d9bdbf47e0fe64700949c492d6000f012b12a3999e06cc57210a1deb9e1a7c,4782201.0,AM,0.8268361398481132,0.8530041727895563,576.0,174.0,0.78,0.0,885.0,987.0,0.0,0.0,0.0,0.0,0.0,0.0,0.0,0.0,1.0,Baixo Risco
7a45a8ab01d0b8a4a11253dc072eaca87217853ceedf04354dbda3a21b5d0a83,4781400.0,RS,0.9679310397046348,0.8530041727895563,946.0,235.72727272727272,0.98,0.0,966.0,987.0,0.0,0.0,0.0,0.0,0.0,0.0,0.0,0.0,1.0,Baixo Risco
439a927accf85d283ea26221362b095d09b5e9f012f49580e853cee4d27f4861,4771701.0,PR,0.953544819958298,0.8530041727895563,906.0,227.87142857142857,0.95,0.09904,963.0,987.0,0.0,0.0,0.0,0.0,0.0,0.0,0.0,0.0,1.0,Baixo Risco
9d421bce5f8705503bc8f2f2c79fa366ab4a69929e12f461fcfe3166671f9b98,4921301.0,RJ,0.8988668307395299,0.8530041727895563,905.0,165.1036036036036,0.94,0.00162,981.0,989.0,0.0,0.0,0.0,0.0,0.0,0.0,0.0,0.0,1.0,Baixo Risco
c182de4d37dfd433c3adb37b3bdd333eb79a407ecabd0697aa5f632564fd5cd7,4771701.0,PR,0.9768636240167562,0.8530041727895563,945.0,216.12,0.97,0.04107,979.0,988.0,0.0,0.0,0.0,0.0,0.0,0.0,0.0,0.0,1.0,Baixo Risco
c9eef31efb7be3bd933f91a0fafe9b1b6780230cc3d5b7625f38ad54311fecca,4744099.0,SC,0.944457106181987,0.444037758383119,909.0,155.64285714285714,0.97,0.03254,973.0,988.0,0.0,0.0,0.0,0.0,0.0,0.0,0.0,0.0,1.0,Baixo Risco
82867b4f5e1b0cfabed19a5d0e0f122db16e95e8632869d4c5c0682618657307,4782201.0,CE,1.0,0.8530041727895563,939.0,159.4,0.99,0.0,966.0,987.0,0.0,0.0,0.0,0.0,0.0,0.0,0.0,0.0,1.0,Baixo Risco
ca0c5249ec92ed0d0736a2470c865740869f757a466b0b655980fe296b678afc,4623108.0,Sem Info,0.6617043167299405,0.998757842168804,401.0,50.0,0.69,0.0,771.0,980.0,3.0,70884.65,70884.65,0.0,0.0,0.0,0.0,44.333333333333336,1.0,Baixo Risco
5e8c0719bd2229be60b0d280d460b8b9523798f0404ef4b3efbe5c8140fae96c,4530703.0,SP,0.9857347240671952,0.8530041727895563,947.0,210.22727272727272,0.98,0.0,978.0,986.0,0.0,0.0,0.0,0.0,0.0,0.0,0.0,0.0,1.0,Baixo Risco
3e8f354e5a102f8f4e389b68a645693aa770007ebe2802881899051f5748c045,4782201.0,Sem Info,0.4949373971297297,0.8530041727895563,881.0,187.44444444444449,0.91,0.0,932.0,986.0,0.0,0.0,0.0,0.0,0.0,0.0,0.0,0.0,1.0,Baixo Risco
b061a944166ebfa77b0b79e173be88e80acf3c79b655213c6314b7881beef079,2449103.0,Sem Info,0.8767930664230896,0.6122239175942035,532.0,205.92,0.79,0.0,915.0,979.0,1.0,1670.4,0.0,0.0,0.0,1.0,1670.4,0.0,1.0,Baixo Risco
1d40ac5bc735282cb25358fcdb2fd9a21fe28c2f789cf4acfe1a025806d40412,4771701.0,SP,0.8641688788148676,0.8530041727895563,442.0,134.0,0.88,0.0139,889.0,985.0,0.0,0.0,0.0,0.0,0.0,0.0,0.0,0.0,1.0,Baixo Risco
2e9c07b39abd8177e68287296983ea230ef20bd585c11ba6c30851c3a5c2aa35,4789099.0,BA,0.9784538148221716,0.8530041727895563,757.0,134.0,0.93,0.0,931.0,988.0,0.0,0.0,0.0,0.0,0.0,0.0,0.0,0.0,1.0,Baixo Risco
d6b5109650251bf120da89b6f167ede78dc91d7ee076247bca78ec40280127be,4771701.0,PR,0.9968403427992848,1.0,964.0,242.875,0.98,0.0,981.0,988.0,0.0,0.0,0.0,0.0,0.0,0.0,0.0,0.0,1.0,Baixo Risco
9248bda3d22eb0b64181f4742f01a30fd4d8c6780997b676d69134bc0202e618,4771701.0,BA,0.8467524364841351,0.8530041727895563,546.0,182.367816091954,0.96,0.02523,217.0,970.0,0.0,0.0,0.0,0.0,0.0,0.0,0.0,0.0,1.0,Baixo Risco
af6d76c00b7ef3c53b10e594cd99ea87fabe4ac85d199b4231f84f9b8e247ebf,7210000.0,Sem Info,0.5513623338535967,0.973380487897629,803.0,126.2,0.84,0.0,967.0,983.0,1.0,135000.0,135000.0,1.0,1.0,0.0,0.0,107.0,1.0,Baixo Risco
e5c6110469abae773b78c0817f72886af387d0bdc68000f7893f8d2f72d36b31,4649499.0,PR,0.791753690870378,0.8530041727895563,961.0,128.0,0.88,0.0,953.0,989.0,0.0,0.0,0.0,0.0,0.0,0.0,0.0,0.0,1.0,Baixo Risco
a82fd6a3fba04e780a6391fe46b7432ff3a228947632dd85711c9d67752428b3,2599399.0,RS,0.786704290696249,0.8530041727895563,753.0,182.34883720930236,0.86,0.11904,913.0,985.0,1.0,1483.34,1483.34,0.0,0.0,0.0,0.0,90.0,1.0,Baixo Risco
b8863c319fb429cd2dfe150e6d4ce53b224cf644d973be87aa997e92512db811,2829199.0,SP,0.532022134521487,0.05,448.0,99.33333333333331,0.82,0.03208,517.0,981.0,1.0,3368.4,3368.4,0.0,0.0,0.0,0.0,28.0,1.0,Baixo Risco
a5951aa36728292d13c533a1034d2eb93e0421f9936fa2ca8aac33df0cb30446,4649405.0,MG,0.9244236989476756,0.5257077337142011,924.0,114.5,0.96,0.25977,975.0,988.0,0.0,0.0,0.0,0.0,0.0,0.0,0.0,0.0,1.0,Baixo Risco
91dc3c6b3749e670d7500404c8dfa5d71b8c342649ddd621d43cdca5f15515df,4742300.0,SC,0.951345489472679,0.8530041727895563,960.0,224.16666666666663,0.97,0.0,972.0,988.0,0.0,0.0,0.0,0.0,0.0,0.0,0.0,0.0,1.0,Baixo Risco
9981278bbc02d41bf7fa75d1a4bc7bfd8f7b6eca4027b96d00c943668172f4a8,4712100.0,SP,0.9787087333778346,0.8530041727895563,879.0,203.23076923076923,0.94,0.00373,975.0,988.0,0.0,0.0,0.0,0.0,0.0,0.0,0.0,0.0,1.0,Baixo Risco
6fdcf639b35d31ed525d6bf433e24ab6640886b941b010b95451fbe53c963c41,4771701.0,SP,0.2693147226042621,0.8530041727895563,584.0,160.14864864864865,0.86,0.2485,48.0,829.0,0.0,0.0,0.0,0.0,0.0,0.0,0.0,0.0,1.0,Baixo Risco
8a72b162091f7f385a2a27d764c6bc6214617ddf1ea35b2a0170306c9554a6bd,1052000.0,SC,0.9977300506627748,0.8840994470509869,960.0,205.16129032258064,0.96,0.01843,981.0,988.0,0.0,0.0,0.0,0.0,0.0,0.0,0.0,0.0,1.0,Baixo Risco
3d34f0675d7788acde033d16689db1cdde74579c7c5da372a0e2e6a2d6f24d66,6110803.0,MG,0.7470642613589547,0.3530914101157318,744.0,155.27777777777777,0.87,0.0,936.0,988.0,0.0,0.0,0.0,0.0,0.0,0.0,0.0,0.0,1.0,Baixo Risco
3159e09812e19c819dd1075226d9c385593d45585f357228a8c92b226147ea4c,4712100.0,SP,0.9993299411092254,0.8530041727895563,944.0,224.875,0.92,0.0,969.0,988.0,0.0,0.0,0.0,0.0,0.0,0.0,0.0,0.0,1.0,Baixo Risco
b51a9e4fda4624b1cb942d19544f32f216706d22daf6abe58ebbaa64db12c12e,4781400.0,MA,0.1058129309167407,0.8530041727895563,116.0,34.0,0.25,0.0,654.0,883.0,0.0,0.0,0.0,0.0,0.0,0.0,0.0,0.0,1.0,Baixo Risco
d2241567dc8cdc34376be6e0d768e838e433e15f7b0e21e96cd51130d3e7fa75,4639701.0,SE,0.7973111453759405,0.8532025497495519,963.0,209.76,0.92,0.27358,982.0,989.0,0.0,0.0,0.0,0.0,0.0,0.0,0.0,0.0,1.0,Baixo Risco
8258ab931b5bd85026a9169dd9193ded1bfe3744599cbdf13ca5ecc3052df3ec,4530701.0,DF,0.9859098201704134,0.8872885761023984,960.0,226.296875,0.98,0.0,982.0,989.0,0.0,0.0,0.0,0.0,0.0,0.0,0.0,0.0,1.0,Baixo Risco
b1e1ed3f7a9d0129cb6c5523ef497972999c66571fd6677d41fce8dfaf33cdfd,1821100.0,PE,0.6991017234763582,0.8530041727895563,440.0,0.0,0.72,0.0,432.0,974.0,0.0,0.0,0.0,0.0,0.0,0.0,0.0,0.0,1.0,Baixo Risco
3851a7b864e0286fecd66db3e7ea1c681c6aa8b058562eee245681655989506a,4511101.0,ES,0.9480557710599964,0.656302908057167,952.0,242.2058823529412,0.95,0.0,979.0,989.0,0.0,0.0,0.0,0.0,0.0,0.0,0.0,0.0,1.0,Baixo Risco
72c394f604d86498c032e4ad983f7191b5df6ea36ae3f6290865fab893cb39a5,4617600.0,SP,0.6014022628161595,0.05,859.0,91.25,0.86,0.38145,894.0,985.0,1.0,47219.0,47219.0,1.0,1.0,0.0,0.0,31.0,1.0,Baixo Risco
93b07c22344630ffe71bee596e48d08b17c5153c5e9e8a9c9dbca2cfc63f58f3,4781400.0,MG,0.9229302164644778,0.8530041727895563,889.0,307.0,1.0,0.0,927.0,988.0,0.0,0.0,0.0,0.0,0.0,0.0,0.0,0.0,1.0,Baixo Risco
f50a59c333b5b78d34f4ab03f33bcd9d518360040b19883cf8c175331c0fd899,1412601.0,GO,0.9397257219038948,0.7670379240433665,851.0,181.9090909090909,0.85,0.0,958.0,987.0,0.0,0.0,0.0,0.0,0.0,0.0,0.0,0.0,1.0,Baixo Risco
021fe69dbf502a6fa4371d85f952149b09fcee720d67d19d74bef4cdefe9449a,4771701.0,RO,0.986671844415962,0.8530041727895563,937.0,251.35,0.99,0.01409,975.0,989.0,0.0,0.0,0.0,0.0,0.0,0.0,0.0,0.0,1.0,Baixo Risco
a07b23cf5bc3fffcf22244358662724bc2cb5237c201ccad7601b8331bad8636,1412601.0,MG,0.9746470772216772,0.8827759851791211,954.0,230.5,0.93,0.02063,982.0,989.0,0.0,0.0,0.0,0.0,0.0,0.0,0.0,0.0,1.0,Baixo Risco
b795eabf66dab311bad12b19192abdb00fce3d954361533d163a4db6e5bc0e17,2221800.0,PR,0.9986221477813754,0.9373288364468404,887.0,183.66666666666663,0.84,0.0,958.0,988.0,0.0,0.0,0.0,0.0,0.0,0.0,0.0,0.0,1.0,Baixo Risco
0276d9746ca146d6af6cd397ba7438f877736dddb185eea343f5c5a5ad4d16c8,4632001.0,PR,0.9530697202766256,0.8884698575918974,760.0,159.5,0.73,0.0,889.0,983.0,0.0,0.0,0.0,0.0,0.0,0.0,0.0,0.0,1.0,Baixo Risco
8fb9e846de32807fb7761f195a297f31a853c07d98b5fc58e30b8f5e5ac0eb34,4686902.0,RJ,0.5790827263373487,0.6053204975972126,301.0,184.0,0.75,0.0,792.0,899.0,3.0,9726.0,9726.0,0.0,0.0,0.0,0.0,23.333333333333332,1.0,Baixo Risco
5f15786c4b08e37040e412695fa8cfb398011d0529d770bf9193373239dc7ab5,4763601.0,PR,1.0,0.8530041727895563,950.0,0.0,0.89,0.0,970.0,986.0,0.0,0.0,0.0,0.0,0.0,0.0,0.0,0.0,1.0,Baixo Risco
ddf4c2062cdcb47b07b61e6d32143bdb84f679a44e5cb11bc6f9a1f2e955f7bc,4685100.0,RJ,0.5735373645573812,0.8519660642350873,172.0,128.31428571428572,0.74,0.21975,884.0,986.0,9.0,123781.48000000001,123781.48000000001,0.2222222222222222,0.1111111111111111,0.0,0.0,48.77777777777778,1.0,Baixo Risco
07e045676e4b7a1817f32f0c8f9a200816f540239f207c61bbc61ed5cb814ce1,2815102.0,SC,0.9899658417079004,0.9836476582286894,959.0,210.48275862068965,0.96,0.0,982.0,988.0,0.0,0.0,0.0,0.0,0.0,0.0,0.0,0.0,1.0,Baixo Risco
661381166cf27c50216e8b685d3050168fd319950ffad4cd00a4c35323b66d79,4646001.0,AM,0.8550460559403129,0.7308140079127372,499.0,69.875,0.81,0.04446,938.0,988.0,0.0,0.0,0.0,0.0,0.0,0.0,0.0,0.0,1.0,Baixo Risco
493a90163bdb7e4a33d2175862f395510c6918c41261690791218f2c2a68a0af,2093200.0,SP,0.9370692438266908,0.8530041727895563,842.0,365.0,0.84,0.0,979.0,989.0,0.0,0.0,0.0,0.0,0.0,0.0,0.0,0.0,1.0,Baixo Risco
24a3ca3610c4fae1e7239f777e724b5a0e371d4bb841564a8a9cf9b80378cca4,1013901.0,ES,0.05,0.5635982915365039,67.0,63.33252131546894,0.23,0.14478,46.0,940.0,3.0,788.72,788.72,0.0,0.0,0.0,0.0,11.666666666666666,1.0,Baixo Risco
efa35a6383a6e8ca3afddad7fe5abf79a54c94a66aae63a4e189e7ed77b1c555,4781400.0,SP,0.5289137052064363,0.8530041727895563,595.0,106.0,0.92,0.32577,359.0,953.0,0.0,0.0,0.0,0.0,0.0,0.0,0.0,0.0,1.0,Baixo Risco
b47a1f91d6b92e0e47da58a29edb27dcd62fa9a89764f7e7a644c2696a1cf90f,7732201.0,MT,0.9079524610694478,0.4972525986291959,802.0,245.0909090909091,0.9,0.0,931.0,986.0,0.0,0.0,0.0,0.0,0.0,0.0,0.0,0.0,1.0,Baixo Risco
8f616bd0d401c1ae8554c2060a83f7095cacb45700dd5a751b62de1c36ae3d14,4754701.0,SP,0.0753689038745134,0.8640167364016736,169.0,46.4,0.38,0.32093,458.0,920.0,0.0,0.0,0.0,0.0,0.0,0.0,0.0,0.0,1.0,Baixo Risco
1e64eb5b40c5b14a4c51ceefd716fab9b66f494366f4b91e193d019923e35a79,4644301.0,MG,0.9903095844245312,0.8775908752803993,948.0,233.71014492753625,0.99,0.00123,983.0,986.0,0.0,0.0,0.0,0.0,0.0,0.0,0.0,0.0,1.0,Baixo Risco
7f4423521661e86033b1f73861f04cad7e943bf11855f5b69d3605bb73a13433,4771701.0,RO,0.9250264214603706,0.8530041727895563,806.0,203.7,0.92,0.27252,961.0,989.0,0.0,0.0,0.0,0.0,0.0,0.0,0.0,0.0,1.0,Baixo Risco
7ee6fea819a24d4768f39b8548ab0d24c3d1bf0f40b2d0afbc2ba4c5c16328e3,2229303.0,SP,0.4767895588821975,0.5,361.0,120.92857142857144,0.85,0.0,833.0,987.0,2.0,2491.51,2491.51,0.0,0.0,0.0,0.0,62.0,1.0,Baixo Risco
0185e7d737e5d895caf9d0e27a0ce37c61bb65077b67d65eb0074648d4b7cf12,2099199.0,SP,0.730967861165343,0.8525791436363002,958.0,238.46875,0.97,0.00756,980.0,988.0,0.0,0.0,0.0,0.0,0.0,0.0,0.0,0.0,1.0,Baixo Risco
d4676885d15a89c427cd0f9cddfaa416e06b3d0345dd969921fec91616500d83,4637101.0,SP,0.7099167418578965,0.6312583589586556,874.0,200.18055555555557,0.91,0.05735,957.0,986.0,0.0,0.0,0.0,0.0,0.0,0.0,0.0,0.0,1.0,Baixo Risco
9e802eaf4e524b270fbe66029362be294116ab58f5cb525bf2b5e088273f44a0,4930202.0,SP,0.4445507601916687,0.9395026625515972,731.0,110.5,0.86,0.26476,938.0,989.0,4.0,1360.36,1360.36,0.25,0.25,0.0,0.0,15.5,1.0,Baixo Risco
b319dbc4fa0e0dbf5109bf624298d290e9fd5f77e22ae9c59de74a67a64d46d6,4711302.0,SP,0.9717481899097398,0.8530041727895563,964.0,230.184,0.97,0.02423,983.0,989.0,0.0,0.0,0.0,0.0,0.0,0.0,0.0,0.0,1.0,Baixo Risco
a4dd485b7c4c04f2813684d91247983b25da9d7321852fe539c6ebe88b49d969,2862300.0,SP,0.973766652426184,0.7768507701152203,854.0,224.77272727272728,0.93,0.07793,960.0,987.0,0.0,0.0,0.0,0.0,0.0,0.0,0.0,0.0,1.0,Baixo Risco
685cad162dbb28114ee6f653ea0de90cc275fef31272c3784121dfb4175e7f7c,4755501.0,BA,0.9058423487565384,0.8530041727895563,636.0,0.0,0.93,0.0,680.0,888.0,0.0,0.0,0.0,0.0,0.0,0.0,0.0,0.0,1.0,Baixo Risco
c977836527abb307eb67ddebfa9bc31d568c17215e36fab27eaa05fbb16d9ae0,4742300.0,SC,1.0,0.7685282445813353,964.0,250.27272727272728,0.99,0.0,981.0,988.0,0.0,0.0,0.0,0.0,0.0,0.0,0.0,0.0,1.0,Baixo Risco
69cfebf588fe80df20b2dd55758901a90c6ed567dfac18b6690d79f7bc355103,2423702.0,SP,0.9988317369601488,0.974181847281365,959.0,225.17391304347825,0.95,0.00108,982.0,988.0,1.0,6393.53,6393.53,0.0,0.0,0.0,0.0,42.0,1.0,Baixo Risco
d85d845f669dba1db05843c588d20cc623414e9724646106b5b68de339227408,4781400.0,SP,0.987031652202738,0.8530041727895563,929.0,279.1666666666667,0.99,0.0,974.0,988.0,0.0,0.0,0.0,0.0,0.0,0.0,0.0,0.0,1.0,Baixo Risco
52bc1a4c0cfd9ae594ff2b6032e3b28d794a396de952bf9d31a1e74d86fbc4ed,4712100.0,PR,0.05,0.8530041727895563,636.0,0.0,0.05,0.0,680.0,865.0,0.0,0.0,0.0,0.0,0.0,0.0,0.0,0.0,1.0,Baixo Risco
b6aa8f8e9c1c2359850d577ed64e9425900b350936187e93d1efd7944b14ff5c,4689399.0,SP,0.9988693431549162,0.9799400462525668,965.0,247.6190476190476,0.98,0.0,980.0,988.0,0.0,0.0,0.0,0.0,0.0,0.0,0.0,0.0,1.0,Baixo Risco
07817ef8c208df4327a9a44b30ee5fb3cd7e65d3da827358d835af833cdd0871,4930202.0,BA,0.7243751840547434,0.8530041727895563,640.0,94.19607843137256,0.77,0.06927,949.0,986.0,0.0,0.0,0.0,0.0,0.0,0.0,0.0,0.0,1.0,Baixo Risco
a9a7e07c22a21504b9d6d3e3d3379d25b0d02c4cab7c3ed977d1bee818108355,2941700.0,SP,0.9520741005420618,0.904251631999472,950.0,210.63366336633663,0.96,0.00941,981.0,988.0,0.0,0.0,0.0,0.0,0.0,0.0,0.0,0.0,1.0,Baixo Risco
fbcfbf2893ee6315e97cba7bce90814a78a1df58306012745ef44e6ab0fffd5c,4639701.0,PR,0.95417227708325,0.9351434760797857,958.0,216.57792207792207,0.98,0.02543,982.0,989.0,0.0,0.0,0.0,0.0,0.0,0.0,0.0,0.0,1.0,Baixo Risco
d029d850fc698c7332da7fdb0fdc6ab6bc2d6e75f762d5b295202fadf94a9181,2813500.0,SP,0.9301576017847216,0.7648226506007173,923.0,192.68493150684927,0.95,0.00144,980.0,987.0,2.0,3042.98,3042.98,0.0,0.0,0.0,0.0,32.0,1.0,Baixo Risco
2d623189948a2cd658ecd66788639250ff5c28e59c5fa5d55064284d72a682dd,2731700.0,SC,0.9883819384071084,0.9753466277817456,961.0,253.16666666666663,0.96,0.0,981.0,988.0,0.0,0.0,0.0,0.0,0.0,0.0,0.0,0.0,1.0,Baixo Risco
d7e29d08d32494a0e3cd9d123c00d55e222d677a116a4f873418e73b82b98b0c,4781400.0,MG,0.9888601308039314,0.8530041727895563,885.0,176.0,0.97,0.0,979.0,988.0,0.0,0.0,0.0,0.0,0.0,0.0,0.0,0.0,1.0,Baixo Risco
b9d6ab71436959a203d30bbdb73e90660525276d29f3655a9a6802bc21e5feb5,8211300.0,SP,0.7833403297427284,0.8530041727895563,458.0,169.8421052631579,0.78,0.0,350.0,965.0,2.0,3304.5,3304.5,0.0,0.0,0.0,0.0,59.0,1.0,Baixo Risco
52504ae4740d492802723dded5b8d7bb06796adab0e46f76a474abf89698296f,4651602.0,RJ,0.8924142510054558,0.8530041727895563,925.0,180.9090909090909,0.9,0.0,977.0,989.0,2.0,2570.7700000000004,2570.7700000000004,0.0,0.0,0.0,0.0,31.5,1.0,Baixo Risco
f2908bd175183d88928a60a84d3a6ef40f683b087623e1a95a819ebdebbd256e,2452100.0,SP,0.9941050890490968,0.9291368481161726,925.0,214.12121212121207,0.96,0.01901,977.0,988.0,0.0,0.0,0.0,0.0,0.0,0.0,0.0,0.0,1.0,Baixo Risco
d3d77a88cb3c61e4de87a494adef35b6fa328e2ea62e17e1b1c1ec61df1c2222,4541206.0,SP,0.9136302068746798,1.0,823.0,98.75,0.95,0.15278,962.0,989.0,0.0,0.0,0.0,0.0,0.0,0.0,0.0,0.0,1.0,Baixo Risco
3452493ec5edc2bec4107057451cdf79158c8e45e180d2c504f781192b1af3c8,4772500.0,PR,0.967305703298671,0.5361074304864774,946.0,203.05555555555557,0.96,0.0189,976.0,988.0,0.0,0.0,0.0,0.0,0.0,0.0,0.0,0.0,1.0,Baixo Risco
90abef4a33bf38ce2a0fcd4e6829434997d536c1927a10331b150083efdafa5a,1052000.0,AL,0.2881316858783873,0.8530041727895563,153.0,77.24,0.5,0.00213,324.0,871.0,0.0,0.0,0.0,0.0,0.0,0.0,0.0,0.0,1.0,Baixo Risco
ac6279f4619d0a6281f7c69c380d9671e038eda1dd372b2eb465b181b826d4b6,4646001.0,SP,0.9876951573955808,0.953164302114655,837.0,288.8529411764706,0.98,0.01765,974.0,988.0,1.0,1107.41,1107.41,1.0,1.0,0.0,0.0,46.0,1.0,Baixo Risco
7cb6f6bf82855ab4bff54904913a2f61e0a39a1e09490cd98f522dc699664c5a,4711301.0,RJ,0.05,0.8530041727895563,24.0,44.5,0.06,0.18168,47.0,98.0,1.0,133941.6,133941.6,2.0,1.0,0.0,0.0,32.0,1.0,Baixo Risco
97426934a33b5aa835ed54db7444f70552fb24b4956c06b533cd36f264559360,9430800.0,SP,0.5581251391996854,0.8530041727895563,488.0,155.4318181818182,0.79,0.11442,862.0,988.0,0.0,0.0,0.0,0.0,0.0,0.0,0.0,0.0,1.0,Baixo Risco
b72492864d3c84c50c8d12655309f7b3ee2f593c69bae259c08eae701f9d10b5,4642702.0,SC,0.976978166320004,0.8864566941454692,958.0,219.65030674846625,0.91,0.011,975.0,989.0,2.0,1792.4,1792.4,0.0,0.0,0.0,0.0,28.0,1.0,Baixo Risco
1fc024619ed1e4991126e0ebf22d6119ddd62ef3d1fcf18043a4c659e1741b40,2222600.0,SP,0.9404438636438952,0.8178689559224113,952.0,200.98507462686567,0.96,0.10305,973.0,989.0,0.0,0.0,0.0,0.0,0.0,0.0,0.0,0.0,1.0,Baixo Risco
3234727618baf039c503cce23a1e046c752d2676d69308e3ac37ee162d84c7e3,4711302.0,SP,0.9381122893897044,0.8530041727895563,810.0,92.70344827586209,0.89,0.0451,980.0,989.0,0.0,0.0,0.0,0.0,0.0,0.0,0.0,0.0,1.0,Baixo Risco
b47ad4c7908079f3860a49bc9af20101b2c44c8b4012a1f42867533a4bced923,1412601.0,RS,0.7711115017274256,0.7695610648940102,939.0,218.64102564102564,0.96,0.0808,980.0,988.0,0.0,0.0,0.0,0.0,0.0,0.0,0.0,0.0,1.0,Baixo Risco
218e4eaf2ba8b291004780fb4cc50e1fc61f731f569309c3bc1150cf10f4546c,5611201.0,SP,0.9702629282530622,0.8530041727895563,965.0,120.5,0.99,0.0196,982.0,988.0,0.0,0.0,0.0,0.0,0.0,0.0,0.0,0.0,1.0,Baixo Risco
392e77f0b67d0d68615bce04239e08811274d7139203082f188046a034e88bbb,4781400.0,ES,0.9074535345008884,0.8530041727895563,911.0,258.0,0.86,0.0,937.0,988.0,0.0,0.0,0.0,0.0,0.0,0.0,0.0,0.0,1.0,Baixo Risco
4b0e5445918f67a133b71e7a233fb6b2ca9d8b6e19d2d4d826726bfbfadea28f,4789005.0,PR,0.9780651246960343,0.918109667644644,796.0,186.7894736842105,0.85,0.0031,961.0,988.0,0.0,0.0,0.0,0.0,0.0,0.0,0.0,0.0,1.0,Baixo Risco
17def454bc603cced790ccd77fd877e5810e9ccb53e6ca40928c2240a0b35071,3292202.0,SC,0.895130885748737,0.8769259811403063,958.0,187.77272727272728,0.94,0.16155,980.0,989.0,1.0,727.92,727.92,0.0,0.0,0.0,0.0,90.0,1.0,Baixo Risco
47e37408666db2f6087d1e09cf19d94f51c2c9fafc4f292e08879ce863537674,2222600.0,GO,0.1185628017554986,0.8794289134310512,511.0,77.11235955056179,0.81,0.01037,976.0,908.0,2.0,30319.04,30319.04,0.5,0.5,0.0,0.0,31.5,1.0,Baixo Risco
961960e79fc1494c8d6181f545c723d9bafeef0ef0f808e9d3fcf9062c5068ed,7500100.0,MS,0.7429023175172121,1.0,717.0,208.74418604651163,0.91,0.03167,940.0,988.0,0.0,0.0,0.0,0.0,0.0,0.0,0.0,0.0,1.0,Baixo Risco
6e41330b9e6266bd1b34648a60290761f2e2d03fa0d77fb11aac8a1f860810eb,4761003.0,DF,0.936238440332112,0.4136209506356134,906.0,98.33333333333331,0.87,0.0,979.0,989.0,0.0,0.0,0.0,0.0,0.0,0.0,0.0,0.0,1.0,Baixo Risco
f436a9146ab28af5ce7e7e124c4b62efdfeb76ec008e80ee37ed6ad00070023c,2063100.0,SP,0.930734465116038,0.8530041727895563,865.0,184.1081081081081,0.9,0.01439,980.0,988.0,0.0,0.0,0.0,0.0,0.0,0.0,0.0,0.0,1.0,Baixo Risco
ba6f4d66e5ff91bf8c3ba045934c34f110c139f494613919212f8e7dcc949eff,4771701.0,PR,0.9917191277671984,0.8530041727895563,951.0,237.98305084745763,0.99,0.04824,982.0,989.0,0.0,0.0,0.0,0.0,0.0,0.0,0.0,0.0,1.0,Baixo Risco
a158fae961f17fddef023aa026e4701e78aa139fdec10396d34a421098abecee,4644301.0,PR,0.9702637806623168,0.8530041727895563,924.0,227.19444444444449,0.98,0.03569,980.0,988.0,0.0,0.0,0.0,0.0,0.0,0.0,0.0,0.0,1.0,Baixo Risco
cf64fc4c9197a5e72a9e109294468399b63c58468b907a8351fe539f7d0ca9ae,4684299.0,RS,0.3805533031786038,0.8270249508449015,486.0,81.65517241379311,0.66,0.12084,761.0,985.0,1.0,4745.04,4863.67,1.0,1.0,0.0,-118.63000000000011,57.0,1.0,Baixo Risco
57ec0f6bcff57038596f7c671fd13ae7a1614ea3ed15594713bc49761d139d5c,1741902.0,SP,0.6328945601534199,0.8530041727895563,906.0,66.3225806451613,0.9,0.8484,979.0,989.0,3.0,25492.22,25492.22,0.3333333333333333,0.3333333333333333,0.0,0.0,123.0,1.0,Baixo Risco
063de60114bf9a4c21e585b2422d895e4cebb0911a97a4ae4929cfc6d533db7d,4782201.0,BA,0.5322603213775473,0.8530041727895563,394.0,144.97222222222223,0.85,0.31514,230.0,981.0,0.0,0.0,0.0,0.0,0.0,0.0,0.0,0.0,1.0,Baixo Risco
7600e3781a7975a2b0fa60739f4cfd93c99c3ba93572d7949eaee56b020b9b9a,1071600.0,PR,0.930520253007427,0.8530041727895563,950.0,196.32558139534885,0.95,0.00404,978.0,988.0,0.0,0.0,0.0,0.0,0.0,0.0,0.0,0.0,1.0,Baixo Risco
1185cd918d7fa293c094b5b275edce7fcac31ed98430bfa54c0bb1b10a0b39b1,4771701.0,PR,0.9195530787512798,0.8530041727895563,831.0,62.46666666666667,0.99,0.10661,981.0,988.0,0.0,0.0,0.0,0.0,0.0,0.0,0.0,0.0,1.0,Baixo Risco
c7605b704fe08c546d4a22b28adec7c3bdcd5f1fe9746541920fdfd44f18c722,4771701.0,PR,0.999390917804352,0.8530041727895563,932.0,234.66666666666663,0.99,0.0,985.0,989.0,0.0,0.0,0.0,0.0,0.0,0.0,0.0,0.0,1.0,Baixo Risco
6ba24974e655957a428fb86e7660ee3915ca21c364e6fdb00bbc2214727be5f0,891600.0,SC,0.99872985789366,0.913365004079324,946.0,255.6,0.95,0.0,979.0,988.0,4.0,56313.83,56313.83,0.25,0.25,0.0,0.0,38.5,1.0,Baixo Risco
455b46de243770d6f83954c51fb4f1a496b6110a039b5c36a3e1635c8bcbfa98,4712100.0,MG,0.9333097125996136,0.8733204902291261,883.0,176.0,0.91,0.26762,953.0,988.0,0.0,0.0,0.0,0.0,0.0,0.0,0.0,0.0,1.0,Baixo Risco
9cac7e41a3c268e2ecfe3fa0e3199bfbf2bce35d79852bc2dd2424c0e84a1a26,4771701.0,PR,0.9644351836628188,0.8530041727895563,870.0,172.9047619047619,0.98,0.0534,984.0,988.0,0.0,0.0,0.0,0.0,0.0,0.0,0.0,0.0,1.0,Baixo Risco
dd2dacce5d0c03be4ed1fe4264f119e26f7cf179e3ff3b918a9ec40b91fa24dc,4644301.0,RO,0.7225963666889728,0.9254651440757042,907.0,133.8235294117647,0.91,0.0,979.0,989.0,11.0,4958.3099999999995,4958.3099999999995,0.0,0.0,0.0,0.0,40.90909090909091,1.0,Baixo Risco
f62ff4b3beea7286958474133e28f6f3c36cd2f5678160a12bce048feab68afe,4711302.0,PR,0.9870481697006952,0.8530041727895563,959.0,223.15873015873012,0.97,0.00522,981.0,989.0,0.0,0.0,0.0,0.0,0.0,0.0,0.0,0.0,1.0,Baixo Risco
541cee0073b68b22e4dfba99d4428dd02ac2134118d5113d724a130341305411,4781400.0,BA,0.8751869297243619,0.8530041727895563,911.0,123.25,0.96,0.01177,887.0,988.0,0.0,0.0,0.0,0.0,0.0,0.0,0.0,0.0,1.0,Baixo Risco
2f141686c14e9424536876e86fe5353442af7fa278077e73f17e44959bb161cd,1051100.0,RJ,0.9566216166222774,0.9903367616440152,790.0,200.6969696969697,0.93,0.0014,955.0,984.0,2.0,30272.68,30272.68,0.0,0.0,0.0,0.0,7.0,1.0,Baixo Risco
14d078c5fb7f34f278646e39dd0a47f1988344da6aabec886b339d5ad5cd7746,4623109.0,SP,0.5413850067551114,0.8530041727895563,384.0,145.1304347826087,0.69,0.25113,283.0,939.0,1.0,315.0,315.0,0.0,0.0,0.0,0.0,31.0,1.0,Baixo Risco
54e37e7ef5a06edcac08e7aa7e42d5efa7422416c4e7c77d9645b5dcfb2ba71c,4771701.0,PR,0.9639091184170848,0.8530041727895563,942.0,218.21052631578948,0.98,0.05551,978.0,988.0,0.0,0.0,0.0,0.0,0.0,0.0,0.0,0.0,1.0,Baixo Risco
8da737fc056c16267f1ccb00545a030702e5c1f49ffa04f410fa27e83bdd2cfb,4771701.0,PR,0.9689799352187112,0.8530041727895563,931.0,160.91304347826087,0.96,0.00634,983.0,988.0,0.0,0.0,0.0,0.0,0.0,0.0,0.0,0.0,1.0,Baixo Risco
0f840e4f3366c311a4d1bd2298fd1f1912ca22446e82fecaa289eaeeedd4dcad,4781400.0,PR,0.9901522224371136,0.05,914.0,161.9,0.96,0.0,979.0,988.0,0.0,0.0,0.0,0.0,0.0,0.0,0.0,0.0,1.0,Baixo Risco
bf799637fac10f2d12f025f398cfdbb3e42cde9843107dc38515d13f4c0babc8,4771701.0,SP,0.8181446986762564,0.5,473.0,168.52857142857144,0.7,0.00011,675.0,965.0,0.0,0.0,0.0,0.0,0.0,0.0,0.0,0.0,1.0,Baixo Risco
f277435beb9b85f043b99a982f85b18199b8056b617cac4578aca9895ba13b59,4711302.0,PR,0.971832444863,0.7724577530967813,940.0,216.74107142857144,0.97,0.00417,967.0,989.0,0.0,0.0,0.0,0.0,0.0,0.0,0.0,0.0,1.0,Baixo Risco
6cd71b7e343166198ae25fa91dafa2f410caad390410fb86841eafda28499d79,1412601.0,PE,0.2837557204952322,0.8530041727895563,915.0,167.89285714285714,0.93,0.60734,968.0,986.0,0.0,0.0,0.0,0.0,0.0,0.0,0.0,0.0,1.0,Baixo Risco
e7a648fd53012d8b8accab1af990d0377ab9bb72bf6858086a3a992785d62189,4631100.0,RJ,0.6139438904401147,0.799534680649179,717.0,72.47619047619048,0.89,0.50059,190.0,976.0,0.0,0.0,0.0,0.0,0.0,0.0,0.0,0.0,1.0,Baixo Risco
cebb9ad0f977ee60ee6dba891ac4da38cd76e9493dc535a7d1411d28e800806b,1052000.0,Sem Info,0.4015397719471839,0.6067415329263666,176.0,165.37365010799135,0.78,0.07843,161.0,976.0,125.0,2264014.49,1781798.82,4.16,0.616,0.2,482215.67000000004,19.312,1.0,Baixo Risco
ce6ac28cccdc0d4c4b2ef5c79d8a137cbb18ec2c0630441c597688f24108a9cf,2731700.0,SC,0.9356521768735446,0.8429226964530478,895.0,181.8125,0.96,0.02059,976.0,989.0,0.0,0.0,0.0,0.0,0.0,0.0,0.0,0.0,1.0,Baixo Risco
81fe9f7a68a59ecf9b04d7bee050e7df628e6ffa1c487f013b47f74ad3a481a3,4781400.0,PA,0.9665930597055756,0.3803488815722484,909.0,195.6,0.98,0.0,952.0,986.0,0.0,0.0,0.0,0.0,0.0,0.0,0.0,0.0,1.0,Baixo Risco
0bb97ec0521e08a35983fe9d55e415f2e43f668450c35493696df8ade19d556a,4771701.0,PR,0.9707726030762966,0.8530041727895563,946.0,174.82758620689654,0.99,0.01653,969.0,988.0,0.0,0.0,0.0,0.0,0.0,0.0,0.0,0.0,1.0,Baixo Risco
f21cc83cec28622f350b3b388950cf17ec359777a16980eeddd00f06df7b96d3,4744005.0,SC,0.946699783212531,0.8530041727895563,889.0,217.75,0.98,0.0,971.0,986.0,0.0,0.0,0.0,0.0,0.0,0.0,0.0,0.0,1.0,Baixo Risco
847d5f133bc6d99c2e4d9a36f8fc093aa5a4186c5fe8f763ff006c6de21d205e,4771701.0,PR,0.9899027852013832,0.8530041727895563,949.0,250.82142857142856,0.98,0.0,967.0,988.0,0.0,0.0,0.0,0.0,0.0,0.0,0.0,0.0,1.0,Baixo Risco
1a5bf4ad64fc04ff35d982dced461193e8e7fc8478639c67e919267f0abbaf74,4761003.0,RJ,0.9422858914166804,0.8530041727895563,928.0,142.97142857142856,0.92,0.06799,982.0,988.0,0.0,0.0,0.0,0.0,0.0,0.0,0.0,0.0,1.0,Baixo Risco
31aa43e35784539a267936f53390ec64c1d2f8efb67f40bd8662d4e738bac1b3,2840200.0,RS,0.1688093693595273,0.9770395611612622,114.0,121.78424657534246,0.53,0.14273,570.0,987.0,0.0,0.0,0.0,0.0,0.0,0.0,0.0,0.0,1.0,Baixo Risco
84483ecbc651741392986aae44a8fbf22165cd0dbfe1d0b5571fa0da13c096c1,2013402.0,RS,0.8532255484346427,0.7181955077941098,873.0,136.3846153846154,0.88,0.00625,973.0,989.0,0.0,0.0,0.0,0.0,0.0,0.0,0.0,0.0,1.0,Baixo Risco
d490c2c39e16cca48179e128a2397ba69a72c3537484627d75fdde7c7c8184ef,4679699.0,SP,0.9597463871960146,0.7797638406613201,916.0,188.07755102040812,0.97,0.0068,976.0,988.0,0.0,0.0,0.0,0.0,0.0,0.0,0.0,0.0,1.0,Baixo Risco
43b61b2d3300244f0fca32125b74bf16eac4b83ba7dcb3b10fb7d9ad4cb291a2,4930203.0,RS,0.8852759503020152,0.844758598042471,872.0,122.07317073170732,0.76,0.00751,921.0,988.0,0.0,0.0,0.0,0.0,0.0,0.0,0.0,0.0,1.0,Baixo Risco
f5b81d65be2d53645f4b7edeaf80932f7a0e394807341769be206823a16576cf,4781400.0,MA,0.7578207770243404,0.8530041727895563,557.0,95.66666666666669,0.94,0.34823,770.0,985.0,0.0,0.0,0.0,0.0,0.0,0.0,0.0,0.0,1.0,Baixo Risco
9e8725bb1c8c36296903b25abf6d2514d992a7a120c992bd7740b1ae4f16ec5e,1533500.0,Sem Info,0.3152155213804057,0.8530041727895563,701.0,222.1888111888112,0.87,0.16254,963.0,987.0,1.0,445.83,463.29,5.0,1.0,0.0,-17.460000000000036,110.0,1.0,Baixo Risco
e90b9b6b1b545dd051bce66d58d9fb35b1268ecdaa2b3bc40d8eff47570fe4c1,4711302.0,SP,0.948039109569938,0.9801834865225656,926.0,201.8421052631579,0.96,0.01287,968.0,988.0,0.0,0.0,0.0,0.0,0.0,0.0,0.0,0.0,1.0,Baixo Risco
52e8bb8ba6519c93279d186eeba1d618a57d7309834fa5d803b049bd1b822916,4771701.0,PR,0.9417505723283116,0.8530041727895563,960.0,235.63636363636363,0.99,0.21704,968.0,988.0,0.0,0.0,0.0,0.0,0.0,0.0,0.0,0.0,1.0,Baixo Risco
209bcbb3b49f5fb55245e70d2e5ce2e120182199baa06de3398b1fe7747553b8,4632001.0,RS,0.92970607635417,0.7616970436679034,937.0,217.91666666666663,0.93,0.00024,982.0,989.0,0.0,0.0,0.0,0.0,0.0,0.0,0.0,0.0,1.0,Baixo Risco
da5224de9f9c9cbc9fb3dc9376e9229f52c15181744563ccccab7d7e50e82eee,4712100.0,PR,0.903478284974543,0.8530041727895563,933.0,198.05555555555557,0.95,0.02134,981.0,989.0,0.0,0.0,0.0,0.0,0.0,0.0,0.0,0.0,1.0,Baixo Risco
b63d853edf560f72359c6d154a1ccc45e69bfbfc89d69147d9ed1fdffab83980,4755501.0,TO,0.3706804079273116,0.8530041727895563,951.0,118.7,0.97,0.15603,981.0,987.0,0.0,0.0,0.0,0.0,0.0,0.0,0.0,0.0,1.0,Baixo Risco
1d89158d71f32d4d00b9344c4e62c201689332a9ad0b04a7e63b6a98db95e50c,1012103.0,MG,0.8191021496349724,0.9446789318483352,957.0,216.50746268656715,0.95,0.01833,980.0,988.0,2.0,131072.65,131072.65,0.0,0.0,0.0,0.0,14.0,1.0,Baixo Risco
7828af65623825865d5dd6e40bf9217a10b87f6e4bfbc4105e6784186925d2fc,4771701.0,PR,0.9654920156932192,0.8530041727895563,954.0,211.4090909090909,0.97,0.00093,982.0,988.0,0.0,0.0,0.0,0.0,0.0,0.0,0.0,0.0,1.0,Baixo Risco
f774154102aeb3fedada1dd0b1b6e6df561f221756951b14a8d0703d0ce5d643,2592602.0,RS,0.4985427386027237,0.9051835983974796,757.0,126.63975155279503,0.85,0.29738,838.0,987.0,1.0,2911.95,2911.95,0.0,0.0,0.0,0.0,28.0,1.0,Baixo Risco
dc252024832808c683f5ca81b02553496675b0d822fb29757229f8badc1caedc,1733800.0,PR,0.994475440200641,0.9198141464933732,962.0,229.1492537313433,0.97,0.0,981.0,988.0,0.0,0.0,0.0,0.0,0.0,0.0,0.0,0.0,1.0,Baixo Risco
f409f1f9d20b849c837ec5441015b26e99221540a4e8c158fdcad615805eef39,4711302.0,SC,0.9755657728123596,0.973538080377952,965.0,232.4186046511628,0.96,0.13678,982.0,989.0,0.0,0.0,0.0,0.0,0.0,0.0,0.0,0.0,1.0,Baixo Risco
71bdc4c2e5c364214aef76fed25590de8b6330c4f681d76d6a24c6fd1642b429,2431800.0,SP,0.7770484761951773,0.8512906332858177,816.0,69.49264705882354,0.87,0.07675,975.0,988.0,3.0,100495.82999999999,100620.48,1.3333333333333333,0.6666666666666666,0.0,-124.65000000000146,66.33333333333333,1.0,Baixo Risco
6e94110a587c4d671c80e6afd14d974b8fd2c6826194b6e03714becd327e36a4,4771701.0,PR,0.9357367519074696,0.8530041727895563,932.0,195.24242424242425,0.98,0.00942,974.0,988.0,0.0,0.0,0.0,0.0,0.0,0.0,0.0,0.0,1.0,Baixo Risco
be114d7d8c40142167cb3fc8086057b8154a41563e684eefd4c5aff992a3cd5b,2732500.0,Sem Info,0.9474777327044428,1.0,955.0,222.8,0.88,0.27529,945.0,989.0,0.0,0.0,0.0,0.0,0.0,0.0,0.0,0.0,1.0,Baixo Risco
ce55536f715b76c83c264f5385ec02d73b08fc7767738ca19bc5ea4bcdffe549,4921301.0,SP,0.6513150238155219,0.8530041727895563,178.0,91.37037037037037,0.57,0.24416,166.0,981.0,0.0,0.0,0.0,0.0,0.0,0.0,0.0,0.0,1.0,Baixo Risco
73d358cacda7d137fcc29cee5878a6f05ef43f2f947a9529a3114915975008b6,1721400.0,PE,0.3317568024784205,0.8530041727895563,514.0,145.6497461928934,0.68,0.24908,609.0,982.0,4.0,70736.01000000001,70736.01000000001,0.5,0.25,0.0,0.0,31.75,1.0,Baixo Risco
b46f7f08ea0281ed2b5e61cdeca11aa7f6e13339a0eaa85d6bda8a83d69b2d88,4771701.0,PR,0.3955238873659119,0.8530041727895563,171.0,102.65882352941176,0.73,0.12841,65.0,922.0,0.0,0.0,0.0,0.0,0.0,0.0,0.0,0.0,1.0,Baixo Risco
2f893fe7e35cc925617f43a67ce00adb9259d65eb498249ed272f6be68a48873,4689399.0,SC,0.9758902143977404,0.952323241585421,957.0,221.71794871794876,0.95,0.21171,981.0,989.0,0.0,0.0,0.0,0.0,0.0,0.0,0.0,0.0,1.0,Baixo Risco
a11ca6f94c52814cc1804e6807fa0774b4f1454a6d7cf8277aa1aff4bf8840f0,4781400.0,Sem Info,0.8541701881133735,0.8530041727895563,951.0,149.5,0.96,0.0,973.0,988.0,0.0,0.0,0.0,0.0,0.0,0.0,0.0,0.0,1.0,Baixo Risco
95f49a50710bcf9c0a7358be50a599ad93e3a6beb0bf2a77c73f166c25f59d3b,4711302.0,GO,0.9564397349580332,0.8232062278824063,934.0,207.65573770491804,0.96,0.05309,978.0,989.0,0.0,0.0,0.0,0.0,0.0,0.0,0.0,0.0,1.0,Baixo Risco
1d6e068b0aa1b038028d55a81457b54968a99574f31aa0a787a363200886d7d5,4771701.0,PR,0.9737032218070024,0.8530041727895563,950.0,246.04712041884815,0.97,0.0,975.0,989.0,0.0,0.0,0.0,0.0,0.0,0.0,0.0,0.0,1.0,Baixo Risco
81ca042b0fbe9fccd9dec3f558ed86f957c293473a4d4db7828b1c29e7a4aca5,2229301.0,RJ,0.8655335090968018,0.979520308054846,921.0,216.8571428571429,0.93,0.0,967.0,986.0,2.0,3041.49,3041.49,0.0,0.0,0.0,0.0,27.5,1.0,Baixo Risco
35345ce36f5b4bae10827ea38ef5b49abb4aed4da89547f657c3b8678d02570b,4781400.0,PE,0.9100612409274542,0.8530041727895563,766.0,131.66666666666666,0.96,0.02915,837.0,986.0,0.0,0.0,0.0,0.0,0.0,0.0,0.0,0.0,1.0,Baixo Risco
cd4162db522f3b320923e6088807e794d160bd47fc376d42074e16f0e2066a0f,4771701.0,PR,0.7631357210974294,0.74867682163967,963.0,221.75,0.97,0.00767,980.0,988.0,0.0,0.0,0.0,0.0,0.0,0.0,0.0,0.0,1.0,Baixo Risco
4555304842fc29aba3951091a97b451d4f161b32fd2b00fe1b62dbfdf39ec332,4771701.0,PR,0.8998833410323489,0.8530041727895563,949.0,117.0,0.98,0.11459,980.0,988.0,0.0,0.0,0.0,0.0,0.0,0.0,0.0,0.0,1.0,Baixo Risco
dccb2733f47105e78e2fe5156ce2ad1bcae469265c077f8b8997ea80c2e68063,4744099.0,SC,0.9884127332716056,0.6714367514128691,966.0,256.78846153846155,0.99,0.03275,983.0,989.0,0.0,0.0,0.0,0.0,0.0,0.0,0.0,0.0,1.0,Baixo Risco
67c0374651389d83e12b8842e525423835f3de186b62a09d976e5406bdbca7b6,2222600.0,SP,0.9385831978608206,0.8199324707981178,692.0,85.10144927536231,0.8,0.05977,972.0,988.0,2.0,175711.02000000002,175711.02000000002,0.0,0.0,0.0,0.0,31.5,1.0,Baixo Risco
45f4ca4873d12290f20192dd344784118915b43ab656f912e11941affa100643,4771701.0,PR,0.9432156254705586,0.8530041727895563,963.0,231.58823529411765,0.98,0.11026,983.0,987.0,0.0,0.0,0.0,0.0,0.0,0.0,0.0,0.0,1.0,Baixo Risco
3c0080a9c2166e9773d2bfb72c9185a066bc6f1bcf00e5a72d9062798bfb9e4e,4781400.0,AL,0.9689198003308144,0.8530041727895563,950.0,230.8709677419355,0.98,0.0,970.0,989.0,0.0,0.0,0.0,0.0,0.0,0.0,0.0,0.0,1.0,Baixo Risco
f9bda87530a9fe6bf3c7f5798fe450c2519718bc968bd03cb0f227151db3c582,1352900.0,Sem Info,0.2329917114369624,1.0,125.0,108.92307692307692,0.29,0.05528,69.0,697.0,1.0,8540.4,8540.4,0.0,0.0,0.0,0.0,28.0,1.0,Baixo Risco
f1eff61d02cad0c080ad02e32b62f4d4c0995b88ccca99d2730e4308cbfa2222,4530703.0,SP,0.858692292922673,0.5923537884477283,958.0,237.0,0.91,0.02576,980.0,977.0,20.0,19575.21,18456.08,0.75,0.5,0.0,1119.1299999999999,58.3,1.0,Baixo Risco
d4973697a3e82e03c0bcd4229dc3e5b9fe9f3406a001fb4e928f7115191596e8,4771701.0,PR,0.9359525244369192,0.8530041727895563,941.0,237.74285714285716,0.94,0.00918,978.0,989.0,0.0,0.0,0.0,0.0,0.0,0.0,0.0,0.0,1.0,Baixo Risco
90289a472b71e452c1d1760db814c9e30f08559295adcca97cedc20eb3f6b272,4639701.0,PR,0.9694874609348324,0.9442790604849112,945.0,216.84158415841583,0.97,0.01678,980.0,989.0,0.0,0.0,0.0,0.0,0.0,0.0,0.0,0.0,1.0,Baixo Risco
f73ababcacc1730d5c1c9215847c4b76188c95ef815547a4cc07f71d5892fef0,4771701.0,PR,0.9482837105115488,0.8530041727895563,947.0,198.2,0.97,0.3679,983.0,987.0,0.0,0.0,0.0,0.0,0.0,0.0,0.0,0.0,1.0,Baixo Risco
363f14e287fea2f712d065f888de77db3cd139c0ece16fafe60140f3e131b983,4763603.0,Sem Info,0.727471568247551,0.8530041727895563,642.0,170.95238095238096,0.89,0.12984,796.0,984.0,0.0,0.0,0.0,0.0,0.0,0.0,0.0,0.0,1.0,Baixo Risco
b5f0ff81d162c8ccd16d1c3111d8dfa1569d5e010b0b1476efe3840c9392216e,4744001.0,BA,0.9326889130957812,0.8530041727895563,873.0,204.04761904761904,0.95,0.0,856.0,983.0,0.0,0.0,0.0,0.0,0.0,0.0,0.0,0.0,1.0,Baixo Risco
144b9c29ba9b1bb3a16f9b6c4a939e65949982b9bb1760c364842aa6e46ecde9,1412601.0,SP,0.9173004377675272,1.0,962.0,233.16666666666663,0.98,0.00803,982.0,988.0,0.0,0.0,0.0,0.0,0.0,0.0,0.0,0.0,1.0,Baixo Risco
a869779c098b8bc8ac9bd814a67c5e768e735c42da7797d9ea50ffe794d7c75b,4781400.0,MT,0.992892140343223,0.8530041727895563,925.0,227.33333333333331,0.95,0.06019,966.0,989.0,0.0,0.0,0.0,0.0,0.0,0.0,0.0,0.0,1.0,Baixo Risco
486f01459c3e2c457e565dff74d5de0c07d03995685ea303963833715dc12c9a,4771701.0,MS,0.9810338758209474,0.8530041727895563,962.0,228.2,0.98,0.02387,971.0,988.0,0.0,0.0,0.0,0.0,0.0,0.0,0.0,0.0,1.0,Baixo Risco
c713564d3fce11edda4400b6a06607cdf0abed4211c3823a76cfb01244d05265,4763602.0,SP,0.6570358851000734,0.8530041727895563,368.0,108.72093023255816,0.74,0.02682,863.0,988.0,0.0,0.0,0.0,0.0,0.0,0.0,0.0,0.0,1.0,Baixo Risco
f2a8bb24174cb2f885bd433cd6e90386fcf06f21e587be1e898fd9ef4a704b22,4771701.0,PR,0.9965222628803876,0.8530041727895563,964.0,235.24615384615385,1.0,0.0,982.0,988.0,0.0,0.0,0.0,0.0,0.0,0.0,0.0,0.0,1.0,Baixo Risco
2d7eafffc6ca06ec5b0e24c2dc2a2ee577196219616b7d5db242b6d1dc3a6e9c,1011201.0,BA,0.9251258063201132,0.9648443139731856,903.0,83.51724137931035,0.91,0.4417,980.0,989.0,5.0,23240.98,23240.98,0.2,0.2,0.0,0.0,28.4,1.0,Baixo Risco
30db5de3142ea13c1c364ded4b6787d61afd1e058ba33b98e72280da496cdeee,4530701.0,CE,0.6579104573146826,0.7502071654818048,442.0,113.84615384615384,0.78,0.03313,503.0,964.0,0.0,0.0,0.0,0.0,0.0,0.0,0.0,0.0,1.0,Baixo Risco
b5ac43c88bf45203f686812fff53013995ecf4313fbe08693760e3b331b671e1,4781400.0,PR,0.8350311389959993,0.05,949.0,206.43478260869568,0.97,0.33189,974.0,988.0,0.0,0.0,0.0,0.0,0.0,0.0,0.0,0.0,1.0,Baixo Risco
ad1e06d9664d2f99992884dc053e63a45b2b3edd28dcdfc92473381972aefd7f,4771701.0,SC,0.9879341988037535,0.8530041727895563,913.0,140.0,0.94,0.04257,949.0,988.0,0.0,0.0,0.0,0.0,0.0,0.0,0.0,0.0,1.0,Baixo Risco
214c498a77c03e04f5dbb55e370d12ea950e91fb4f75b22e06b02f181b648d63,2452100.0,SP,0.7728261260322987,0.8530041727895563,820.0,127.625,0.91,0.07528,980.0,988.0,0.0,0.0,0.0,0.0,0.0,0.0,0.0,0.0,1.0,Baixo Risco
17c467a2c3c1360507667d3c38dd838351f147c4b19cceec4e3c71b22f636058,1412601.0,SP,0.9009257720168072,0.876281234430854,905.0,158.85714285714286,0.97,0.0986,983.0,988.0,0.0,0.0,0.0,0.0,0.0,0.0,0.0,0.0,1.0,Baixo Risco
32ace86d8673cdef50de53317a3d00ba9313edcb538f5a077154e239c5af2693,4712100.0,MG,0.9615275647833174,0.4969818947799898,940.0,238.8695652173913,0.94,0.0004,976.0,989.0,0.0,0.0,0.0,0.0,0.0,0.0,0.0,0.0,1.0,Baixo Risco
3afb7b2c67c9b5582fd9a42a998df136833556eee7f950ff2cb94674b94d2036,5611201.0,DF,0.9431153663977304,0.8530041727895563,575.0,161.75,0.75,0.0,889.0,984.0,0.0,0.0,0.0,0.0,0.0,0.0,0.0,0.0,1.0,Baixo Risco
e256f75496eb41ea48a4cba25fecc7353d2dce47efca0a778779e8b46c8eda8c,4781400.0,BA,0.8824229397942608,0.8530041727895563,848.0,124.55555555555556,0.97,0.0,962.0,989.0,0.0,0.0,0.0,0.0,0.0,0.0,0.0,0.0,1.0,Baixo Risco
e20f30969f60e81c510eb4936d65ebf3c0a46ae6679f9faa923b7bb211ec0a10,4672900.0,MG,0.9930936255983648,0.8530041727895563,958.0,206.72,0.93,0.00242,983.0,989.0,0.0,0.0,0.0,0.0,0.0,0.0,0.0,0.0,1.0,Baixo Risco
e670e33963f1737a542dfd7441a105b582514026ed5ed29981bae2855b4a5dab,4772500.0,SP,0.9448757904400688,0.8530041727895563,779.0,146.1304347826087,0.94,0.0,966.0,987.0,0.0,0.0,0.0,0.0,0.0,0.0,0.0,0.0,1.0,Baixo Risco
a9ce33438d74d12f77beff60dc12caf04bae5af08e8cc2ddd1d96120ab9f49d3,1092900.0,PE,0.7834582045828778,0.8233385194768229,793.0,117.55035971223022,0.87,0.10234,972.0,989.0,0.0,0.0,0.0,0.0,0.0,0.0,0.0,0.0,1.0,Baixo Risco
1b08275e72495617af75bb6c01019354ea52a2b83930da4313f73484f219bb19,4781400.0,PR,0.880224945173691,1.0,918.0,21.0,0.9,0.0,977.0,989.0,0.0,0.0,0.0,0.0,0.0,0.0,0.0,0.0,1.0,Baixo Risco
c765089bfa57775af563f8e71a1d6a2ccdebb6bcd7c8a2ba81756d9866c73abc,4687702.0,Sem Info,0.4845563744421787,0.8530041727895563,164.0,184.4333333333333,0.49,0.0169,262.0,983.0,2.0,128592.8,0.0,68.0,1.0,0.0,128592.8,111.5,1.0,Baixo Risco
9d8cec16847e4022175abc0930bece5a875ca6cfd13a1e319b09b80addb8c01a,4771701.0,PR,0.9865133512152092,0.8530041727895563,952.0,244.29166666666663,0.98,0.0356,968.0,988.0,0.0,0.0,0.0,0.0,0.0,0.0,0.0,0.0,1.0,Baixo Risco
2bcae3cde3ebf3ee2429b0ef1bd781a765dcd90ab5189a506e3995440f01825e,8211300.0,SC,0.8808188023873678,0.9435774230783236,867.0,167.47916666666666,0.86,0.03807,972.0,988.0,3.0,12392.369999999999,12392.369999999999,0.0,0.0,0.0,0.0,70.66666666666667,1.0,Baixo Risco
d2b58b2af014be0f206520e51f4dd100fe71cfbb90279c63b43949b5dcd3e601,4641901.0,Sem Info,0.9785559622645746,0.785418233495293,934.0,247.5,0.94,0.01927,984.0,989.0,1.0,1114.5,1114.5,0.0,0.0,0.0,0.0,27.0,1.0,Baixo Risco
4b809622c402270bf31006d059cf13bbf4ea8135a7e2051579d1f4e6c890c0a7,2599399.0,SP,0.6166131104082065,0.05,525.0,169.90625,0.75,0.19118,774.0,985.0,4.0,17421.24,17421.24,0.25,0.25,0.0,0.0,28.25,1.0,Baixo Risco
98a69d4e050af13cb55d90ada3bf8051743c925353745c79df6d1bbcfc901ade,4744005.0,SC,0.8822689875179986,0.8530041727895563,578.0,108.0958904109589,0.97,0.12176,957.0,989.0,0.0,0.0,0.0,0.0,0.0,0.0,0.0,0.0,1.0,Baixo Risco
abfdd4fa27b6a4432f64dd897dc8cdd794778f182e8842752eb1ffd498f22f63,4755501.0,SP,1.0,0.8530041727895563,908.0,293.0,0.9,0.0,964.0,988.0,0.0,0.0,0.0,0.0,0.0,0.0,0.0,0.0,1.0,Baixo Risco
4433831983c181612a7ffcc5f7134e913c4899b2d7566dcb319a453cc7672c29,4649408.0,BA,0.8302748613470635,0.8462801240155491,825.0,242.4375,0.86,0.0,918.0,988.0,0.0,0.0,0.0,0.0,0.0,0.0,0.0,0.0,1.0,Baixo Risco
56d546e22e49d6cef2a00b897e228add7cc33f6ddd40c5915faebab302b81f95,4782201.0,PR,0.7902730073852859,0.8530041727895563,599.0,157.5,0.91,0.62165,928.0,989.0,0.0,0.0,0.0,0.0,0.0,0.0,0.0,0.0,1.0,Baixo Risco
56edb3564dfa0fcf6558f365234aad7ed93a16c98e9bd78b000aeeaac1827526,4782201.0,MG,0.9749259897596092,0.8530041727895563,944.0,211.14285714285717,0.99,0.10221,974.0,989.0,0.0,0.0,0.0,0.0,0.0,0.0,0.0,0.0,1.0,Baixo Risco
3d7de6029f391fd921e1af9a51da6b15b41d83c21c2d63cc65ca7b13af229d55,4771701.0,PR,0.96448467680775,0.8530041727895563,944.0,230.22727272727272,0.96,0.17559,978.0,989.0,0.0,0.0,0.0,0.0,0.0,0.0,0.0,0.0,1.0,Baixo Risco
428a1eb10e886304e1cfb137bfc68ac7295cc38adb0c1e31d3890f08e718cbcd,3240099.0,MG,0.9498533569875188,0.8530041727895563,685.0,212.0,0.74,0.0,887.0,984.0,0.0,0.0,0.0,0.0,0.0,0.0,0.0,0.0,1.0,Baixo Risco
f2e6463628903318680e153fb457d52afa673df54475d3c24c53363988f5f884,6311900.0,MG,0.7452906372742857,0.8752216625572237,577.0,9.0,0.82,1.0,440.0,984.0,0.0,0.0,0.0,0.0,0.0,0.0,0.0,0.0,1.0,Baixo Risco
a549608ad164552f939f64655a40291131a92e82b65b9f58210202bd57982238,5510801.0,MG,0.9228713442313656,0.6760132947554864,944.0,209.796875,0.93,0.01091,972.0,987.0,0.0,0.0,0.0,0.0,0.0,0.0,0.0,0.0,1.0,Baixo Risco
bd52e18ac8aa4f4aa25579a10a1b47310af80d8b321903e556a95ca636e636eb,4763601.0,SP,0.1036647771478528,0.3556022589385925,941.0,246.8,0.95,0.0,977.0,988.0,0.0,0.0,0.0,0.0,0.0,0.0,0.0,0.0,1.0,Baixo Risco
1ad390fa20cdb67a7f47d310aab4301321e578e43025fae76aa3a88588fc448a,4679604.0,SP,0.223975204589367,0.8530041727895563,340.0,185.1914893617021,0.58,0.11506,81.0,973.0,0.0,0.0,0.0,0.0,0.0,0.0,0.0,0.0,1.0,Baixo Risco
a5d49dd1522e14102166ca7557905708eae960753e79a2985746c06bb2de8ef6,4744099.0,PI,0.8867925558028794,0.4340501845014186,763.0,187.41666666666663,0.92,0.06629,945.0,986.0,0.0,0.0,0.0,0.0,0.0,0.0,0.0,0.0,1.0,Baixo Risco
43757373f4e00e9464bcd05a0b91a6e5331bfbe853de38dbb02f77a018213787,4789004.0,BA,1.0,0.8530041727895563,919.0,0.0,1.0,0.0,853.0,972.0,0.0,0.0,0.0,0.0,0.0,0.0,0.0,0.0,1.0,Baixo Risco
208b82eb40ca452339a9259b85e8b0b2d0f7a7cb6b52b6a3d9b7f46f6772075a,4712100.0,SP,0.8490577454320914,0.8530041727895563,844.0,140.0554899645809,0.91,0.05553,979.0,989.0,0.0,0.0,0.0,0.0,0.0,0.0,0.0,0.0,1.0,Baixo Risco
4cfbcc8dac4df30d2e8c3c8929f88145c0ea9be559ed08859b2483ef7efbf566,5611203.0,SP,0.8825504264822199,0.8530041727895563,846.0,115.0,0.86,0.27782,883.0,986.0,0.0,0.0,0.0,0.0,0.0,0.0,0.0,0.0,1.0,Baixo Risco
38df6dc32177d7850d5eff1b47ff34478ba4f05c9c41156956bd42569e2ef3a3,4744001.0,SP,0.9568983644889753,0.05,718.0,93.25,0.84,0.63109,875.0,986.0,1.0,3750.0,3750.0,0.0,0.0,0.0,0.0,21.0,1.0,Baixo Risco
d9585ad4116cad01b25f8e851f13c892bd06112f2b0e7bfaa2e863757b9a6445,4683400.0,TO,0.8120372161931163,0.8530041727895563,821.0,85.14285714285714,0.84,0.01308,905.0,988.0,0.0,0.0,0.0,0.0,0.0,0.0,0.0,0.0,1.0,Baixo Risco
39107ef4fc4de3f511afbba93d9ce271023c61040ca5c4c7842d940882d4cd10,4644301.0,SP,0.8680755255151049,1.0,942.0,242.03571428571428,0.97,0.0,981.0,988.0,0.0,0.0,0.0,0.0,0.0,0.0,0.0,0.0,1.0,Baixo Risco
0694eb7869a0358d5bbcd69039baefc7aa083c32369106356d43a31c82f02d60,3104700.0,Sem Info,0.9957151028103608,0.8774869862531484,961.0,231.86666666666667,0.97,0.0,982.0,987.0,0.0,0.0,0.0,0.0,0.0,0.0,0.0,0.0,1.0,Baixo Risco
663a181233ac4606a261be70d60a1609eb55aca97a1c68b4ab9e322df0b1a237,2222600.0,PR,0.7010446443575811,0.89222824066878,609.0,121.66949152542372,0.77,0.01323,975.0,988.0,0.0,0.0,0.0,0.0,0.0,0.0,0.0,0.0,1.0,Baixo Risco
55795532199e6e5d38b105b323cd41a881793d72531a3a8dae01db7321dec30a,4754702.0,SP,0.5607813926013642,0.8530041727895563,628.0,247.84615384615384,0.86,0.03261,208.0,983.0,0.0,0.0,0.0,0.0,0.0,0.0,0.0,0.0,1.0,Baixo Risco
fb68ff851b25704f83e86067205abf0070c6a41addcdeaed82b75fda535a66a9,2599399.0,SP,0.7433547920158837,0.7383690823946071,204.0,109.81159420289856,0.6,0.05511,413.0,935.0,1.0,1628.33,1628.33,0.0,0.0,0.0,0.0,42.0,1.0,Baixo Risco
aa4942331d5e41404c4ccd363ca68c89d191905a0c0361c7b8ea414cd63cd329,4921301.0,SC,0.9292279968587054,0.919267954954232,466.0,111.14285714285714,0.75,0.17097,962.0,988.0,0.0,0.0,0.0,0.0,0.0,0.0,0.0,0.0,1.0,Baixo Risco
2361eda5afc52e1cd02001bca7284079a1ea78c20ce3e29e6c639a2717c5109c,4771701.0,PR,0.98378188026676,0.8530041727895563,951.0,239.2190476190476,0.99,0.04486,981.0,988.0,0.0,0.0,0.0,0.0,0.0,0.0,0.0,0.0,1.0,Baixo Risco
13fbe3c7c0ab93f1ee410cf2b6acf6bb966eea712c70264ff7bb9cc09647048f,4771701.0,PR,0.9950697557692794,0.8530041727895563,951.0,239.07777777777775,0.99,0.00845,983.0,989.0,0.0,0.0,0.0,0.0,0.0,0.0,0.0,0.0,1.0,Baixo Risco
92a65b571012cd8bfe26e04a083706ec9213b20e84b3823d97cc4cc25452a098,4729699.0,SP,0.9185996449956504,0.8530041727895563,903.0,177.14285714285714,0.92,0.12652,982.0,988.0,0.0,0.0,0.0,0.0,0.0,0.0,0.0,0.0,1.0,Baixo Risco
727e9dde59de43e7dd07d2685d0c56b5e9f90a4f546c3db3c001d392b13345c8,4781400.0,SP,0.99814437075485,0.8530041727895563,917.0,162.5,0.94,0.0,938.0,988.0,0.0,0.0,0.0,0.0,0.0,0.0,0.0,0.0,1.0,Baixo Risco
47acd582b310dd9f1612be944360aad369ca80566173246543f527900d9f8625,4711302.0,GO,0.963694174506045,0.9494763626125272,959.0,232.9740932642487,0.97,0.01904,981.0,989.0,0.0,0.0,0.0,0.0,0.0,0.0,0.0,0.0,1.0,Baixo Risco
d8a2ed7b256196578e91e2988b4ebb2134dc6c250cdded56d68fb4b6f94fb22d,4781400.0,SC,1.0,0.8530041727895563,955.0,241.0,0.93,0.0,893.0,984.0,0.0,0.0,0.0,0.0,0.0,0.0,0.0,0.0,1.0,Baixo Risco
ec3074c77386f112aa276e746de3be98f604e66634b42e298e963a256247c178,4637102.0,SC,0.9902058859917172,0.5736523825144585,924.0,194.66666666666663,0.94,0.01168,969.0,989.0,1.0,93540.0,93540.0,1.0,1.0,0.0,0.0,61.0,1.0,Baixo Risco
30e778ada5f534258f3a2ce175e0e88a4c0ccffa43e7cb35f043227a165f155f,4543900.0,SP,1.0,0.8530041727895563,950.0,305.0,1.0,0.0,949.0,987.0,0.0,0.0,0.0,0.0,0.0,0.0,0.0,0.0,1.0,Baixo Risco
7d709009bcb75eb61c5738bebc4e3ed2c70d4d100a24024a896cdf4a59247503,7490104.0,SP,0.2727961877726587,0.1615858406276361,154.0,106.8804347826087,0.51,0.15212,40.0,971.0,1.0,3380.4,3380.4,0.0,0.0,0.0,0.0,88.0,1.0,Baixo Risco
3c572e62c19d630d3b2e14bea0179235ab190af5e8808999ed232238472a3c78,4782201.0,RJ,0.9318672174294138,0.8530041727895563,874.0,156.79166666666666,0.94,0.12343,968.0,988.0,0.0,0.0,0.0,0.0,0.0,0.0,0.0,0.0,1.0,Baixo Risco
633ae06d5ac7bfbc40bbc273918b4cce70aa8a5e079d9806786980d440fb108b,4744099.0,RR,0.9921518221959358,0.8177673754550082,937.0,243.8,0.97,0.0,978.0,988.0,0.0,0.0,0.0,0.0,0.0,0.0,0.0,0.0,1.0,Baixo Risco
11858f96cfb21439765a80b1311f10ced8469fbf134ce599a96b362332e9a752,4781400.0,MG,0.8597264121025779,0.8530041727895563,881.0,41.0,0.96,0.0,959.0,988.0,0.0,0.0,0.0,0.0,0.0,0.0,0.0,0.0,1.0,Baixo Risco
77f569c5776907c65d9bc3489c293991f4dc87fe6fc0dbce6a3ce4242f0aee61,4781400.0,SP,0.974311754890034,0.8530041727895563,894.0,209.0,0.96,0.0,974.0,988.0,0.0,0.0,0.0,0.0,0.0,0.0,0.0,0.0,1.0,Baixo Risco
2f4d2bef8724937fa04767b80027134459b9bd79af4afa15a00d38a714ce4061,4711302.0,PA,0.9352903113867556,0.8530041727895563,942.0,230.9784946236559,0.97,0.01775,970.0,988.0,0.0,0.0,0.0,0.0,0.0,0.0,0.0,0.0,1.0,Baixo Risco
8f788639c17375fed41cc5d33a712569b6a4ebf2c3d6b3bdc7cf0243f97fb617,4782201.0,SP,0.9820028043450454,0.8530041727895563,928.0,281.0,0.91,0.0,971.0,988.0,0.0,0.0,0.0,0.0,0.0,0.0,0.0,0.0,1.0,Baixo Risco
52d556736317d5d58e63cc08a9cd7b0d41061adeb1a8dec88c9db919084dac7f,4712100.0,MA,0.9809024048179596,0.8530041727895563,899.0,170.83333333333334,0.98,0.12095,972.0,987.0,0.0,0.0,0.0,0.0,0.0,0.0,0.0,0.0,1.0,Baixo Risco
0d850c76deea45af39ca1b32e3d02f928b6be79fee0a314fd568a4ffce5e0eae,4771701.0,PR,0.9736278250335184,0.8530041727895563,951.0,188.0681818181818,0.98,0.02348,980.0,988.0,0.0,0.0,0.0,0.0,0.0,0.0,0.0,0.0,1.0,Baixo Risco
a70e10581a3cef6b4c22025aade44cbb030f09d46499c1151736a4d0898224c5,4771701.0,PR,0.2762470368476927,0.8530041727895563,164.0,150.5441176470588,0.7,0.05104,42.0,918.0,0.0,0.0,0.0,0.0,0.0,0.0,0.0,0.0,1.0,Baixo Risco
b111f723c869aed6e1eb843c6d3735eb140b17e63f89594859bc38ae95bda232,2411300.0,MG,0.7519737392055353,0.8530041727895563,943.0,206.75714285714287,0.96,0.00087,969.0,986.0,3.0,96762.32,32960.0,2.0,0.3333333333333333,0.0,63802.32,46.0,1.0,Baixo Risco
638a1d1066dc68b660ff1237ade9758909fac7849ed39bd7a0b4b38a1d06a231,4530704.0,Sem Info,0.542039624788031,0.8530041727895563,364.0,7.0,0.7,1.0,252.0,872.0,0.0,0.0,0.0,0.0,0.0,0.0,0.0,0.0,1.0,Baixo Risco
a20c6b907668b42a0afd7d7c04100fd9cc42f488fd1453230ce00424ab459dd3,4781400.0,MG,1.0,0.8530041727895563,928.0,274.0,0.97,0.0,955.0,988.0,0.0,0.0,0.0,0.0,0.0,0.0,0.0,0.0,1.0,Baixo Risco
a22cded995a280f4b5f9d74d68650c995229fc9de292d39f621a34af8056b0ab,4781400.0,GO,1.0,0.8530041727895563,965.0,263.57142857142856,1.0,0.0,977.0,988.0,0.0,0.0,0.0,0.0,0.0,0.0,0.0,0.0,1.0,Baixo Risco
c6298ccfcdf6f9e6890058eb03ccb5509f62dc9c70566f50f5a61f4131ff5f33,4930202.0,Sem Info,0.5737083828077827,0.7695233706411053,430.0,214.0,0.79,0.0,134.0,971.0,2.0,10586.93,10586.93,0.0,0.0,0.0,0.0,36.0,1.0,Baixo Risco
750896a13962ef8b6b7538d599b84490475d8281408a60b4f7f79b23ed5ef7ff,4782201.0,GO,0.0675701705361809,0.8530041727895563,125.0,24.210526315789476,0.26,0.28917,42.0,43.0,0.0,0.0,0.0,0.0,0.0,0.0,0.0,0.0,1.0,Baixo Risco
c7ac0cd90c2f04f6cca7d9bacb98153848ddb144ceb982097ccfbfaaacae4906,4781400.0,RS,0.9663401718226284,0.5099534809662938,888.0,195.4,0.97,0.03303,981.0,989.0,0.0,0.0,0.0,0.0,0.0,0.0,0.0,0.0,1.0,Baixo Risco
429fcb50c8f76941de64b68e5636c5aed18fe40d47e0ebb3c1165c0f953b001e,4930202.0,PR,0.8272478137673788,1.0,949.0,186.42696629213484,0.95,0.00282,981.0,989.0,0.0,0.0,0.0,0.0,0.0,0.0,0.0,0.0,1.0,Baixo Risco
0ab47ca66be7e2d336c55f58fab9b67811375b5d4af37a273edc05d2e1f214ad,4679604.0,SP,0.7930210929422244,0.8119833736310569,906.0,197.7894736842105,0.93,0.0,924.0,973.0,1.0,1539.0,1539.0,0.0,0.0,0.0,0.0,43.0,1.0,Baixo Risco
7b0862184747c95a0821c6bef217815e627a78cd682e8b987fe457d0e2670916,4649401.0,RJ,0.05,0.555956162721499,515.0,104.66666666666669,0.44,0.29681,612.0,978.0,1.0,705.49,705.49,0.0,0.0,0.0,0.0,84.0,1.0,Baixo Risco
bc564dec2cdee12ac05c2fd12a014581b44f3811abae58e2a7f171e6052ad9dc,4781400.0,Sem Info,1.0,0.8530041727895563,938.0,0.0,0.96,0.0,947.0,987.0,0.0,0.0,0.0,0.0,0.0,0.0,0.0,0.0,1.0,Baixo Risco
9068aa4e6ecf38b66f8ed92f22f74c6f8da9f40c2871327fba948e21e7146b47,1340599.0,RS,0.9937291594076954,1.0,951.0,237.45454545454547,0.96,0.0,971.0,989.0,1.0,5780.0,5780.0,0.0,0.0,0.0,0.0,30.0,1.0,Baixo Risco
f01e7a0630079f292566a297d74ca885168eebb5cf962bdd057abd329e6195ca,4110700.0,SP,0.6248179097743649,0.4445117433969615,509.0,143.36363636363637,0.67,0.043,808.0,984.0,0.0,0.0,0.0,0.0,0.0,0.0,0.0,0.0,1.0,Baixo Risco
3c86143faec47caec19161ce258f64907cf74ffb1fc03d95b602fee917b9d5e2,2221800.0,MG,0.8123272803956622,0.9379220469498708,785.0,158.63636363636363,0.84,0.05176,958.0,987.0,1.0,2469.63,2469.63,0.0,0.0,0.0,0.0,35.0,1.0,Baixo Risco
0dbe712921fbc327c976766e2aee5927964a15feca5db5deae218c083a15d94e,4635402.0,BA,0.8727697718159392,0.9179036609802972,576.0,70.85714285714286,0.86,0.0004,937.0,989.0,0.0,0.0,0.0,0.0,0.0,0.0,0.0,0.0,1.0,Baixo Risco
1381a29cd81979cc091565b426df8a4654707120cb56b32c6d2c896cbe197357,4754701.0,MS,0.5625576357276846,0.8530041727895563,245.0,94.8,0.65,0.0,113.0,977.0,0.0,0.0,0.0,0.0,0.0,0.0,0.0,0.0,1.0,Baixo Risco
4011f544e139c0be75143a4a16020372bc70778daed3f5070e3a5cc649c2f548,4673700.0,SC,0.9299035261709316,0.8735108497263189,440.0,174.58823529411765,0.86,0.10983,882.0,988.0,0.0,0.0,0.0,0.0,0.0,0.0,0.0,0.0,1.0,Baixo Risco
329f67e19a5164429e8677cce78247dadc8bf10de40c3c7de05e06e16d891620,4637106.0,GO,0.8563431039644694,0.945312493099441,940.0,147.05882352941177,0.94,0.2925,978.0,988.0,1.0,457.69,457.69,0.0,0.0,0.0,0.0,16.0,1.0,Baixo Risco
30dd1e8339cb13380ae7f3493740684c5371b95fdf490f389d9af24389fda0c0,1330800.0,SC,0.242763744740689,0.05,141.0,83.41176470588235,0.63,0.61297,62.0,771.0,0.0,0.0,0.0,0.0,0.0,0.0,0.0,0.0,1.0,Baixo Risco
45d85c2baa07bf55dbff36e0c14a1e42589b55c7e6f742df2f0b031f25060564,4631100.0,RJ,0.5003150278908404,0.9005345346417671,506.0,147.56,0.69,0.16735,730.0,984.0,0.0,0.0,0.0,0.0,0.0,0.0,0.0,0.0,1.0,Baixo Risco
e5fa82e40cba1a3f6e2b095f2ba453eca7ea906be3bb54528e2c15729bcd9ed6,4781400.0,AP,0.93144427347851,0.8530041727895563,869.0,90.0,0.98,0.0,958.0,988.0,0.0,0.0,0.0,0.0,0.0,0.0,0.0,0.0,1.0,Baixo Risco
0375b747ff1a0376fa206f8c786d20368edec76826fe47e9374176d84edb4870,4781400.0,MS,0.9214530942508016,0.9262009245463316,937.0,57.86363636363637,0.99,0.22189,971.0,989.0,0.0,0.0,0.0,0.0,0.0,0.0,0.0,0.0,1.0,Baixo Risco
74711e9851b5f884f47a8f6166022ea1e278eb5493386c6882700c9569a1c122,1411801.0,Sem Info,0.1499261215864895,0.05,101.0,97.8125,0.4,0.23137,70.0,680.0,1.0,187.5,187.5,0.0,0.0,0.0,0.0,127.0,1.0,Baixo Risco
e6715c482be461c407fbac459ea58b2b2b4f082b6f25ffd5a3e71f897eb3cb71,4639701.0,PA,0.58906417311264,0.8530041727895563,555.0,74.21532846715328,0.98,0.00877,269.0,954.0,0.0,0.0,0.0,0.0,0.0,0.0,0.0,0.0,1.0,Baixo Risco
e4896c27d68a08ceefa7b753da25845acaff60c3370e1dcb0c4c2b1c2d7bd242,4711302.0,RO,0.865880758617487,0.9061655993402812,952.0,215.21296296296296,0.97,0.09561,982.0,989.0,0.0,0.0,0.0,0.0,0.0,0.0,0.0,0.0,1.0,Baixo Risco
0005f9a401a3e628bfb8a8264a89e8018087737f38c448b128af27a2959365f2,2941700.0,SP,0.8496732604116468,0.8530041727895563,644.0,196.30769230769232,0.9,0.24064,722.0,967.0,0.0,0.0,0.0,0.0,0.0,0.0,0.0,0.0,1.0,Baixo Risco
4464997610fd3fc9a3aaea1e495aac2ed0469480f4a25ce9bc5cd89725e29a80,4744001.0,PE,0.9569852270528264,0.9234654376197616,902.0,229.07142857142856,0.93,0.0,971.0,987.0,0.0,0.0,0.0,0.0,0.0,0.0,0.0,0.0,1.0,Baixo Risco
fc247c092bbf069b75cbc35f8e86c18f4bd31bb868abe9c71c62e42b7c2ab8a6,4781400.0,CE,0.2372604037932746,0.8530041727895563,336.0,117.75,0.75,0.0,64.0,936.0,0.0,0.0,0.0,0.0,0.0,0.0,0.0,0.0,1.0,Baixo Risco
12f6d621a80fcff64ae96d8277d6a413cf0aa428f18eb4bc87c8a37f1ece608c,4679699.0,MG,0.9777753606196654,0.8530041727895563,933.0,182.0,0.94,0.0,980.0,987.0,1.0,359.6,359.6,0.0,0.0,0.0,0.0,26.0,1.0,Baixo Risco
b033f05cb1a3b7666cc74bbf8172ac11f99eb0297174c9095ef65f2e07f24e21,4693100.0,MG,0.9074016068149316,0.8270017140961136,840.0,189.76865671641792,0.89,0.02743,960.0,987.0,2.0,818.1199999999999,818.1199999999999,0.5,0.5,0.0,0.0,40.0,1.0,Baixo Risco
1abfbbb955f6b53f444b9e4ddecf6fadb9c4df3b9d2a13c4f1b2f3ba4dc19f65,4781400.0,SP,0.1785682390233637,0.849995613547191,205.0,128.1,0.35,0.70353,294.0,867.0,0.0,0.0,0.0,0.0,0.0,0.0,0.0,0.0,1.0,Baixo Risco
387639d4f1ba2d5f750ca598a2957a8d3680f5e84aae91b077fd6c7ce9d85c43,4685100.0,SP,0.754791166479113,0.4784640887478924,660.0,101.98507462686568,0.81,0.05312,412.0,972.0,1.0,1228.0,1228.0,0.0,0.0,0.0,0.0,32.0,1.0,Baixo Risco
b5b94f4844786b30fd0d35079f9ad9d187c280e8a8302d0188f9aa1f95955cd7,5829800.0,SP,0.8852426346160113,0.052783937514087,891.0,135.5,0.91,0.0,969.0,987.0,0.0,0.0,0.0,0.0,0.0,0.0,0.0,0.0,1.0,Baixo Risco
0dc7628c56b1331395f3242ac52cdab924751714636fc172e27ee7c97637bcac,3091101.0,AM,0.8700494388925913,0.8530041727895563,825.0,127.50613246116107,0.91,0.02702,978.0,988.0,0.0,0.0,0.0,0.0,0.0,0.0,0.0,0.0,1.0,Baixo Risco
2a34cb52efb878009910085189d45b8d03529b5afc91521f5323f562f3643ce1,7732201.0,SP,0.7991476088365449,0.8488593857441068,844.0,119.52941176470588,0.94,0.02952,974.0,987.0,0.0,0.0,0.0,0.0,0.0,0.0,0.0,0.0,1.0,Baixo Risco
f4735748e014f68628336b948ad47196573ffa06b83e915345719216bb2a0adf,2062200.0,SP,0.8463178739797194,0.8778015506885709,819.0,151.25454545454545,0.93,0.01838,976.0,989.0,1.0,2189.85,2189.85,0.0,0.0,0.0,0.0,40.0,1.0,Baixo Risco
2b894a48a9ffcaec3d788fb73219cdc555f4eddca9cc0509c09710bb898aa68a,4729699.0,MG,0.2985159751622187,0.8530041727895563,114.0,97.25925925925924,0.47,0.05104,52.0,951.0,0.0,0.0,0.0,0.0,0.0,0.0,0.0,0.0,1.0,Baixo Risco
9bd12dad218d8a6c0afa29f98bf6377af011617b5eecb1018801cc3d41c90ba7,4743100.0,PR,0.2014492559673613,0.8530041727895563,58.0,72.71428571428571,0.29,0.58088,91.0,784.0,9.0,43514.48,28775.4,3.7777777777777777,0.5555555555555556,0.0,14739.080000000002,24.555555555555557,1.0,Baixo Risco
0e6b6fc18afbf2fbd07e753e8af9225d439090d7ac1310c32872ec9115296891,4781400.0,AL,0.9058423487565384,0.8530041727895563,165.0,0.0,0.93,0.0,234.0,364.0,0.0,0.0,0.0,0.0,0.0,0.0,0.0,0.0,1.0,Baixo Risco
5f327d13ff58e7bf10feb0b192b7951a818ddde7bcbfbf44b7c92db4cadfcc7b,6110803.0,RS,0.8209836057222766,0.8530041727895563,935.0,118.33333333333331,0.97,0.39811,979.0,985.0,0.0,0.0,0.0,0.0,0.0,0.0,0.0,0.0,1.0,Baixo Risco
d690a36ad297a7392cb97b8993c12c0890ab001f9f1cf6a50ffcc19e575ed1ce,4771701.0,PR,0.3684471408302046,0.8530041727895563,381.0,76.2741935483871,0.82,0.1637,143.0,949.0,0.0,0.0,0.0,0.0,0.0,0.0,0.0,0.0,1.0,Baixo Risco
46149e5f2815c8d3f87802933c01e8a7f839b2c3539bd01be5dda8407baf30a7,4644301.0,SP,0.1883677398517501,0.821051961399915,207.0,76.49597659107535,0.65,0.08476,192.0,971.0,1.0,410912.58,410912.58,0.0,0.0,0.0,0.0,578.0,1.0,Baixo Risco
3539e771e87b659d891b503c90df9ede2f163e765126aab12ab5a5e0cf0d6b9b,4781400.0,RS,0.8288475884804319,0.8207777670450346,756.0,140.0,0.92,0.0,932.0,987.0,0.0,0.0,0.0,0.0,0.0,0.0,0.0,0.0,1.0,Baixo Risco
762813e0b5941a6c67b64d1919971ec65aa75aa979a0544351c2b2da42d0fdeb,4781400.0,PR,0.3044886430228832,0.5628937305428958,643.0,149.875,0.91,0.05852,55.0,906.0,0.0,0.0,0.0,0.0,0.0,0.0,0.0,0.0,1.0,Baixo Risco
712154796cc427e3c01ba3ce9c6d0420ab16abad6ff31beb726c35566ca99cc6,4772500.0,MA,0.9876316540076394,0.8778284214677187,796.0,0.0,0.77,0.0,853.0,984.0,0.0,0.0,0.0,0.0,0.0,0.0,0.0,0.0,1.0,Baixo Risco
2fc415ee3bee6344d032fbd300cf71034286b36dfb9a00d151dd4ff0214ae3db,4520001.0,SP,0.937537310812248,0.985204507090376,947.0,173.86666666666667,0.94,0.1476,980.0,989.0,0.0,0.0,0.0,0.0,0.0,0.0,0.0,0.0,1.0,Baixo Risco
3275c2390cb34073400d92449b6837f3082b1a2b2eb0a3604a1b4291c1d36f80,4771701.0,PR,0.9929454749798556,1.0,952.0,240.44827586206893,0.97,0.0,977.0,989.0,0.0,0.0,0.0,0.0,0.0,0.0,0.0,0.0,1.0,Baixo Risco
de007be61926ffc0386e10ca62b960295025e1af23e8c1e858637040a8a9227f,4781400.0,PE,1.0,0.8530041727895563,955.0,273.4,0.99,0.0,975.0,988.0,0.0,0.0,0.0,0.0,0.0,0.0,0.0,0.0,1.0,Baixo Risco
400f29d19a3e8372490259dec9704c7447119feffcfe1b4ce5b320dc92a911d0,4782201.0,BA,0.785372000378673,0.8530041727895563,877.0,20.0,0.8,0.0,874.0,979.0,0.0,0.0,0.0,0.0,0.0,0.0,0.0,0.0,1.0,Baixo Risco
64bde26a1ee759c168eb11cd89b6bd3557ef07b5b495cbea95f087820a767347,4781400.0,GO,0.9963681447001216,0.8530041727895563,960.0,237.16129032258064,0.99,0.0,979.0,988.0,0.0,0.0,0.0,0.0,0.0,0.0,0.0,0.0,1.0,Baixo Risco
39433ae72281095ade716a00b304f2563726aca445d8f1791daea8209f5850b0,9602501.0,PE,0.05,0.8530041727895563,73.0,275.0,0.08,0.0,49.0,117.0,0.0,0.0,0.0,0.0,0.0,0.0,0.0,0.0,1.0,Baixo Risco
9a020d5937a2e7bca4cd46935c761485514c72d3aa7f8986e60a88589f3bb893,4781400.0,PE,0.967386208736876,0.8530041727895563,853.0,163.0,0.94,0.0,967.0,989.0,0.0,0.0,0.0,0.0,0.0,0.0,0.0,0.0,1.0,Baixo Risco
4a44b3294f316beca5a8a959f7af354f7b96c2ba6ee6f3a99544d4660ccbfb1b,4781400.0,BA,0.5845560914235313,0.8530041727895563,165.0,72.6,0.46,0.0,124.0,926.0,0.0,0.0,0.0,0.0,0.0,0.0,0.0,0.0,1.0,Baixo Risco
c5f78ca144b5bbccf026b61294f51d282e2dbbd6190a1f5829d5b303db873da6,4789005.0,CE,0.8755687559904908,0.7687198490209438,927.0,185.0,0.92,0.0,967.0,989.0,1.0,583.4,583.4,2.0,1.0,0.0,0.0,32.0,1.0,Baixo Risco
22a8a6cbeabfcac026a0a793ce03507aa3e6236cf6db67b82c56e81319731807,3101200.0,Sem Info,0.982082718044333,0.845569103268853,952.0,244.9090909090909,0.95,0.0,981.0,989.0,0.0,0.0,0.0,0.0,0.0,0.0,0.0,0.0,1.0,Baixo Risco
c575d292f76c14d5cebebe13290ff282b40332e85329cf5e5a3f5d59dd9b86cf,1013901.0,SP,0.9719184877283192,0.8530041727895563,954.0,216.75,0.93,0.0,982.0,989.0,0.0,0.0,0.0,0.0,0.0,0.0,0.0,0.0,1.0,Baixo Risco
65717eee57d810ebddef2000031032bf23c1a73b12eb78efb71a909b1e11eece,1931400.0,SP,0.7444578920247757,0.8530041727895563,928.0,191.7761904761905,0.91,0.02984,973.0,984.0,0.0,0.0,0.0,0.0,0.0,0.0,0.0,0.0,1.0,Baixo Risco
68c2e32a5dbd872252d00b00ffe780352f4b89ec5e3b3a2820531b60fa56cd24,4930201.0,SP,0.8287008135703472,0.9720766068954292,695.0,63.142857142857146,0.83,0.08504,881.0,981.0,4.0,9856.0,9856.0,0.0,0.0,0.0,0.0,16.5,1.0,Baixo Risco
dace95a33607df16d788ffc23d02dcce29177471a1273ac50343acda0ae23cff,4651601.0,SP,0.05,0.9392744338498216,433.0,0.0,0.38,0.0,755.0,958.0,1.0,1048.03,1048.03,0.0,0.0,0.0,0.0,24.0,1.0,Baixo Risco
c4f3e90ce1dbf999ba883421a50f40d36e16a4f587bd75b6c64afe6425faffe0,4781400.0,SP,0.9159299169755456,0.8530041727895563,949.0,159.34782608695653,0.98,0.31861,968.0,989.0,0.0,0.0,0.0,0.0,0.0,0.0,0.0,0.0,1.0,Baixo Risco
2e424d0a1072fc6d806641422be992dfb48e746b8b5795766763952f025b0719,4774100.0,Sem Info,0.969098817268206,0.8530041727895563,866.0,128.22222222222223,0.98,0.0,979.0,988.0,0.0,0.0,0.0,0.0,0.0,0.0,0.0,0.0,1.0,Baixo Risco
19e7e5f94c87672bc9a5580de9194a23c8c3d91e590b34f84eace6b5f1f2c19c,1412601.0,SC,0.9382893692569224,0.8530041727895563,880.0,55.0,0.97,0.0,960.0,986.0,1.0,2114.92,2114.92,0.0,0.0,0.0,0.0,86.0,1.0,Baixo Risco
7cb0c9266a8cbb34d1bb49706712b165e55d5af1a00d8022fc3257f8725ff417,4211101.0,SP,0.4413012077043641,0.8530041727895563,175.0,96.54142581888247,0.63,0.1932,104.0,961.0,3.0,1421729.8599999999,1421729.8599999999,0.6666666666666666,0.3333333333333333,0.0,0.0,568.6666666666666,1.0,Baixo Risco
fa9979fa1c85da98c098208fe12df8f84aab250a1eb311325b203e812787d701,2222600.0,SP,0.9058423487565384,0.9657412927226976,943.0,243.04,0.92,0.00195,974.0,988.0,0.0,0.0,0.0,0.0,0.0,0.0,0.0,0.0,1.0,Baixo Risco
61c777202bc5d30685ca27073243bc49940d97c3209582c7fc181bef4b978d43,1091102.0,SP,0.4889000987989584,0.9670472773551666,366.0,144.86111111111111,0.72,0.09686,75.0,953.0,1.0,50000.0,0.0,4.0,1.0,0.0,50000.0,39.0,1.0,Baixo Risco
dbc8f5e1988cd783a50b97c82d62268ed8888f1f7ba763d2256e99a7917c5a81,2751100.0,RJ,0.05,0.905126339719776,130.0,120.846926713948,0.46,0.02439,141.0,987.0,10.0,11374.039999999999,11374.039999999999,0.7,0.4,0.0,0.0,54.6,1.0,Baixo Risco
aa48c9a7b296ae9ce9810c1767b5a98246fc41b050185c6420824f5439c3e49b,2092401.0,SP,0.8349034404026188,0.8784897186077399,776.0,192.48936170212767,0.87,0.01085,956.0,988.0,1.0,15957.13,15957.13,0.0,0.0,0.0,0.0,29.0,1.0,Baixo Risco
4c0ffe54925c9a7bc34c55433c937bf5029816cfbf76917ab828e27cabfa053e,4781400.0,GO,0.9592213562093784,0.8530041727895563,943.0,276.5952380952381,0.98,0.01683,950.0,988.0,0.0,0.0,0.0,0.0,0.0,0.0,0.0,0.0,1.0,Baixo Risco
b88ad44a464259d725ee983cbd95a448042e6f330999c83fe2907f0aaacdc948,1066000.0,SC,0.8768950078476129,1.0,939.0,175.81690140845072,0.94,0.12239,980.0,988.0,0.0,0.0,0.0,0.0,0.0,0.0,0.0,0.0,1.0,Baixo Risco
2d0a2476e34e4c4326a6b411777be33ac3c4795dc0bae5e30256d28189f5a12a,4649406.0,Sem Info,0.9119245686350892,0.7509978778521815,770.0,147.73584905660377,0.87,0.02047,943.0,987.0,7.0,4619.82,3787.52,0.14285714285714285,0.14285714285714285,0.0,832.3,46.42857142857143,1.0,Baixo Risco
8726e4149dfb0b8fa38379fd5295cb203030843e60d55774321d8e6c5d3e58a8,4313400.0,SP,0.5807274339203621,1.0,877.0,145.98850574712642,0.95,0.35574,964.0,988.0,0.0,0.0,0.0,0.0,0.0,0.0,0.0,0.0,1.0,Baixo Risco
f8ff95abd5fd70ac33b711d4f50bfcd792bf9db95985e587da7b62c80ff8d905,4771701.0,PR,0.9899959428726752,0.8530041727895563,863.0,241.8571428571429,0.97,0.00048,962.0,988.0,0.0,0.0,0.0,0.0,0.0,0.0,0.0,0.0,1.0,Baixo Risco
2d5c3170ca0639f5064c8f642ea2865eef98f70a252ca18d170a039a2ca04ac7,4930202.0,SP,0.8161150196046549,0.858621821818001,788.0,153.0,0.9,0.01351,896.0,986.0,2.0,702.95,559.25,0.0,0.0,0.0,143.70000000000002,17.5,1.0,Baixo Risco
e9650a26727cf450425cb23386984d2ca87b1c51679b183e71f25e260d82d0ae,4744001.0,SP,0.9669672509916396,0.9481769500522595,829.0,200.3181818181818,0.96,0.04096,965.0,988.0,0.0,0.0,0.0,0.0,0.0,0.0,0.0,0.0,1.0,Baixo Risco
55cc7adf9b15a9f560284603153b8c504f7ce082ac6c69f9cc5402f1dd8f409b,2592602.0,SP,0.9546325503358156,0.9458383958694684,901.0,151.6206896551724,0.89,0.00155,980.0,988.0,0.0,0.0,0.0,0.0,0.0,0.0,0.0,0.0,1.0,Baixo Risco
d85ac21968c0f910200deb55d9440de82ae075cef82a521b908e1d4f11668d39,1922599.0,PR,0.854893028723296,0.9084522161101428,915.0,251.54794520547944,0.86,0.0,975.0,989.0,1.0,32376.38,32376.38,0.0,0.0,0.0,0.0,60.0,1.0,Baixo Risco
f71d1d1a3f274188f8408409df6dc5a48872165908dc6fca0194f31d163db4cc,4789099.0,SP,0.8909661646730884,0.8280803727017692,913.0,241.22988505747125,0.96,0.0375,971.0,987.0,2.0,7705.76,7705.76,0.0,0.0,0.0,0.0,52.5,1.0,Baixo Risco
699cf17fc3d220321a8151619894a83b8acf39e0b5b379332107926626b4985b,6920601.0,SP,0.9690093490109448,0.8493894228915543,625.0,7.0,0.7,1.0,772.0,985.0,0.0,0.0,0.0,0.0,0.0,0.0,0.0,0.0,1.0,Baixo Risco
bf11da937cf5f4382898647bd89a9709d9df3a70793c8a0b7ba7c6397d14e718,2099199.0,SP,0.05,1.0,95.0,183.81012658227849,0.35,0.01088,220.0,827.0,1.0,1200.0,1200.0,0.0,0.0,0.0,0.0,21.0,1.0,Baixo Risco
d8fa635e99487e05d88fb59e0a2032b20da7f08026b253be6741e5b7162287dd,1121600.0,SP,0.9825339734410627,0.9549705964272256,953.0,253.66666666666663,0.96,0.0,981.0,989.0,0.0,0.0,0.0,0.0,0.0,0.0,0.0,0.0,1.0,Baixo Risco
86cc3b1ddd9b22fa71ae7994fff3e65cd9c7c143ce2d18c1d3e064b20e5e1255,4781400.0,SP,0.9833682831112032,0.8530041727895563,916.0,236.77777777777777,0.95,0.0,970.0,988.0,0.0,0.0,0.0,0.0,0.0,0.0,0.0,0.0,1.0,Baixo Risco
a0c855ae57d398921e950d8b5a240b2996cc281c9053302183e597a5422d0993,4781400.0,SP,0.922427199137701,0.8530041727895563,908.0,43.22222222222222,0.95,0.20579,982.0,988.0,0.0,0.0,0.0,0.0,0.0,0.0,0.0,0.0,1.0,Baixo Risco
a453fd5143d560cfb8338e735e1153e53ef16ae1db88b1a6c738cac82e305743,4781400.0,MG,0.9697234800773952,0.8530041727895563,959.0,161.2,0.98,0.0,980.0,988.0,0.0,0.0,0.0,0.0,0.0,0.0,0.0,0.0,1.0,Baixo Risco
3c705d111ec13ee30079207bb0ea4060b8ec4c5b62f2844b14aace1adeefa1e7,6209100.0,RJ,0.5007857599101936,0.3091620896461081,289.0,106.28782287822878,0.84,0.02083,628.0,987.0,61.0,229655.09,193807.84,0.47540983606557374,0.21311475409836064,0.0,35847.25,102.88524590163935,1.0,Baixo Risco
1c0f40a1c5b1573420f907f6d3f25528b3dcdd68097e38002308696451504d83,5611201.0,DF,0.9276265066422872,0.8530041727895563,955.0,245.7,0.91,0.0,970.0,989.0,0.0,0.0,0.0,0.0,0.0,0.0,0.0,0.0,1.0,Baixo Risco
c3c9896b940d11791f04a4d1ddfbb7f292f16b976a8049ff3cfd7fc6e1a6dc50,4771701.0,PR,0.9516465804307744,0.9130663825368712,951.0,193.86666666666667,0.95,0.26715,976.0,989.0,0.0,0.0,0.0,0.0,0.0,0.0,0.0,0.0,1.0,Baixo Risco
e6ab766b2391938f758b48b40ef6f4d00c35f65984acada0c70bf8981b680aa5,3103900.0,Sem Info,0.8029128779473724,0.6093411509480215,917.0,172.60416666666666,0.91,0.02464,983.0,988.0,0.0,0.0,0.0,0.0,0.0,0.0,0.0,0.0,1.0,Baixo Risco
b521ee460c2ae2f7b40ce8c74d12e2f0a98c8ad7e2f9e4a8503856a4ff20e09a,4781400.0,PA,0.8327586019072574,0.8530041727895563,924.0,195.42857142857144,0.95,0.0,976.0,988.0,0.0,0.0,0.0,0.0,0.0,0.0,0.0,0.0,1.0,Baixo Risco
fd9e551ab505e55ff6ea7c2f298073850cbfad918a32b916b18610d03eb656da,4771701.0,PR,0.9977977716003076,0.8530041727895563,933.0,246.63636363636363,1.0,0.0,984.0,989.0,0.0,0.0,0.0,0.0,0.0,0.0,0.0,0.0,1.0,Baixo Risco
20eafe522cd3e84d7287e1e941ee9f42adeeaac362778e2b11638244c36765b1,4771701.0,PR,0.9901278903967584,0.8530041727895563,809.0,147.5,0.98,0.18242,971.0,988.0,0.0,0.0,0.0,0.0,0.0,0.0,0.0,0.0,1.0,Baixo Risco
cec22bae3fe374545341c3c8a3a8ee220b56df8dc4ee10645b634112ada541c6,4681805.0,Sem Info,0.9410798141047302,0.9072626242188392,955.0,238.17582417582415,0.96,0.07276,979.0,988.0,2.0,3832.5,3832.5,0.0,0.0,0.0,0.0,51.0,1.0,Baixo Risco
0e3b749469f2348b7fb8fac016abbeec98146606d50e0245e8f5db73441e9acd,4689399.0,SC,0.6323292374188411,0.3739234156382583,580.0,97.92753623188406,0.76,0.0163,955.0,987.0,2.0,4570.15,4570.15,2.0,1.0,0.0,0.0,64.5,1.0,Baixo Risco
01c7e60771002b8c157ab3ee2f2fb851348b3e208e393b74606173d9c2942e0d,4781400.0,BA,0.9788358786628104,0.8530041727895563,920.0,317.7142857142857,0.98,0.0,975.0,988.0,0.0,0.0,0.0,0.0,0.0,0.0,0.0,0.0,1.0,Baixo Risco
6ce3f59203223ad09ee9d2ab2600a60dcd1cdddea4727a71469bd72cd9f70cea,4781400.0,SC,0.96326290305091,0.2674652798787812,909.0,210.2173913043478,0.93,0.02453,973.0,987.0,0.0,0.0,0.0,0.0,0.0,0.0,0.0,0.0,1.0,Baixo Risco
16efc28a1a4f9c1c8ea664d992b14d132cb5a21b5f52db328bf2ce7fdf50a8d4,4771701.0,PR,0.9727898113770358,0.6012381474156521,929.0,265.7916666666667,0.95,0.02882,980.0,988.0,0.0,0.0,0.0,0.0,0.0,0.0,0.0,0.0,1.0,Baixo Risco
da50495881379528d7638f15f990fb01546d1b16c2c3bdfde795eb2fe6ffb0cc,4755503.0,SC,0.9874910933835068,0.8530041727895563,950.0,213.02941176470588,0.99,0.12166,982.0,989.0,0.0,0.0,0.0,0.0,0.0,0.0,0.0,0.0,1.0,Baixo Risco
17ed43f8c84dafb60beefde379ec5dcfac040e103273c0756b21e32a02e12ea1,1052000.0,SC,0.9833510817291038,0.7449392404850603,859.0,157.5467289719626,0.94,0.00169,975.0,989.0,0.0,0.0,0.0,0.0,0.0,0.0,0.0,0.0,1.0,Baixo Risco
dd5f33a3ede6f29988814926116b88a2d694528574d7397ef19567264bb1bd2f,151201.0,SP,1.0,0.8530041727895563,920.0,241.0,0.95,0.0,951.0,987.0,0.0,0.0,0.0,0.0,0.0,0.0,0.0,0.0,1.0,Baixo Risco
89927e1d883087a141fd6bd798f8addc90d74a2c7ba75022da8b5ba52048afcf,4771701.0,PR,0.9438422606468124,0.8530041727895563,933.0,282.2857142857143,0.97,0.0,975.0,988.0,0.0,0.0,0.0,0.0,0.0,0.0,0.0,0.0,1.0,Baixo Risco
7b33fe312a08e532a9ee82f79dda1aa3163dfc5519ce9d1aa47d44ae1213bb02,4711302.0,SC,0.9412677665368172,0.9496721400112164,965.0,230.8978494623656,0.97,0.00141,983.0,989.0,0.0,0.0,0.0,0.0,0.0,0.0,0.0,0.0,1.0,Baixo Risco
1131b777ba6765e18a16b721bd783ed8fb227a3aaf084cda26ea252b9bc03564,4639701.0,SP,0.421061667915363,0.81267946809167,463.0,25.96,0.87,0.3289,387.0,968.0,1.0,1229.04,1229.04,0.0,0.0,0.0,0.0,21.0,1.0,Baixo Risco
a0a8242b315a97d0db09b7a30478ce10816e0ee1d9c940baf59330793840375a,4771701.0,PR,0.91367627547571,1.0,951.0,209.36666666666667,0.98,0.00451,979.0,988.0,0.0,0.0,0.0,0.0,0.0,0.0,0.0,0.0,1.0,Baixo Risco
0e6103ba12727f2f7bd16439b206f493da5f25bd048aedd47c02ff248aa2fe87,4211101.0,PR,0.9059372940780964,0.9767279882354212,946.0,233.84848484848484,0.94,0.0,974.0,987.0,0.0,0.0,0.0,0.0,0.0,0.0,0.0,0.0,1.0,Baixo Risco
63f864783cb23d508b0d768def642f061d6a01fedd96adfcebdf60854fe8fd3b,2599399.0,PR,0.8906978391368042,0.8530041727895563,915.0,232.74285714285716,0.94,0.0,976.0,989.0,2.0,148953.81,148953.81,0.0,0.0,0.0,0.0,22.5,1.0,Baixo Risco
9c59b92571a789c018dae3ee8c4d08fdeaf0fb44cc808088c28555a8b4a7226c,4755501.0,SC,0.6147777195281757,0.8530041727895563,500.0,86.66666666666667,0.79,0.86294,820.0,985.0,0.0,0.0,0.0,0.0,0.0,0.0,0.0,0.0,1.0,Baixo Risco
a049723c5b31060db9bdbd45457ff27b3595d8b52dd21106fa45b62a6229c70b,4685100.0,RJ,0.6542298945115794,0.95524268890567,940.0,307.8421052631579,0.92,0.0,984.0,988.0,2.0,3404.7,3404.7,0.5,0.5,0.0,0.0,29.5,1.0,Baixo Risco
f8a177475b9fcebc31f4c842c742ea845e2b8000d4f578b8c5063988f6347de1,2949299.0,PR,0.9413543617342304,0.8530041727895563,918.0,168.0952380952381,0.94,0.12905,980.0,989.0,2.0,2770.0699999999997,2798.31,2.5,0.5,0.0,-28.24000000000001,42.5,1.0,Baixo Risco
9b7a1c007272645bb873a808f2ad2bcdc96ab93a13475567de757b0459b5ab7f,4689301.0,RN,0.3367548730381445,0.8530041727895563,132.0,184.32142857142856,0.64,0.01071,715.0,929.0,1.0,13140.4,13140.4,1.0,1.0,0.0,0.0,31.0,1.0,Baixo Risco
77f3e9b9fff2d31b030ed95f960a619ee7e9433257e23f7c52a7cf59432002ff,2862300.0,SC,0.9370649197435168,0.941019214688562,952.0,246.54716981132077,0.97,0.01052,981.0,989.0,0.0,0.0,0.0,0.0,0.0,0.0,0.0,0.0,1.0,Baixo Risco
21a381372a32ec46d21687ed6f4ac63e1a6d55cd0c5f4a1a434eb21f2b41be3b,4761003.0,PA,0.8507552666431079,0.8530041727895563,821.0,179.83333333333334,0.94,0.0,957.0,987.0,0.0,0.0,0.0,0.0,0.0,0.0,0.0,0.0,1.0,Baixo Risco
c0e4e7deabb7ef4a507607f1da409f67e96e8d246cd4e765a21dbf13beae3ebd,4789099.0,SC,0.8406593937049677,0.5831316810637676,728.0,186.46715328467155,0.91,0.06816,954.0,989.0,5.0,198150.76,70275.0,3.2,0.6,0.0,127875.76000000001,77.2,1.0,Baixo Risco
fa86b8217530015d8f85c805a8ac174e4e6f51f9d90aeb1038e0b4d2038bb752,4741500.0,RR,0.9695859476222078,0.8530041727895563,673.0,194.4,0.86,0.05023,967.0,988.0,0.0,0.0,0.0,0.0,0.0,0.0,0.0,0.0,1.0,Baixo Risco
af3e7544f6e28208f8f4321e1fded18b16c362874ab5d899889cf59686ef7393,4771701.0,PR,0.4939434223187088,0.8530041727895563,370.0,222.26315789473685,0.82,0.05559,29.0,890.0,0.0,0.0,0.0,0.0,0.0,0.0,0.0,0.0,1.0,Baixo Risco
72528e22474b802190927bb0a40f27c9beb780cee7697323c370736a5b12dbbb,4771701.0,PR,0.980598728060392,0.8530041727895563,911.0,238.66666666666663,0.99,0.03633,965.0,988.0,0.0,0.0,0.0,0.0,0.0,0.0,0.0,0.0,1.0,Baixo Risco
a6b35f798fed84792f8317643f4023c8a988293419e694343a1a1015580cb48d,4711302.0,RS,0.9252360349162564,0.8530041727895563,742.0,99.939226519337,0.88,0.01471,928.0,989.0,0.0,0.0,0.0,0.0,0.0,0.0,0.0,0.0,1.0,Baixo Risco
66d50137a7fdcf9de815b2cd114c757a321fc3756a8ea467b7b6c2688912832e,4772500.0,PR,0.951269184336304,0.8530041727895563,765.0,224.11111111111111,0.93,0.0,949.0,989.0,0.0,0.0,0.0,0.0,0.0,0.0,0.0,0.0,1.0,Baixo Risco
bdc21c543738522ebce90238389067e51501500542374ba3f4d3bd485eb14675,4632001.0,RS,0.7653415450903376,0.05,824.0,208.39344262295083,0.86,0.00253,977.0,988.0,0.0,0.0,0.0,0.0,0.0,0.0,0.0,0.0,1.0,Baixo Risco
1c63664185066fb412e0803d751efbde86444efd8c265f0a643396fce7952482,2949299.0,RS,0.9060321394260488,0.990603160221435,941.0,205.9270072992701,0.95,0.01586,981.0,989.0,0.0,0.0,0.0,0.0,0.0,0.0,0.0,0.0,1.0,Baixo Risco
282d808f7e8ba8f55d4735c4bae1b04b74c41230cbf663a58b28fcc1c29f80b5,1412601.0,Sem Info,0.5283806718203339,0.8530041727895563,653.0,112.27777777777776,0.94,0.0633,246.0,984.0,1.0,11487.23,11487.23,0.0,0.0,0.0,0.0,55.0,1.0,Baixo Risco
209f89427933cfd05562db1c09d0b0bb042a801165be1bd3274010c8e42e4d7c,4643502.0,RJ,0.7987563160059394,0.8493555717108141,912.0,137.0,0.92,0.41678,973.0,989.0,0.0,0.0,0.0,0.0,0.0,0.0,0.0,0.0,1.0,Baixo Risco
e5b99b2877c9992950c2d9526ce73be9c2a1d79b9253a408fe9f154da7af3ea6,2593400.0,Sem Info,0.2071464400998497,1.0,502.0,118.95652173913044,0.78,0.34269,880.0,977.0,1.0,95785.54,95785.54,0.0,0.0,0.0,0.0,70.0,1.0,Baixo Risco
91309a27e4959923f72a0081ffa8c4cbebfd23e6e33bd88cf5aa8670f082a15c,1012103.0,RS,0.9324905209215082,0.944212487212852,926.0,179.66473988439307,0.97,2e-05,981.0,989.0,0.0,0.0,0.0,0.0,0.0,0.0,0.0,0.0,1.0,Baixo Risco
5bd224b77347145b110c5e59a0c3055050431fad3dcc38c6af577315617757aa,4771701.0,PR,0.8621193179484636,0.8530041727895563,948.0,231.71875,0.95,0.0,979.0,988.0,0.0,0.0,0.0,0.0,0.0,0.0,0.0,0.0,1.0,Baixo Risco
5881330f52668fbf224ef21fc5449f967f17d43cf388432f785291fcf794d2ee,4771701.0,PR,0.3964141583171321,0.8530041727895563,177.0,178.6602628918099,0.47,0.02738,50.0,910.0,0.0,0.0,0.0,0.0,0.0,0.0,0.0,0.0,1.0,Baixo Risco
9cf693bf41c2dd8999d81d5c105de1deed8454509879451ea87081f3609507b2,4644301.0,MG,0.0947747341974886,0.2080414236849941,115.0,217.4,0.55,0.0,98.0,778.0,1.0,4225.0,4225.0,0.0,0.0,0.0,0.0,29.0,1.0,Baixo Risco
1f2b5d5d7808f3d60a2a860b15109d9c46ad640016405b71a7ad3ffedf2b9088,2732500.0,MS,0.9963274092998046,0.9642873405445892,960.0,230.6818181818182,0.96,0.0,983.0,989.0,0.0,0.0,0.0,0.0,0.0,0.0,0.0,0.0,1.0,Baixo Risco
b9c252f4c61f509535c3899ecf67ff7d85963a401e77dbf54ccf387bd04ae08e,1621800.0,PR,0.9532686765736574,1.0,960.0,212.38888888888889,0.97,0.00464,983.0,988.0,0.0,0.0,0.0,0.0,0.0,0.0,0.0,0.0,1.0,Baixo Risco
08f452969f6962214d28270fe1ac6c06907554dba50eb43f82b5b621909a74d6,2443100.0,Sem Info,0.9151606839118592,0.967349269520022,903.0,177.42307692307693,0.95,0.00036,970.0,982.0,7.0,2399521.25,766018.73,0.2857142857142857,0.2857142857142857,0.14285714285714285,1633502.52,44.142857142857146,1.0,Baixo Risco
8a07bd45bc8a5e718ec80176914608d57b16c0529d8df302c6477b530393d5d7,1412601.0,CE,0.8104516672692409,0.2732916568422888,833.0,171.08333333333334,0.89,0.16908,928.0,989.0,0.0,0.0,0.0,0.0,0.0,0.0,0.0,0.0,1.0,Baixo Risco
29ca3d98f7c2f8753ce15429ef2035d3abc985a10b40fb250415973ac207cb7e,2733300.0,SC,0.9606626234932344,0.9383111013485712,946.0,222.43421052631575,0.94,0.0018,982.0,988.0,0.0,0.0,0.0,0.0,0.0,0.0,0.0,0.0,1.0,Baixo Risco
c62fb014a5fd5e7ffb179407c8f7d02410e13c7b5a9484b98b3f40888a4dfe40,4771701.0,PR,0.1683185833426546,0.8530041727895563,90.0,84.13793103448276,0.56,0.22324,26.0,800.0,0.0,0.0,0.0,0.0,0.0,0.0,0.0,0.0,1.0,Baixo Risco
64f10d0d5181dfe9d5b82917158196514750f017d3f9b6ae1e583425d5212236,4712100.0,PA,0.9907531064865182,0.8530041727895563,936.0,115.42857142857144,0.94,0.15521,970.0,987.0,0.0,0.0,0.0,0.0,0.0,0.0,0.0,0.0,1.0,Baixo Risco
ad8a22ec25bcaf3d39990d69ecd05f69f18fcd1b78e49f13162402e7f44f8e22,4623101.0,RS,0.9818212306875188,0.8530041727895563,723.0,188.67088607594937,0.76,0.00017,935.0,988.0,0.0,0.0,0.0,0.0,0.0,0.0,0.0,0.0,1.0,Baixo Risco
ef460da539a2e953ab96f66d68f9f8aed5316056439f3adf04ee7c9fa344c745,2320600.0,RJ,0.8447613709223227,0.8281960144722414,456.0,153.11875,0.69,0.05185,803.0,894.0,9.0,10389.36,10397.49,0.7777777777777778,0.3333333333333333,0.0,-8.129999999999825,24.11111111111111,1.0,Baixo Risco
b43ae436583f12e9292e2344274b9a0e0d96d5974f191538c231f5a615cdcd25,7319002.0,SP,0.05,0.05,104.0,144.16981132075472,0.41,0.01597,45.0,735.0,2.0,1053.75,1053.75,0.5,0.5,0.0,0.0,19.5,1.0,Baixo Risco
e9fbe30d74ec576cffb4f9d6a5c8eed1a55a21eadfe854f3f48020e024d6f380,1099699.0,SP,0.5598489980653978,0.8155769508397533,709.0,186.24516129032256,0.85,0.00801,926.0,981.0,6.0,116333.48,116333.48,0.0,0.0,0.0,0.0,36.5,1.0,Baixo Risco
8e244b74215c64eb81a1a625a6f9c6cd38a2b5f599809f2e3cfdb2860acadeb2,4781400.0,PR,0.7047521656914163,0.2264454986604565,615.0,171.08333333333334,0.88,0.019,700.0,985.0,0.0,0.0,0.0,0.0,0.0,0.0,0.0,0.0,1.0,Baixo Risco
292247a76b224bf9b27de99e8e349953390df8c7b4339c7535366776059c047f,7732202.0,ES,0.7043464651395879,0.6730845475270096,887.0,99.875,0.9,0.34842,943.0,988.0,0.0,0.0,0.0,0.0,0.0,0.0,0.0,0.0,1.0,Baixo Risco
6ddff6dbed4e25f0cc729814d86af4f1ac08e41b6e3078a98d1516a92a307710,4631100.0,SP,0.976189884740974,0.8530041727895563,603.0,172.33333333333334,0.81,0.0,884.0,983.0,0.0,0.0,0.0,0.0,0.0,0.0,0.0,0.0,1.0,Baixo Risco
ec92b53d3e466676ff0067f04b1f80ab5b1502a3f587fc4bbf3ffe19047ec3ac,2063100.0,MG,0.4193181864307966,0.6332234130508598,353.0,95.2622950819672,0.72,0.3899,131.0,967.0,0.0,0.0,0.0,0.0,0.0,0.0,0.0,0.0,1.0,Baixo Risco
d4be91d3c3363d63443a22801f936dec3d98349af90141f675b52a678423e6e1,4782201.0,GO,0.9415541528599922,0.8530041727895563,932.0,262.45454545454544,0.99,0.0,977.0,989.0,0.0,0.0,0.0,0.0,0.0,0.0,0.0,0.0,1.0,Baixo Risco
ba6fac92079b01457dbbcd8f859668b955d2b1ad78fc81361f2e8cb8cf182040,4771701.0,PR,0.6261417594607205,0.8530041727895563,405.0,182.6190476190476,0.86,0.16777,227.0,935.0,0.0,0.0,0.0,0.0,0.0,0.0,0.0,0.0,1.0,Baixo Risco
786a1632502aaf614311ff2068b2d4c03f7a745c50b6753e8fc1f264fcff8247,4782201.0,RS,0.9983977376052744,0.8530041727895563,948.0,269.55555555555554,0.96,0.0,982.0,989.0,0.0,0.0,0.0,0.0,0.0,0.0,0.0,0.0,1.0,Baixo Risco
27e452b2aa09fa1b6881382c7f70ce5b1d2a39638b4b8981a62b3fe3c866c3ba,4759899.0,Sem Info,0.9117474629269988,0.9468679304647318,419.0,89.0,0.87,0.19287,393.0,980.0,0.0,0.0,0.0,0.0,0.0,0.0,0.0,0.0,1.0,Baixo Risco
7cde76433d867f2ea06e86ae0278fa162f3cb50f702968cab1a369b9e7c6bcbd,4771701.0,PR,0.9975664348330906,0.8530041727895563,951.0,243.48611111111111,1.0,0.0,984.0,988.0,0.0,0.0,0.0,0.0,0.0,0.0,0.0,0.0,1.0,Baixo Risco
d4cb6ca6da32958a6f4cf0b183c758cfdd7966363ef15a03f3f0e613cf80a635,2229399.0,RJ,0.9492720881230308,0.9925515841657674,758.0,46.05555555555556,0.88,0.02048,948.0,988.0,0.0,0.0,0.0,0.0,0.0,0.0,0.0,0.0,1.0,Baixo Risco
ee46ef75e4b0759434bb12727dab707a767fc872e6b23e46a548ce659c165319,4771701.0,PR,0.978749697577442,0.8530041727895563,905.0,258.0882352941176,0.96,0.03241,971.0,988.0,0.0,0.0,0.0,0.0,0.0,0.0,0.0,0.0,1.0,Baixo Risco
c6effd153056c3ca5cfa69c621aa161d91b5cc54eac9d42367f3b8db5c57abc3,4781400.0,MG,0.727240523019586,0.8530041727895563,914.0,171.8,0.95,0.0852,964.0,989.0,0.0,0.0,0.0,0.0,0.0,0.0,0.0,0.0,1.0,Baixo Risco
3a821f25447d94f4b7e7cde89240224d239bd755188841e1c97cef01530478a8,892401.0,RN,0.8574166685757983,0.4517316743619581,874.0,164.8918918918919,0.94,0.11123,957.0,987.0,2.0,9400.01,4175.33,31.5,1.0,0.0,5224.68,71.0,1.0,Baixo Risco
621941ab48e61ae77beea731de0f9e1b2e5a0d08b7cfc042dd87a5930943d3ce,4763602.0,RO,0.8858233411080065,0.8530041727895563,951.0,219.8846153846154,0.98,0.10294,983.0,988.0,0.0,0.0,0.0,0.0,0.0,0.0,0.0,0.0,1.0,Baixo Risco
fcb7fd33c759ab853daaefe3d7928659c36f14d9e1a96e52149bd41ef3352986,4729699.0,SP,1.0,0.8731466451981148,928.0,166.2,0.89,0.0,976.0,988.0,0.0,0.0,0.0,0.0,0.0,0.0,0.0,0.0,1.0,Baixo Risco
57d8f9d48256d9bbb7798b46bb920f319968aeda8c20960fb90a1826cf56caf9,4712100.0,GO,0.1446747842445682,0.8530041727895563,443.0,94.48,0.83,0.64925,63.0,621.0,0.0,0.0,0.0,0.0,0.0,0.0,0.0,0.0,1.0,Baixo Risco
7770d98926ca6f6c00a96c6c6dd85e13ac4fed149b1e6302bf5d0ec5a3d4e797,4771701.0,PR,0.9870028605248482,0.8530041727895563,964.0,50.75,0.98,0.44628,982.0,988.0,0.0,0.0,0.0,0.0,0.0,0.0,0.0,0.0,1.0,Baixo Risco
66dc31ac246fb375ae7f1ec1614790af103997efdc907e8734e823364dda344b,1099699.0,SP,0.9525829056141216,0.942820006342981,861.0,155.66129032258064,0.92,0.01669,979.0,989.0,0.0,0.0,0.0,0.0,0.0,0.0,0.0,0.0,1.0,Baixo Risco
c71b22fbb2225b3337e45d5dc720a7bcf51fbd950312598e19e70858dd53c3c5,4930202.0,PA,0.4219269665465199,0.8530041727895563,850.0,174.8490566037736,0.92,0.01119,981.0,749.0,0.0,0.0,0.0,0.0,0.0,0.0,0.0,0.0,1.0,Baixo Risco
660803e15cf20e8eb6b563389f3742120c57151cb8519b8b8a600f61e67c14bc,4771701.0,PR,0.5582656082133117,1.0,680.0,139.55263157894737,0.9,0.13064,910.0,982.0,0.0,0.0,0.0,0.0,0.0,0.0,0.0,0.0,1.0,Baixo Risco
52ea9330f940e349587657a7507d8d0c85be80fc2f80296a58dddfd03f1f7300,4771701.0,SC,0.9794549035769576,0.8530041727895563,964.0,54.833333333333336,0.98,0.86997,975.0,988.0,0.0,0.0,0.0,0.0,0.0,0.0,0.0,0.0,1.0,Baixo Risco
1ff2134c62ebcbc8aaefb7259dcbd7a461cef4740f0c28fb90ad6526d0ad7ce9,1041400.0,SP,0.2291577837641656,0.9021381969060543,473.0,126.71428571428572,0.72,0.0003,876.0,953.0,8.0,1277596.88,196688.0,8.25,0.875,0.0,1080908.88,56.125,1.0,Baixo Risco
3881d929a26ee92e746463f29d58b0d087de4333aadc72141b45dc22a575a720,4639701.0,PA,0.8454667567257304,0.8530041727895563,802.0,147.3825,0.96,0.0582,979.0,988.0,0.0,0.0,0.0,0.0,0.0,0.0,0.0,0.0,1.0,Baixo Risco
4fb918479a5cb6f52484802a5a882d7e7d9fec76052e3edb29ca78f998d6aa96,151201.0,RJ,1.0,0.8530041727895563,881.0,148.85714285714286,0.87,0.0,948.0,980.0,0.0,0.0,0.0,0.0,0.0,0.0,0.0,0.0,1.0,Baixo Risco
2a3e3b50cad1e0d4d3d6e8aca1515a756cb4ad3aafc5d12fe7b5a3f172f3f5b7,4772500.0,SP,0.8562724994993864,0.8530041727895563,750.0,245.0,0.8,0.0,121.0,601.0,0.0,0.0,0.0,0.0,0.0,0.0,0.0,0.0,1.0,Baixo Risco
edb47eb547b8d704a8c412f2a0b72c7d5069fac52924985f4bb76c14f91447bf,4781400.0,SP,0.7234145269035764,0.8530041727895563,642.0,142.83333333333334,0.92,0.11472,952.0,988.0,0.0,0.0,0.0,0.0,0.0,0.0,0.0,0.0,1.0,Baixo Risco
837bec5d316bb3d2aac1a476f1bd8edeacacd9188b2304d1ec9487ba11efe5b1,1052000.0,MG,0.7234721303100955,0.8997095940986062,769.0,122.44444444444444,0.84,0.21831,235.0,972.0,8.0,262454.68,266423.2,1.75,0.625,0.0,-3968.519999999997,34.375,1.0,Baixo Risco
6889f15e48da509b699638c32f2ee95f5d9e5ed1125bc7795b0ea4368138dace,2452100.0,SP,0.9590736560462196,1.0,492.0,103.0,0.76,0.51946,919.0,986.0,2.0,16586.17,16586.17,0.0,0.0,0.0,0.0,56.5,1.0,Baixo Risco
2a567a4cd6b63d4a42aad18025cc7e7454132d8cea128397199a4bc256e28a16,4711302.0,GO,0.9884467587626232,0.8530041727895563,952.0,225.56273764258555,0.97,0.00727,981.0,988.0,0.0,0.0,0.0,0.0,0.0,0.0,0.0,0.0,1.0,Baixo Risco
b9fc85632d19368d312ff5b0e03033db6fccf65714599211ff631451ad0ccf01,4635403.0,RS,0.255187434884344,0.8530041727895563,91.0,104.35135135135135,0.32,0.18938,40.0,923.0,1.0,1797.0,1797.0,0.0,0.0,0.0,0.0,34.0,1.0,Baixo Risco
6e2c7702309f4b9e6f15c0d716bc2306d553fae98651d3151a4e032de6722d48,4781400.0,PR,0.2738346213257998,0.6344888656176296,198.0,127.07692307692308,0.54,0.01683,175.0,973.0,0.0,0.0,0.0,0.0,0.0,0.0,0.0,0.0,1.0,Baixo Risco
9af5cde183b7e64c37eff5305b8ade23477de1456ab5f6de25a8eb7b7f2d5297,4742300.0,SC,0.9828555746910967,1.0,958.0,218.28571428571428,0.95,0.04375,981.0,988.0,0.0,0.0,0.0,0.0,0.0,0.0,0.0,0.0,1.0,Baixo Risco
41731fc1b96daa1c9f8c14370a38ffc5a2faccd17b666ded0880be7d6f909272,4711302.0,MG,0.9554786461211996,0.7404697484241816,936.0,156.75,0.96,0.15724,983.0,988.0,0.0,0.0,0.0,0.0,0.0,0.0,0.0,0.0,1.0,Baixo Risco
e55467608a549910398ad4bc99df4b362c2011f24462dfeea8aeb1060e46cd98,4781400.0,SP,0.9877772230126984,0.8530041727895563,951.0,59.333333333333336,0.98,0.0,960.0,988.0,0.0,0.0,0.0,0.0,0.0,0.0,0.0,0.0,1.0,Baixo Risco
b704e3a1521358546515c38b1d9e2c38ec5fbba48291214df48270e1a428c8fe,4647801.0,MG,0.945049814745609,0.8576085030368719,922.0,134.19354838709677,0.94,0.01489,978.0,989.0,0.0,0.0,0.0,0.0,0.0,0.0,0.0,0.0,1.0,Baixo Risco
2432e278f66b25cb118bc046d2cc3e3c159083b6d482dc619dc7dba1f82fa09d,4679699.0,Sem Info,0.4948265833893822,0.8530041727895563,137.0,0.0,0.12,0.0,645.0,908.0,1.0,5660.57,5660.57,0.0,0.0,0.0,0.0,90.0,1.0,Baixo Risco
d41b028d8abde0d083b29cb158041cc65a457ff18bdb124b8f7279c2069a9ed3,4731800.0,PR,0.2865553264686417,0.9839294850383096,766.0,135.41666666666666,0.88,0.33531,196.0,975.0,3.0,2503.0,0.0,2.0,0.6666666666666666,0.0,2503.0,15.0,1.0,Baixo Risco
74ecb07f5c89b6b9088a88328c92b2fa2e92b3fb1297dccaa797a0c2c47376a2,4781400.0,PB,0.706087525224519,0.8530041727895563,875.0,175.69565217391303,0.95,0.0,980.0,988.0,0.0,0.0,0.0,0.0,0.0,0.0,0.0,0.0,1.0,Baixo Risco
073c6deb270da69305d562e31f737bee7feabef501a06351da641e5f21d79936,4781400.0,MG,1.0,0.8530041727895563,929.0,330.35,0.98,0.0,969.0,988.0,0.0,0.0,0.0,0.0,0.0,0.0,0.0,0.0,1.0,Baixo Risco
53701951b0b3aca8ae3d14c5832f43049d4fb83da03bfaa267472ecce05dea82,4744005.0,DF,0.9144121998875016,0.5594021931631137,944.0,213.52,0.96,0.07413,976.0,987.0,0.0,0.0,0.0,0.0,0.0,0.0,0.0,0.0,1.0,Baixo Risco
d82008887bc679169776b9aae9ae00a249e27b8b593b7cf1b9f0d7349c96f582,6462000.0,SP,0.2758114147316617,0.8530041727895563,440.0,142.72649572649573,0.79,0.27667,788.0,988.0,1.0,579749.38,0.0,4.0,1.0,0.0,579749.38,270.0,1.0,Baixo Risco
b6798ac6747d6403a82aacf57b5ac04ae8a5389d173a16f2c5ec40e957891e4e,4781400.0,SP,0.8565839547840098,0.8530041727895563,746.0,196.75,0.91,0.16254,908.0,986.0,0.0,0.0,0.0,0.0,0.0,0.0,0.0,0.0,1.0,Baixo Risco
4df6b27a8dedfb16efa6534ec05fa7aa556ee01864cab479dd249f95692e9cd6,8299799.0,SP,0.265738579902278,0.8530041727895563,268.0,29.363636363636363,0.81,0.50613,223.0,982.0,0.0,0.0,0.0,0.0,0.0,0.0,0.0,0.0,1.0,Baixo Risco
41e38a888de9ce5455e39dd9d8f0928146d158a67de5d4af54345e64b5378d5f,4686902.0,SP,0.8269444612303238,0.8528853500663147,859.0,185.07142857142856,0.91,0.00754,976.0,988.0,1.0,538.3,558.01,5.0,1.0,0.0,-19.710000000000036,75.0,1.0,Baixo Risco
a2e46440ecb08c1766bca6f9943a7c24693f94f9713fba429b8d74b14da01a9f,4644301.0,Sem Info,0.0961781201834769,0.7846788143963804,192.0,171.4,0.35,0.01708,50.0,565.0,1.0,215.16,228.1,8.0,1.0,0.0,-12.939999999999998,52.0,1.0,Baixo Risco
5d15b69aa7b71505ce400be8a6c7ed3e1bd9b5234a351900caf9b63657d96921,2539001.0,SP,0.9961414694926836,0.9833704543341726,742.0,217.0,0.88,0.0,968.0,987.0,5.0,7827.93,7827.93,0.6,0.6,0.0,0.0,69.6,1.0,Baixo Risco
572e76268b4ee210d11634ac64a1771257d85605bdc378992d651cf98fc928f1,4930202.0,SP,0.9932100678410456,0.8070727860995613,965.0,202.07894736842104,0.95,0.0,980.0,988.0,1.0,1379.72,1379.72,1.0,1.0,0.0,0.0,22.0,1.0,Baixo Risco
7c92733de2775136425a90ff8341cb3110a9c49e9b927c36dc12e3fceee8964e,4721104.0,ES,0.9863503381592232,0.8530041727895563,910.0,200.66666666666663,0.99,0.0,972.0,988.0,0.0,0.0,0.0,0.0,0.0,0.0,0.0,0.0,1.0,Baixo Risco
98d9fdfee64faa4bdbc7fa7ae43b8c59722a2c815bb8efef78de2561afe1dfb4,4771701.0,PR,0.9810742180181844,0.8530041727895563,939.0,227.8181818181818,0.97,0.02051,967.0,989.0,0.0,0.0,0.0,0.0,0.0,0.0,0.0,0.0,1.0,Baixo Risco
5caf36b7a1840c7860840a7b70dd8817d768e0eb13d9bc97be75e647eb7d5856,4771701.0,PR,0.9853571297975672,0.8530041727895563,929.0,237.6153846153846,0.99,0.0202,968.0,986.0,0.0,0.0,0.0,0.0,0.0,0.0,0.0,0.0,1.0,Baixo Risco
b4cd4c110ed332872ba06e60e03a4a1fcd0dbca065028e8ae6d588fb5f5a66c8,1422300.0,MG,0.9262322595163024,0.983278736600776,815.0,230.6,0.88,0.05029,968.0,988.0,0.0,0.0,0.0,0.0,0.0,0.0,0.0,0.0,1.0,Baixo Risco
5824ab0cbb3f576e334029f13d2eba0c4a287fe5269f0473240a6b9080956750,4652400.0,RS,0.4401110539177661,0.5619485051734442,862.0,138.5,0.85,0.0,977.0,988.0,1.0,1554.03,1554.03,1.0,1.0,0.0,0.0,60.0,1.0,Baixo Risco
e47dcf9d6a65646f1c37d6b60eb47545444e624e2de0abb2f047ff383095f853,4771701.0,Sem Info,0.9826948358518822,0.8530041727895563,905.0,172.96,0.99,0.01874,981.0,988.0,0.0,0.0,0.0,0.0,0.0,0.0,0.0,0.0,1.0,Baixo Risco
b3c3e6e3fd308e405d0c5b98002a7a472f1532ae5fccf322cc95d4d5029da854,4789099.0,RS,0.960344674912298,0.8919881427287106,938.0,245.02777777777777,0.97,0.0,978.0,988.0,0.0,0.0,0.0,0.0,0.0,0.0,0.0,0.0,1.0,Baixo Risco
f94fa69be3d8e371ced6237456932fbf00c1071d91ff52eabd337232201b07e1,4771701.0,PR,0.9846841729377004,0.8530041727895563,847.0,217.53333333333333,0.96,0.04339,941.0,988.0,0.0,0.0,0.0,0.0,0.0,0.0,0.0,0.0,1.0,Baixo Risco
1ee9ab8c51f5c87a9f5de964cb0f25bd9f5ccca98b0acd92f3c09f60d19b74be,4686902.0,MG,1.0,0.8884449162943543,498.0,0.0,0.78,0.0,633.0,903.0,1.0,2838.42,2838.42,0.0,0.0,0.0,0.0,24.0,1.0,Baixo Risco
f1a002615967e89183193fe54520898fe7bca8988446516d6bfeb963cac04c11,4530702.0,SP,0.9553764163658848,0.9384171872042394,911.0,199.14705882352945,0.94,0.06868,979.0,988.0,2.0,923.84,928.09,2.5,0.5,0.0,-4.25,21.5,1.0,Baixo Risco
d44d8b75c823252ef2e1b0373d8f290b6fef03d5142f2f19ed4d87ac6dccae56,4313400.0,MG,0.7865628693923441,0.8530041727895563,913.0,168.9949494949495,0.93,0.07149,966.0,989.0,0.0,0.0,0.0,0.0,0.0,0.0,0.0,0.0,1.0,Baixo Risco
06d22258e5152238c13abc75872652272e66fa3148fc8230e0f0cc066aca91f8,4637199.0,SP,0.05,0.8530041727895563,221.0,125.2,0.55,0.27797,445.0,922.0,2.0,1298.8,1298.8,0.0,0.0,0.0,0.0,31.5,1.0,Baixo Risco
b21d4dcba1d9f9205f69d7d3c20f5bfbe5dbce7f1187f81327970a97b36f4651,1323500.0,Sem Info,0.8928765521630156,0.84455372868252,918.0,120.8051948051948,0.95,0.18003,943.0,987.0,11.0,68093.65,16944.79,5.090909090909091,0.36363636363636365,0.09090909090909091,51148.86,39.27272727272727,1.0,Baixo Risco
881ff91057e6fe2223e3a28e5d00cc26891f54d8410f77b332c77462989b59e1,4781400.0,MG,0.9478901403166534,0.8530041727895563,939.0,130.5,0.98,0.0,953.0,988.0,0.0,0.0,0.0,0.0,0.0,0.0,0.0,0.0,1.0,Baixo Risco
b9f7c17cba87e39c668639847244ebbd5571211aea70eb6d12005bc7d576a8e3,4634601.0,SP,0.7639914935973324,0.4851791082709377,908.0,125.54166666666669,0.84,0.25113,907.0,986.0,3.0,164616.67,163745.74,0.6666666666666666,0.6666666666666666,0.0,870.9300000000003,32.333333333333336,1.0,Baixo Risco
8822fe07e6f187c4779f7e2d1967a9a36f9720df8a3761097c311a4e14aae011,141501.0,TO,0.05,0.05,186.0,190.66666666666663,0.54,0.0283,43.0,498.0,0.0,0.0,0.0,0.0,0.0,0.0,0.0,0.0,1.0,Baixo Risco
874525863783eb64ed4dc0c1640fc84bea03f4d479c2cdd05f1d677b03527737,4623109.0,BA,0.2215286808344584,0.6213837750354037,176.0,173.52631578947367,0.39,0.0,557.0,962.0,18.0,14229.36,13677.17,1.5,0.3888888888888889,0.0,552.19,36.833333333333336,1.0,Baixo Risco
cdba2080a8449bee5d7a385615db500727970acef59dd8d4adbf0c2a5c5cf446,4754701.0,MT,0.8165343699087966,0.2027407426966803,895.0,95.5,0.96,0.0,980.0,989.0,0.0,0.0,0.0,0.0,0.0,0.0,0.0,0.0,1.0,Baixo Risco
a3edb9308f0d9061066850dcfed292ce0c890df34a78e958c8af96a1c6800b34,4711302.0,SP,0.964285196350514,0.9881438768423202,950.0,243.08121827411168,0.98,0.016,980.0,988.0,0.0,0.0,0.0,0.0,0.0,0.0,0.0,0.0,1.0,Baixo Risco
858179102e4092c2f3175df97c6ee9ce54fedab876bd233f6d1779764d7c339f,8219901.0,RJ,0.8484671101797799,0.7940910779804602,888.0,197.7142857142857,0.92,0.05494,982.0,988.0,0.0,0.0,0.0,0.0,0.0,0.0,0.0,0.0,1.0,Baixo Risco
f0a57eb577425288c97281ac4168677c48473329b194bb6e8f25d556da7fd8c7,3832700.0,Sem Info,0.3769585076812907,0.5184287955061286,245.0,45.12605042016807,0.8,0.40452,147.0,967.0,4.0,31354.0,0.0,19.5,1.0,0.0,31354.0,100.25,1.0,Baixo Risco
27040e064e94ebce805e411687c44eabf35eb284226cd91e039236f93c71b824,2733300.0,SP,0.9752174766765204,0.7910958772844839,958.0,234.7524752475248,0.96,0.0,982.0,989.0,0.0,0.0,0.0,0.0,0.0,0.0,0.0,0.0,1.0,Baixo Risco
8c311501d9e7d56a75a2bc49720830765312383e15c1d483dee2c4a3f56f89f8,4729699.0,SP,0.5336146729533845,0.3981342895549331,401.0,156.5,0.67,0.32559,91.0,979.0,3.0,3070.33,3070.33,0.0,0.0,0.0,0.0,12.333333333333334,1.0,Baixo Risco
3607d32d033fb87bb0f2476ddd14d3a3483e87210b398270ee92fcd7a6257632,4771701.0,PE,0.8855902082440231,0.8530041727895563,885.0,136.4814814814815,0.96,0.10588,968.0,988.0,0.0,0.0,0.0,0.0,0.0,0.0,0.0,0.0,1.0,Baixo Risco
3d60feabddd0323daa4ee40fd1ddbf5f8b09e842e9fdaa02b4a65a998018fc73,4771701.0,PR,0.9517696392326468,0.8530041727895563,932.0,184.66666666666663,0.98,0.0,983.0,988.0,0.0,0.0,0.0,0.0,0.0,0.0,0.0,0.0,1.0,Baixo Risco
b9bff87c0f1ff1168e2b2e1e5ddc04386cb6508653aac6c125150efcc7630401,3092000.0,RS,0.987026364058719,0.8742470013114515,965.0,250.44041450777203,0.98,0.00061,982.0,988.0,0.0,0.0,0.0,0.0,0.0,0.0,0.0,0.0,1.0,Baixo Risco
3b77dcbdfa17c91b9c6a9119adbd28ab67e1fb82d21db549186330968613ed90,4635402.0,SP,0.7792206251116565,0.6560971367881792,684.0,170.64,0.63,0.00926,834.0,977.0,0.0,0.0,0.0,0.0,0.0,0.0,0.0,0.0,1.0,Baixo Risco
671a627714c636b020e7a502e4969dcdbffe5b11a3ab36160d08486e6fde26cf,4751201.0,RJ,0.8834061765357211,0.6319077144096386,852.0,201.4324324324324,0.9,0.0,972.0,988.0,0.0,0.0,0.0,0.0,0.0,0.0,0.0,0.0,1.0,Baixo Risco
cdadd4f6925902cdcd14500c8f18d239366e112affcbc9a744c514ad835eba34,2833000.0,SP,0.6241364007024766,0.05,160.0,89.52631578947368,0.61,0.32125,173.0,882.0,3.0,19293.75,0.0,3.3333333333333335,0.6666666666666666,0.0,19293.75,55.333333333333336,1.0,Baixo Risco
4c45a1405fa7e97cfefe7096e655af86b6718155d6de08c25c00c5de7acfe85e,4759899.0,RS,0.8773568491421021,0.8281365850527069,924.0,186.82142857142856,0.97,0.07834,977.0,989.0,0.0,0.0,0.0,0.0,0.0,0.0,0.0,0.0,1.0,Baixo Risco
c937d4183b71489ef1ee47be9e09a5003ebdcad457052727dd02eeb8cc1d74ea,4772500.0,RS,0.9056343344220268,0.8530041727895563,843.0,28.857142857142858,0.91,0.03372,981.0,987.0,0.0,0.0,0.0,0.0,0.0,0.0,0.0,0.0,1.0,Baixo Risco
dfc3af15d9364b2784970b90bf9072bce1808dae03f0954f01dc10ed6f45f469,4722901.0,SP,0.9955961579511604,0.8531811521940692,963.0,237.33333333333331,0.97,0.0,977.0,989.0,0.0,0.0,0.0,0.0,0.0,0.0,0.0,0.0,1.0,Baixo Risco
270122265f5bf0b637486eee9fcac9c66c0397bb12b01b0db314ffa572e2565e,4781400.0,SC,1.0,0.8530041727895563,952.0,285.75,0.95,0.0,967.0,987.0,0.0,0.0,0.0,0.0,0.0,0.0,0.0,0.0,1.0,Baixo Risco
c3bc11ea54387058e9f3643cdb00ace0a8a111bb52a56ae75d0bd61f67a0c72e,4687703.0,TO,0.9734848093919176,0.8530041727895563,437.0,101.5,0.68,0.0,701.0,981.0,6.0,1907393.47,0.0,1.0,1.0,0.0,1907393.47,262.5,1.0,Baixo Risco
7bd41140405529c67d291ca3e79c33073dd7c4262b07c612773b49f0b7749bde,4771701.0,PR,0.185652451359627,0.8530041727895563,153.0,90.6060606060606,0.78,0.38723,27.0,349.0,0.0,0.0,0.0,0.0,0.0,0.0,0.0,0.0,1.0,Baixo Risco
5049d832a75d52eb4a9e96063e6ea2e2f5dc71e804f492df144c9206e44dc866,4781400.0,SP,0.6826340921822124,0.05,518.0,146.11111111111111,0.8,0.0,855.0,985.0,0.0,0.0,0.0,0.0,0.0,0.0,0.0,0.0,1.0,Baixo Risco
f36dcf5aaf10f99bbc19d7ea2070200df270fb71c9a3ee4fb3ddd0ecba9143fc,4711302.0,SP,0.9475689970718144,0.8530041727895563,937.0,227.6711409395973,0.95,0.01445,975.0,988.0,0.0,0.0,0.0,0.0,0.0,0.0,0.0,0.0,1.0,Baixo Risco
5b181e23f94e36deb4eb8d94c3aaa2deb0b0a512e1cfa2de11a62efa294d5e67,8211300.0,MG,1.0,0.7293200537593106,648.0,0.0,0.88,0.0,824.0,967.0,0.0,0.0,0.0,0.0,0.0,0.0,0.0,0.0,1.0,Baixo Risco
503d4fe91ac45feeffb878b82561109591e1213e395b6e8ccbfa210109a4b08c,4781400.0,RS,0.948323405176382,0.8530041727895563,928.0,0.0,0.92,0.0,978.0,988.0,0.0,0.0,0.0,0.0,0.0,0.0,0.0,0.0,1.0,Baixo Risco
2aa4f0bceaf8107d81a41f415d89d5a06c8ae390a680200b3c2a46b9ecfa2c32,4744099.0,SP,0.8655963180013927,0.6775749229322622,950.0,216.45454545454547,0.93,0.3103,976.0,989.0,0.0,0.0,0.0,0.0,0.0,0.0,0.0,0.0,1.0,Baixo Risco
b15438e5fe3819e0a29280edcbfb5e71093068a38d16e3318002b99d783f3c71,2061400.0,RJ,0.9818829222168072,0.4332032161558996,899.0,140.83333333333334,0.97,0.0,972.0,989.0,1.0,3971.58,3971.58,0.0,0.0,0.0,0.0,63.0,1.0,Baixo Risco
bc913aaa1d569fd222446c503af65c3852ecf2f219f33a0ac14193c40e2b5a4d,4755502.0,RJ,0.9849343912003162,0.8530041727895563,951.0,136.0,0.97,0.0,984.0,988.0,0.0,0.0,0.0,0.0,0.0,0.0,0.0,0.0,1.0,Baixo Risco
c4f77ab677e7fa06a7b3ed260b8de41cd0743dff80ad90ed57619e51e12e8b7c,4686902.0,MG,0.8670104631243492,0.7573269026618341,821.0,119.6,0.92,0.78425,664.0,985.0,1.0,200.0,200.0,0.0,0.0,0.0,0.0,21.0,1.0,Baixo Risco
1f4f40c035fc0f88de14c6b7026ac2a841fe34cb9bca91e4e0b170f497a135da,4639701.0,SP,0.7916091472873945,0.8041772933038654,942.0,200.8571428571429,0.92,0.01641,975.0,989.0,0.0,0.0,0.0,0.0,0.0,0.0,0.0,0.0,1.0,Baixo Risco
d0d1ec33a423994528e3225b0a0420791660320baaef9d9153693e7b0933c20c,4789099.0,Sem Info,0.9130906823067808,0.7984214907786885,772.0,149.7,0.85,0.0,945.0,987.0,1.0,3273.89,3273.89,0.0,0.0,0.0,0.0,29.0,1.0,Baixo Risco
61e900bde0eca00036e90e87f0644a282eaeb273f878bb0f51e9e47b343a2c7c,4711302.0,RJ,0.8880270375107673,0.9315456881360922,859.0,132.32480818414322,0.91,0.12421,979.0,989.0,0.0,0.0,0.0,0.0,0.0,0.0,0.0,0.0,1.0,Baixo Risco
390b262f99f136f6fdaf17926991386f83a4dcec9c756623638234aa81b76aac,4712100.0,BA,0.9645344260104368,0.8530041727895563,966.0,210.05,0.97,0.03423,978.0,989.0,0.0,0.0,0.0,0.0,0.0,0.0,0.0,0.0,1.0,Baixo Risco
3e96629b80116d90181aaba0445c519929bc3f98769c79ec86469c5d99a7f9d7,7311400.0,SP,0.2018399657754348,0.760189022049307,84.0,80.55,0.36,0.19224,33.0,701.0,1.0,1199.2,1199.2,0.0,0.0,0.0,0.0,30.0,1.0,Baixo Risco
5d8ba6cd14d551aa217d33e072a78b3872d946430d6d5fed0d4331398c476183,4755502.0,PR,1.0,0.9240203101970726,964.0,263.4166666666667,0.96,0.0,980.0,988.0,0.0,0.0,0.0,0.0,0.0,0.0,0.0,0.0,1.0,Baixo Risco
1a644f66de87af32bea61351a359f9afb9c6b180bda5d14debb03630043643d1,1412601.0,Sem Info,0.9976277986361692,1.0,935.0,234.14285714285717,0.9,0.0,975.0,989.0,1.0,3076.92,3076.92,0.0,0.0,0.0,0.0,51.0,1.0,Baixo Risco
33039c10beb2cb1c653b297ea324f73b2e3d24622037dc18ea07335efcaff102,4744099.0,BA,1.0,0.8530041727895563,887.0,275.0,0.92,0.0,899.0,986.0,0.0,0.0,0.0,0.0,0.0,0.0,0.0,0.0,1.0,Baixo Risco
b5fa7631eab4c757372c74de9a7b98ebd87d97bd16ce38f303ae492a231dd7c8,2013402.0,SP,0.9236634405923596,0.8688233676302748,790.0,156.88888888888889,0.82,0.01393,966.0,988.0,1.0,13260.0,13260.0,0.0,0.0,0.0,0.0,30.0,1.0,Baixo Risco
8c7515074ed81a1092210be7060b01be2a53f940dd2ff363a0abb681d7c338a5,7739002.0,RJ,0.9058423487565384,0.8530041727895563,895.0,0.0,0.93,0.0,968.0,988.0,0.0,0.0,0.0,0.0,0.0,0.0,0.0,0.0,1.0,Baixo Risco
01a2b0bfbd69c5381967d007c3b9742b152fae4375a599a2a133f2adfcd6a177,4781400.0,PB,0.9020222074532888,0.8530041727895563,908.0,177.36363636363637,0.98,0.09871,984.0,988.0,0.0,0.0,0.0,0.0,0.0,0.0,0.0,0.0,1.0,Baixo Risco
94bc6a4ae186f2bba72de5f17f009c3fcda9f3a2524d4225b597a4db63ae47de,4781400.0,MA,0.2282133932511829,0.8530041727895563,578.0,237.11111111111111,1.0,0.10183,59.0,353.0,0.0,0.0,0.0,0.0,0.0,0.0,0.0,0.0,1.0,Baixo Risco
ec83de1261a3b98d38c3eba4f2d4a2f20701db06ccffd6090275f0dcc63edfb9,5611203.0,SP,0.5318370011873367,0.8530041727895563,477.0,154.32758620689654,0.68,0.14819,85.0,979.0,0.0,0.0,0.0,0.0,0.0,0.0,0.0,0.0,1.0,Baixo Risco
87d73bfb0143a0e685112ffc6f4f2a7b5c0d4a6f7d1b3cfac6f3c19b089838ba,2823200.0,MG,0.960312891384322,0.8530041727895563,944.0,27.0,1.0,0.0,982.0,987.0,0.0,0.0,0.0,0.0,0.0,0.0,0.0,0.0,1.0,Baixo Risco
9350ed7b0a220e5dd875c111cf1bcf36769ac3c2be4034b6f3e7255128cc5777,4744099.0,BA,0.9477106862259423,0.8530041727895563,958.0,183.46666666666667,0.95,0.0,969.0,986.0,0.0,0.0,0.0,0.0,0.0,0.0,0.0,0.0,1.0,Baixo Risco
e7e553058562b1eececfbefc4a2897b72db1784842855b8a917e76c069647f49,1013901.0,MG,0.2762644104952013,0.8378644809897952,152.0,113.49268292682927,0.59,0.19817,172.0,963.0,4.0,418545.18,14795.18,15.5,0.25,0.0,403750.0,463.0,1.0,Baixo Risco
32abefb0178d9983283d1ed214aa255179a08ae8bdbd0fe2206d8620d87853e6,4643502.0,Sem Info,0.9751955916888448,0.5768763411196197,877.0,230.29032258064515,0.88,0.0,951.0,986.0,1.0,867.49,867.49,0.0,0.0,0.0,0.0,49.0,1.0,Baixo Risco
70f4f73010acafe650b909040106ef468a73c6357d0c656bad621f8358579962,4771701.0,PR,0.9687335786022088,1.0,963.0,233.77272727272728,0.99,0.00427,977.0,988.0,0.0,0.0,0.0,0.0,0.0,0.0,0.0,0.0,1.0,Baixo Risco
117fc1e1f9f796f10df86e5f85e55e28cef2e5cdcb43b755dd0722f1f2ee105f,4781400.0,SE,0.7395703810141708,0.8530041727895563,786.0,271.5,0.96,0.0,619.0,965.0,0.0,0.0,0.0,0.0,0.0,0.0,0.0,0.0,1.0,Baixo Risco
f549de7c42c29e74bc21066baca411904a9708ca71cf25180c8ad976b6184fe1,4781400.0,GO,0.908046847820378,0.8530041727895563,950.0,148.05263157894737,0.98,0.10398,984.0,988.0,0.0,0.0,0.0,0.0,0.0,0.0,0.0,0.0,1.0,Baixo Risco
229fc205f48b9a4a4f4ca73dfb4cdca474c6a6cffabb4a314e4850819362617e,4782201.0,RJ,0.89267021071613,0.8530041727895563,941.0,165.4,0.97,0.0,977.0,989.0,0.0,0.0,0.0,0.0,0.0,0.0,0.0,0.0,1.0,Baixo Risco
8facba2df2d73eef84960c065f6fcad3aac5e4a862abda1572d11d40409cbe48,4781400.0,SP,0.9859625864441892,0.8530041727895563,876.0,209.2,0.97,0.12031,966.0,988.0,0.0,0.0,0.0,0.0,0.0,0.0,0.0,0.0,1.0,Baixo Risco
93a8dd16299401bed346572d2722ae198ebcc9e0d18187294a1d6bdc55ed6144,4781400.0,RS,0.9044196475273032,0.8530041727895563,924.0,285.0,0.97,0.0,967.0,986.0,0.0,0.0,0.0,0.0,0.0,0.0,0.0,0.0,1.0,Baixo Risco
5c1a13c509d02bcc1f6e0ec60d83d01dcfaa70b0b105016068af5426aab3e6c8,6470101.0,SP,0.978619444226344,0.7269036987726362,484.0,72.375,0.55,0.0,188.0,969.0,7.0,1068882.7999999998,920622.7999999999,14.285714285714286,0.42857142857142855,0.14285714285714285,148260.0,167.57142857142858,1.0,Baixo Risco
881e1440a65580d6e85e9c6174e1b3e82d3521cd766c71046e175df9f5c8633a,4771701.0,PR,0.9632918540840306,0.8530041727895563,909.0,233.0952380952381,0.96,0.0,976.0,986.0,0.0,0.0,0.0,0.0,0.0,0.0,0.0,0.0,1.0,Baixo Risco
87c44e696a48ca4ded4d01f84c0f90bc6e826662a0bef39f1caeb2aff6f317da,4781400.0,PR,0.8970409341117034,0.6767726896119174,817.0,149.5,0.91,0.0,904.0,981.0,0.0,0.0,0.0,0.0,0.0,0.0,0.0,0.0,1.0,Baixo Risco
07ce407353bf52b75bd21f6d22775b4753a0d50b920b2f7aeef929bd191719b8,4711302.0,GO,0.4291598117005684,0.8530041727895563,718.0,216.69230769230768,0.89,0.0,88.0,917.0,0.0,0.0,0.0,0.0,0.0,0.0,0.0,0.0,1.0,Baixo Risco
cde08a9ca6f9c3cec924a059f5813db54aedebbb51f35883dbf72043d5d3249d,2222600.0,SE,0.8579892378563163,0.8530041727895563,923.0,137.0,0.67,0.52717,941.0,983.0,0.0,0.0,0.0,0.0,0.0,0.0,0.0,0.0,1.0,Baixo Risco
bfbfcf098738fa2ddecc58cc751a27ece09e620a73b5b40d13fbc36261dd9a92,4639701.0,MG,0.7475815190063251,0.8634535866004295,856.0,215.38888888888889,0.94,0.00398,972.0,988.0,1.0,459.4,459.4,0.0,0.0,0.0,0.0,45.0,1.0,Baixo Risco
0d163cb25bad76f00ce75a638b040fbb65ec7242ca1fe8232aa578e98c782179,4771701.0,PR,0.9357738543513112,0.181259140930477,926.0,193.88888888888889,0.98,0.14521,981.0,988.0,0.0,0.0,0.0,0.0,0.0,0.0,0.0,0.0,1.0,Baixo Risco
20e059b524a7eaad1e55e29373a8856be776d1ef298ff2dac9a6cb3a40e90593,4689399.0,SP,0.9390048557164908,0.6891122038753257,958.0,179.02777777777777,0.91,0.00237,975.0,989.0,0.0,0.0,0.0,0.0,0.0,0.0,0.0,0.0,1.0,Baixo Risco
0cfaf6e83d25599b0e5660476a9e0291f257fcba1f35066e31a5998910dff225,2790299.0,SP,0.9415467219893432,0.9312809227449648,914.0,203.49554896142436,0.94,0.0808,951.0,988.0,2.0,151524.26,151524.26,0.0,0.0,0.0,0.0,35.0,1.0,Baixo Risco
6a693953000a1cb40809c492a97b54a73f4b16073ae54ea529d9887e8da90e23,8020001.0,AL,0.9624546345938224,0.8530041727895563,914.0,64.0,0.92,0.15231,971.0,988.0,0.0,0.0,0.0,0.0,0.0,0.0,0.0,0.0,1.0,Baixo Risco
63f513b9c15c7444c8f01d49d92b6d1fa14585b2213f0659bbbb68e5ae5d6819,4781400.0,SP,0.9890197657160934,0.8530041727895563,942.0,157.5,0.96,0.11367,972.0,988.0,0.0,0.0,0.0,0.0,0.0,0.0,0.0,0.0,1.0,Baixo Risco
abd14022da580900611d596935b01f44f9180244694c27a38385c351344ea169,4771701.0,PR,0.3181465382326316,0.8530041727895563,151.0,118.61666666666666,0.39,0.11918,77.0,923.0,0.0,0.0,0.0,0.0,0.0,0.0,0.0,0.0,1.0,Baixo Risco
a7ca44b50c1923d6146d561d78ded25481f88d8cb172097a3090f0b5ad87a3a8,2031200.0,SP,0.5904094996130201,1.0,156.0,136.32432432432432,0.7,0.03013,188.0,981.0,1.0,3534.82,3534.82,0.0,0.0,0.0,0.0,28.0,1.0,Baixo Risco
69b091d2aca55581ef2ca43f21183acbd460c9eec92da600648bae6679cbb741,4744099.0,MG,0.4740330931308094,0.3809643954067083,331.0,135.47619047619048,0.75,0.11095,162.0,925.0,0.0,0.0,0.0,0.0,0.0,0.0,0.0,0.0,1.0,Baixo Risco
b665b1e9615ae82b21e25e01a9dd656b37436de73d65705ce94ad6768d7fd35b,4781400.0,SP,0.9629176967106728,0.8530041727895563,936.0,239.0,0.98,0.0,978.0,989.0,0.0,0.0,0.0,0.0,0.0,0.0,0.0,0.0,1.0,Baixo Risco
2b5f52793e4407b5453244e823fe87af742bca6cd6b5438f3a61865891e7eae0,2229302.0,MG,0.5836507033002457,0.8530041727895563,67.0,74.53738317757009,0.33,0.07854,81.0,984.0,0.0,0.0,0.0,0.0,0.0,0.0,0.0,0.0,1.0,Baixo Risco
d67d72642bc33dd61f22251423f4fa102e1337c6d775d339877aa813b4b36540,4772500.0,PR,0.845177359722928,0.8530041727895563,790.0,88.8,0.96,0.73194,980.0,988.0,0.0,0.0,0.0,0.0,0.0,0.0,0.0,0.0,1.0,Baixo Risco
02b2efbd7272551f192f5661301b221ceb764a45c31bba9c1d5e67212d96e1d9,4771701.0,PR,0.9582902376610772,0.8530041727895563,944.0,277.44444444444446,0.96,0.0,971.0,988.0,0.0,0.0,0.0,0.0,0.0,0.0,0.0,0.0,1.0,Baixo Risco
8021ab0bdf8b3e5ad8d5662ae4242acfec7b2504355cf93183110bbaf4830963,4771701.0,PR,0.924929970490988,0.8530041727895563,849.0,6.0,0.98,1.0,961.0,987.0,0.0,0.0,0.0,0.0,0.0,0.0,0.0,0.0,1.0,Baixo Risco
442d63140c39f91de288915179a1d91fc8afdab48e0c6411868e69a04457e29c,2212900.0,SP,0.4126677224612263,0.7793605820837636,163.0,115.94117647058825,0.61,0.15183,32.0,719.0,1.0,650.0,650.0,1.0,1.0,0.0,0.0,31.0,1.0,Baixo Risco
0d999dbce9a91d68413c34e7ac5d54b997275966d122cac35ed365c1efeb1d50,4782201.0,MG,0.550394664017733,0.8530041727895563,377.0,143.75,0.83,0.15709,679.0,985.0,0.0,0.0,0.0,0.0,0.0,0.0,0.0,0.0,1.0,Baixo Risco
0d73012d09680f3d2f3c36c35c2381db46d842790199f1c6d8f235374959055b,3314710.0,SP,0.4744923917261028,1.0,541.0,15.0,0.78,0.04148,926.0,988.0,1.0,400.0,400.0,0.0,0.0,0.0,0.0,28.0,1.0,Baixo Risco
a233b7f481b19164d24f8bef0ebab23a7a47f87217fc4d57aaadf338dbda2bb1,2222600.0,Sem Info,0.6054829333574622,0.8530041727895563,778.0,157.2,0.9,0.28561,942.0,988.0,1.0,1123.32,1158.71,3.0,1.0,0.0,-35.3900000000001,40.0,1.0,Baixo Risco
8342b7ea074fc9f569f7c41217f7b49ee21e3e194fac78a3b54dcdafd8e82153,4781400.0,PB,0.99794642348731,0.8530041727895563,959.0,240.5,0.89,0.0,953.0,988.0,0.0,0.0,0.0,0.0,0.0,0.0,0.0,0.0,1.0,Baixo Risco
0f69021f006251cae301affc1a1add16ce5388f972d1b5ff70cecf1e9d781e1c,3101200.0,SP,0.9860497280916992,0.8616719945637136,957.0,254.4205607476636,0.97,0.0,978.0,989.0,0.0,0.0,0.0,0.0,0.0,0.0,0.0,0.0,1.0,Baixo Risco
8c0296aa0cdad11e738ab02f33b943f11074cd0840197d3a4832a9eea973928d,4632001.0,PE,0.9776183008802526,0.92707795964576,925.0,235.7,0.9,0.0,974.0,988.0,0.0,0.0,0.0,0.0,0.0,0.0,0.0,0.0,1.0,Baixo Risco
f32a8e048ef809ee2d4fcac6beea5e4d9be26c430119c126ab5824f5a9560edf,3250701.0,SP,0.979439198852914,0.9911316076893018,958.0,248.92727272727276,0.98,0.0,982.0,988.0,1.0,5148.0,5148.0,1.0,1.0,0.0,0.0,57.0,1.0,Baixo Risco
9542fbddb617cb1c24799b6bb03d3ad7ddacf8341541dc4a9b78c19e956f874f,4781400.0,SP,1.0,0.8530041727895563,414.0,0.0,0.82,0.0,815.0,969.0,0.0,0.0,0.0,0.0,0.0,0.0,0.0,0.0,1.0,Baixo Risco
480d7dc14df24abbe2f970acfa67a1367b092ca5aaaa26789b0a332212bbec53,1311100.0,SP,0.8643847568639336,0.9519553001018832,944.0,197.7037037037037,0.94,0.0,980.0,989.0,0.0,0.0,0.0,0.0,0.0,0.0,0.0,0.0,1.0,Baixo Risco
45a0644b64dc3aa22614f5237f4ddf9269f522a3a4fef8a066e72ee889c7125d,3220500.0,SP,0.3739073378168304,1.0,204.0,127.76923076923076,0.62,0.34306,140.0,979.0,2.0,1302.3600000000001,1302.3600000000001,0.0,0.0,0.0,0.0,83.5,1.0,Baixo Risco
44fad067f3150c114fe712c485137a3a21000466ee8d3572c76afbf99504aedb,2790299.0,SP,0.9037015374516588,0.7272350034697006,808.0,159.11083743842366,0.91,0.01516,961.0,989.0,0.0,0.0,0.0,0.0,0.0,0.0,0.0,0.0,1.0,Baixo Risco
46edd9a956c77fb7dc078ac47ff847d8b2a658566b9ed65e3fc9addbf9870013,4755501.0,GO,0.9377595003160646,0.8530041727895563,914.0,225.5909090909091,0.97,0.05096,979.0,987.0,0.0,0.0,0.0,0.0,0.0,0.0,0.0,0.0,1.0,Baixo Risco
9ccd0a22a781f3d06771c37d4231a0d63f54ff25e743bc63cf9a5fb8e143430a,4711302.0,Sem Info,0.9792052636883876,0.7494588060725221,945.0,233.7403314917127,0.99,0.0255,974.0,988.0,0.0,0.0,0.0,0.0,0.0,0.0,0.0,0.0,1.0,Baixo Risco
978f227d22277be44e853ab995c9dc1d5dd8bc98cd3444a8b4851a8b0b2b2df2,1041400.0,MT,0.2750808004064607,0.8530041727895563,52.0,158.6460843373494,0.55,0.02913,162.0,987.0,0.0,0.0,0.0,0.0,0.0,0.0,0.0,0.0,1.0,Baixo Risco
b0316ac6e40d77e7bb05cce5a244179ac8e29288025217e0241e0c4e01e05c01,2093200.0,Sem Info,0.9621191919408726,0.8466167800636064,917.0,208.0,0.98,0.01192,968.0,988.0,1.0,1187.38,1211.14,6.0,1.0,0.0,-23.75999999999999,51.0,1.0,Baixo Risco
4cad92f3263a05d266210471ea0813920b1a147ba23d1e6b246b4274174a61dc,4633801.0,PR,0.9364846693244656,0.971163613589322,965.0,286.27777777777777,0.95,0.0,985.0,989.0,0.0,0.0,0.0,0.0,0.0,0.0,0.0,0.0,1.0,Baixo Risco
60226486d25b8fb1926b76f5025700cbcb62ff0ed2615e2cee09866908b37d84,4673700.0,Sem Info,0.9438874758528616,0.6914014761281043,947.0,224.1,0.92,0.00482,980.0,988.0,0.0,0.0,0.0,0.0,0.0,0.0,0.0,0.0,1.0,Baixo Risco
dd0b8d91b8175c04e6726749f72c0af6d9a5c3a183fe75276d1bf65bbf6ecb89,4781400.0,CE,0.7966340625142816,0.8530041727895563,826.0,244.7692307692308,0.84,0.0,974.0,988.0,0.0,0.0,0.0,0.0,0.0,0.0,0.0,0.0,1.0,Baixo Risco
5350c457ee6dde0b3c471acf29ade806f49111ca6fe00f7b454af8c091425207,2221800.0,SP,0.3689326953674987,0.8530041727895563,503.0,68.66666666666667,0.76,0.1431,939.0,988.0,0.0,0.0,0.0,0.0,0.0,0.0,0.0,0.0,1.0,Baixo Risco
efacacff9ca481a4ac3e2ae3395e4e1c6d82b6299420bf5d65b5a0512f5d0d58,4782201.0,SC,0.3721584744373227,0.8530041727895563,393.0,152.16666666666666,0.72,0.18706,369.0,981.0,0.0,0.0,0.0,0.0,0.0,0.0,0.0,0.0,1.0,Baixo Risco
c2e06da127ce7732d3e6f83d10a2459bc14e34341f02cd801fd7d34b3122483c,4771701.0,PR,0.9686168411560816,0.8530041727895563,959.0,249.2619047619048,0.98,0.15132,979.0,988.0,0.0,0.0,0.0,0.0,0.0,0.0,0.0,0.0,1.0,Baixo Risco
f78ce4464c569b84243ba4bda80844ede27cd213df6d335bed6e624479b44ea2,2532201.0,Sem Info,0.2411899930266361,0.7931548665917442,874.0,167.08219178082192,0.89,0.40312,974.0,989.0,2.0,5643.740000000001,5643.740000000001,0.0,0.0,0.0,0.0,34.0,1.0,Baixo Risco
a90dca58851848d766e287f0ca386d04fff9071dc0db27b20f86c3ccede659ff,4771701.0,PR,0.9874121249067692,0.8988418500383049,951.0,248.8095238095238,0.99,0.0092,983.0,989.0,0.0,0.0,0.0,0.0,0.0,0.0,0.0,0.0,1.0,Baixo Risco
3e65faacf356844b2d467e437346c76c2b228187c654715899b067f81960d75c,4771701.0,PR,0.9909717381168488,1.0,951.0,251.2058823529412,0.99,0.0,984.0,989.0,0.0,0.0,0.0,0.0,0.0,0.0,0.0,0.0,1.0,Baixo Risco
c5a48e1bac17633b2f54fe465d597297c7a6361d94cff1e7ec9f6db1da4e1830,4744099.0,SP,0.914166211612851,0.8740136737554883,815.0,138.72,0.96,0.00714,962.0,987.0,0.0,0.0,0.0,0.0,0.0,0.0,0.0,0.0,1.0,Baixo Risco
4bae399b430bfe1863d75d6177408fbc09d3dff6c5d70d2226891c2ec4b63120,2229301.0,SP,0.4148358221800976,0.8387175597404075,376.0,140.23076923076923,0.61,0.00942,222.0,976.0,1.0,36378.42,36378.42,0.0,0.0,0.0,0.0,28.0,1.0,Baixo Risco
6ed821591b49961d1cc3ace0d5ac2684a381f40d8c0647a7a439d8bb7fbb9d23,1092900.0,Sem Info,0.9330443915075396,0.820878230486015,939.0,219.58709677419355,0.95,0.01829,982.0,989.0,0.0,0.0,0.0,0.0,0.0,0.0,0.0,0.0,1.0,Baixo Risco
1b41640012e6bba14ec77e3e6fbc549358729653589fb19b6d1b25dec9f73dc5,4679699.0,SC,0.8375363885329243,0.9211831193520552,951.0,254.8985507246377,0.97,0.00117,981.0,988.0,0.0,0.0,0.0,0.0,0.0,0.0,0.0,0.0,1.0,Baixo Risco
f2a1b850907ee77b4abd83a23fbf6d34d26e57965a37ea1e1921f6e20ce2a660,2439300.0,RJ,0.9967004172192668,0.9555506786281004,961.0,320.5,0.99,0.0,982.0,988.0,4.0,256466.25,256466.25,0.5,0.5,0.0,0.0,45.75,1.0,Baixo Risco
d14e7d89347c3dd00292d7b2de95edfc1246d705b13a4936e312eb20300cb85a,4771701.0,PR,0.9638117576800248,0.8530041727895563,926.0,243.828125,0.99,0.02253,982.0,988.0,0.0,0.0,0.0,0.0,0.0,0.0,0.0,0.0,1.0,Baixo Risco
feced8a3a1b3b42ea12f8039a5512cfeed6d1a658ae67a21eaea18dcedc63192,4711302.0,SP,0.977136105895042,0.6436103355316949,898.0,262.9450549450549,0.96,0.00502,965.0,988.0,0.0,0.0,0.0,0.0,0.0,0.0,0.0,0.0,1.0,Baixo Risco
0ce103d09e3cd65e29a1a7a4a339e383df59b16fe013867db0add6cc5480331d,1813001.0,PR,0.6766840892678021,0.7278704168690926,573.0,109.9030303030303,0.81,0.24873,842.0,983.0,1.0,12890.13,13384.21,11.0,1.0,0.0,-494.0799999999999,116.0,1.0,Baixo Risco
c5804d56c76bab582d0a44d83c60f971b44e6e8a06c5eb42aa581177ed5c263a,2751100.0,PR,0.7677746738036058,0.8681747795295134,315.0,130.88010204081633,0.72,0.01829,842.0,988.0,1.0,13183.69,13183.69,0.0,0.0,0.0,0.0,58.0,1.0,Baixo Risco
7a9338e54692b86ceff1a15cda47da22c07de5495e07b1f8fa96b9a836253739,4771701.0,PR,0.9469896160900916,0.8530041727895563,846.0,150.23809523809524,0.92,0.11342,966.0,988.0,0.0,0.0,0.0,0.0,0.0,0.0,0.0,0.0,1.0,Baixo Risco
611b4653cb8b13060876b6fff7f7587b13c1199388c3d53634fc5e2efcd2714e,1063500.0,PR,0.318966197646243,0.9058699415944934,155.0,161.35403726708074,0.49,0.16435,191.0,977.0,1.0,86400.0,86400.0,0.0,0.0,0.0,0.0,37.0,1.0,Baixo Risco
7b11c7110093ef0a35756a1b0e6f338e4fd6225cc76e31b6c53a8273bd732c87,4634601.0,SC,0.5193570119259782,0.5445666176880237,585.0,80.18181818181819,0.77,0.04259,942.0,988.0,1.0,55315.06,55315.06,0.0,0.0,0.0,0.0,36.0,1.0,Baixo Risco
f08d8294cd3d5c3e39e63761c2d9d63c9148370bb48e62e1ce3edc52fab63353,8219999.0,SP,0.444651823571492,0.7837326908107576,554.0,147.86885245901638,0.84,0.09569,857.0,975.0,2.0,1602.97,1617.21,2.0,0.5,0.0,-14.240000000000009,56.5,1.0,Baixo Risco
c453275b0f3cc5fffbef48cef4d81deafd7e58c53f2efcbb498a98b32c234ca4,6202300.0,Sem Info,0.9964503338231608,0.8362885962241826,918.0,144.0,0.96,0.0,971.0,988.0,0.0,0.0,0.0,0.0,0.0,0.0,0.0,0.0,1.0,Baixo Risco
abdbcfbd972b3c0bd0a7011243655a6bc40c597d701c7f266b01160488c02a5d,2441501.0,PR,0.998519202718644,0.8530041727895563,952.0,247.5,0.96,0.0,981.0,989.0,0.0,0.0,0.0,0.0,0.0,0.0,0.0,0.0,1.0,Baixo Risco
a4ff1f37d5732775a3e209ba2608b49a4df67b71f484434653d3c81dd4ac7cb6,4771701.0,PR,0.9907594595054448,0.8530041727895563,935.0,225.0,0.97,0.0,981.0,988.0,0.0,0.0,0.0,0.0,0.0,0.0,0.0,0.0,1.0,Baixo Risco
5129d45543061c7e11ab91ff143a2167760d5af4597135269ca86141f531d868,2599399.0,PR,0.9603158489756032,0.9316534336756788,593.0,125.82352941176472,0.76,0.01832,941.0,988.0,1.0,64820.4,64820.4,0.0,0.0,0.0,0.0,20.0,1.0,Baixo Risco
ab228cce5016eb7f092af300f1d7d5066915d21f0cf3b8337a6b9fd3d61a91fd,4782201.0,MG,0.956838540470207,0.8530041727895563,863.0,133.56521739130434,0.96,0.22577,976.0,988.0,0.0,0.0,0.0,0.0,0.0,0.0,0.0,0.0,1.0,Baixo Risco
d303204435e9c20e951eca50e1d258db813f1805239e83f6dabfeb51b3308a8b,4711302.0,PR,0.934857571946864,0.9029809222321932,955.0,162.8743961352657,0.95,0.14258,980.0,989.0,0.0,0.0,0.0,0.0,0.0,0.0,0.0,0.0,1.0,Baixo Risco
3efa20394370aaa4e6b651c49e3f129393425d0d88c453772660fb750791640f,4744099.0,SC,0.8740678839165712,0.9170170871226988,951.0,229.31034482758625,0.96,0.0095,979.0,989.0,0.0,0.0,0.0,0.0,0.0,0.0,0.0,0.0,1.0,Baixo Risco
f5a658cad4060d76599d9e6f1619d584da719f2815f0a5cc7de379c1a19c61dc,4771701.0,PR,0.4556907567381539,0.8530041727895563,422.0,118.192,0.91,0.34169,32.0,920.0,0.0,0.0,0.0,0.0,0.0,0.0,0.0,0.0,1.0,Baixo Risco
91a7ec75f9f06c84a69db87a2fb4269541fd4d0640b861530b096aede447de70,4644301.0,SP,0.9679793641494628,0.9720903225178114,918.0,161.26,0.94,0.00093,982.0,988.0,37.0,11282.38,11300.31,0.40540540540540543,0.1891891891891892,0.0,-17.930000000000035,53.0,1.0,Baixo Risco
358d274c6f3273a4ff62ecc57b6af402e7eacc127e7fe1da3ca133eb6019a04e,2222600.0,SC,0.7670728301950642,0.9660435105738956,598.0,190.15384615384616,0.9,0.02479,972.0,988.0,0.0,0.0,0.0,0.0,0.0,0.0,0.0,0.0,1.0,Baixo Risco
b68f3340bd9062e8bd89a101e3dff94445e60f76be817bb841366491c47f35bb,4781400.0,SC,0.9779455808035856,0.8530041727895563,698.0,151.66666666666666,0.97,0.0,899.0,984.0,0.0,0.0,0.0,0.0,0.0,0.0,0.0,0.0,1.0,Baixo Risco
9a3c43623862b54a10da091d2f0fcc93eff62df6b7fbd322af53af25bd4de568,2814301.0,SC,0.962182456036892,0.9482793088390018,953.0,197.51195219123505,0.95,0.05167,979.0,989.0,0.0,0.0,0.0,0.0,0.0,0.0,0.0,0.0,1.0,Baixo Risco
b9c8b1f2050469be026c0f168560fe30a9dbabcec2ac51e48b23f703962b5249,4771701.0,PR,0.9820875192874728,1.0,950.0,250.26530612244895,0.99,0.0,979.0,988.0,0.0,0.0,0.0,0.0,0.0,0.0,0.0,0.0,1.0,Baixo Risco
3a904929f8166b01499a148d37d46d53b4a0bc56d100aa30fef22bb1ecf129f7,1531901.0,SC,0.8410152797522856,0.7999286359216984,952.0,235.1089108910891,0.94,0.31396,981.0,986.0,13.0,92830.26000000001,94940.01000000001,1.6923076923076923,0.46153846153846156,0.0,-2109.75,82.61538461538461,1.0,Baixo Risco
c404e0b18c2d09f68a7d7a7eb9e48c89611fffabeafba602a92bc15af9efc85f,4711302.0,SC,0.9780700607949392,0.9374131978880074,961.0,182.70967741935485,0.94,0.0,983.0,988.0,0.0,0.0,0.0,0.0,0.0,0.0,0.0,0.0,1.0,Baixo Risco
19f31edd13db3e803353492361408afe522ff80f9aa6abb0398f3da6b7994ecd,133407.0,SC,0.1379701253067725,0.8530041727895563,661.0,153.58333333333334,0.58,0.73518,625.0,974.0,1.0,23750.25,23750.25,0.0,0.0,0.0,0.0,45.0,1.0,Baixo Risco
a45e61f891fb39656b69bcd0fdb9fdd2f30f058f02d8d26bb58ded0406b121a4,4771701.0,PR,0.9793061991918992,0.8530041727895563,959.0,221.44444444444449,0.99,0.0,980.0,988.0,0.0,0.0,0.0,0.0,0.0,0.0,0.0,0.0,1.0,Baixo Risco
8865f1e0dc4a2a31384fd0bfd9842dcd5e2b3332098abb7ed02d9f50905c67e6,4686901.0,SC,0.9942994426273956,0.893203138399456,878.0,143.63636363636363,0.87,0.0,975.0,988.0,1.0,376.22,376.22,0.0,0.0,0.0,0.0,27.0,1.0,Baixo Risco
6af1d594dce8154b13da03ffc2f026bb2e84c5881e3ff9aa2d0b29d862fb348e,6821802.0,RS,0.8307681457719694,0.6844901428641561,739.0,123.29591836734694,0.9,0.00903,980.0,988.0,0.0,0.0,0.0,0.0,0.0,0.0,0.0,0.0,1.0,Baixo Risco
ee110e17a8051c897d5c8d8a2b4e218718e21d358656b243baf667514c3a9adf,1095300.0,Sem Info,0.5637788311536663,0.9130988359310744,592.0,78.70588235294117,0.84,0.23625,945.0,978.0,0.0,0.0,0.0,0.0,0.0,0.0,0.0,0.0,1.0,Baixo Risco
e4cf6d70994b58dbbccde77e576285334e04a621318fbb0882b094512c878729,4781400.0,SP,0.8170711727507753,0.8530041727895563,705.0,186.26315789473685,0.94,0.11023,902.0,985.0,0.0,0.0,0.0,0.0,0.0,0.0,0.0,0.0,1.0,Baixo Risco
a66ed80c652eadfc0995bf785fdafb9c64398fc69c045148e1eb4b7ca05384f6,7112000.0,SC,0.7213624223831179,1.0,928.0,156.46875,0.93,0.1611,979.0,989.0,0.0,0.0,0.0,0.0,0.0,0.0,0.0,0.0,1.0,Baixo Risco
ab4be243ba6584feb0cebc8bc2f27685e4b5af9c1ca383e34d877d3909921942,1733800.0,SP,0.8016134378915029,1.0,859.0,235.7027027027027,0.9,0.0,966.0,986.0,2.0,21463.57,21463.57,0.0,0.0,0.0,0.0,45.0,1.0,Baixo Risco
d714eaa52411c389e2bbe136b2178c44dd794fdf2c2bfc8f83844207ccae1ed5,4772500.0,SP,0.931092800730298,0.8530041727895563,944.0,215.36150234741783,0.95,0.00885,978.0,988.0,0.0,0.0,0.0,0.0,0.0,0.0,0.0,0.0,1.0,Baixo Risco
61d6a5ce372b0f8972f0f6f870b8252289b9e590fb3decd21c7b015b2e03c1e8,4781400.0,SP,0.7386506150703073,0.8530041727895563,576.0,145.16666666666666,0.88,0.44153,573.0,942.0,0.0,0.0,0.0,0.0,0.0,0.0,0.0,0.0,1.0,Baixo Risco
a5f3956c2686bed3fd6b274613bd1c02b59e59c1f4cfd8ce8bdf6eac650ef8ab,4771701.0,PR,0.9776392639114582,0.8530041727895563,934.0,149.0,0.98,0.0,981.0,986.0,0.0,0.0,0.0,0.0,0.0,0.0,0.0,0.0,1.0,Baixo Risco
3a338aed1ffe291adf6643c8da5a23e57dcde92c4fa6fa3e47b9e7c4c434d6a9,2071100.0,SC,0.947287559606824,0.889375375489371,952.0,190.40298507462688,0.95,0.00047,977.0,989.0,0.0,0.0,0.0,0.0,0.0,0.0,0.0,0.0,1.0,Baixo Risco
b82fe2818b8b87f191d352f1c0165e00c10e633cedde902d63431e6e1f722965,3104700.0,Sem Info,0.9824010688664284,0.862914528995395,958.0,196.1379310344828,0.96,0.0,979.0,989.0,5.0,211734.5,211734.5,0.0,0.0,0.0,0.0,121.6,1.0,Baixo Risco
46edcdc15b8f8400cdab7bd526cf4e7b770e9d3226b7a48b7a5291bf25e71686,4712100.0,RS,0.9432685571808472,0.8530041727895563,938.0,204.1290322580645,0.96,0.17069,970.0,989.0,0.0,0.0,0.0,0.0,0.0,0.0,0.0,0.0,1.0,Baixo Risco
